warning: method `access_key` is never used
   --> research/chr-integrated/../chr-compiled/src/generate.rs:229:8
    |
227 | impl Emit {
    | --------- method in this implementation
228 |     /// A key exists only when every source-pattern component is established.
229 |     fn access_key(&mut self, term: &Term) -> String {
    |        ^^^^^^^^^^
    |
    = note: `#[warn(dead_code)]` (part of `#[warn(unused)]`) on by default

warning: function `emit_access` is never used
   --> research/chr-integrated/../chr-compiled/src/generate.rs:255:8
    |
255 | pub fn emit_access(name: &str, rules: &[Rule]) -> Result<String, String> {
    |        ^^^^^^^^^^^

warning: function `update_columns` is never used
   --> research/chr-integrated/../chr-compiled/src/generate.rs:400:8
    |
400 | pub fn update_columns(rules: &[Rule]) -> BTreeMap<(String, usize), BTreeSet<usize>> {
    |        ^^^^^^^^^^^^^^

warning: `chr-integrated` (build script) generated 3 warnings
   Compiling chr-relational v0.1.0 (/home/ahart/Documents/CHRLang/research/chr-relational)
error[E0284]: type annotations needed for `Run<_>`
   --> research/chr-relational/tests/chr_constructors.rs:149:17
    |
149 |             let mut local = local::Run::default();
    |                 ^^^^^^^^^   ---------- type must be known at this point
    |
note: required by a const generic parameter in `Run`
   --> research/chr-relational/tests/support/local_ports.rs:153:16
    |
153 | pub struct Run<const METRICS: bool = true> {
    |                ^^^^^^^^^^^^^^^^^^^^^^^^^^ required by this const generic parameter in `Run`
help: consider giving `local` an explicit type, where the value of const parameter `METRICS` is specified
    |
149 |             let mut local: Run<METRICS> = local::Run::default();
    |                          ++++++++++++++

error[E0284]: type annotations needed for `Run<_>`
   --> research/chr-relational/tests/chr_constructors.rs:149:17
    |
149 |             let mut local = local::Run::default();
    |                 ^^^^^^^^^   ---------- type must be known at this point
    |
note: required for `Run<_>` to implement `Default`
   --> research/chr-relational/tests/support/local_ports.rs:153:12
    |
152 | #[derive(Clone, Default)]
    |                 ------- in this derive macro expansion
153 | pub struct Run<const METRICS: bool = true> {
    |            ^^^ -------------------------- type parameter would need to implement `Default`
    = help: consider manually implementing `Default` to avoid undesired bounds
help: consider giving `local` an explicit type, where the value of const parameter `METRICS` is specified
    |
149 |             let mut local: Run<METRICS> = local::Run::default();
    |                          ++++++++++++++

error[E0284]: type annotations needed for `Run<_>`
   --> research/chr-relational/tests/chr_constructors.rs:149:17
    |
149 |             let mut local = local::Run::default();
    |                 ^^^^^^^^^
150 |             let values = (0..n).map(|_| local.value()).collect::<Vec<_>>();
    |                                               ----- type must be known at this point
    |
note: required by a const generic parameter in `Run::<METRICS>::value`
   --> research/chr-relational/tests/support/local_ports.rs:173:6
    |
173 | impl<const METRICS: bool> Run<METRICS> {
    |      ^^^^^^^^^^^^^^^^^^^ required by this const generic parameter in `Run::<METRICS>::value`
...
206 |     pub fn value(&mut self) -> usize {
    |            ----- required by a bound in this associated function
help: consider giving `local` an explicit type, where the value of const parameter `METRICS` is specified
    |
149 |             let mut local: Run<METRICS> = local::Run::default();
    |                          ++++++++++++++

error[E0284]: type annotations needed for `Run<_>`
   --> research/chr-relational/tests/chr_constructors.rs:149:17
    |
149 |             let mut local = local::Run::default();
    |                 ^^^^^^^^^
...
154 |                     1 | 2 => local.describe(values[i], if kind == 1 { "a" } else { "b" }, vec![]),
    |                                    -------- type must be known at this point
    |
note: required by a const generic parameter in `Run::<METRICS>::describe`
   --> research/chr-relational/tests/support/local_ports.rs:173:6
    |
173 | impl<const METRICS: bool> Run<METRICS> {
    |      ^^^^^^^^^^^^^^^^^^^ required by this const generic parameter in `Run::<METRICS>::describe`
...
215 |     pub fn describe(&mut self, value: usize, name: &str, children: Vec<usize>) {
    |            -------- required by a bound in this associated function
help: consider giving `local` an explicit type, where the value of const parameter `METRICS` is specified
    |
149 |             let mut local: Run<METRICS> = local::Run::default();
    |                          ++++++++++++++

error[E0284]: type annotations needed for `Run<_>`
   --> research/chr-relational/tests/chr_constructors.rs:149:17
    |
149 |             let mut local = local::Run::default();
    |                 ^^^^^^^^^
...
155 |                     _ => local.describe(values[i], "f", vec![values[kind - 3]]),
    |                                -------- type must be known at this point
    |
note: required by a const generic parameter in `Run::<METRICS>::describe`
   --> research/chr-relational/tests/support/local_ports.rs:173:6
    |
173 | impl<const METRICS: bool> Run<METRICS> {
    |      ^^^^^^^^^^^^^^^^^^^ required by this const generic parameter in `Run::<METRICS>::describe`
...
215 |     pub fn describe(&mut self, value: usize, name: &str, children: Vec<usize>) {
    |            -------- required by a bound in this associated function
help: consider giving `local` an explicit type, where the value of const parameter `METRICS` is specified
    |
149 |             let mut local: Run<METRICS> = local::Run::default();
    |                          ++++++++++++++

error[E0284]: type annotations needed for `Run<_>`
   --> research/chr-relational/tests/chr_constructors.rs:149:17
    |
149 |             let mut local = local::Run::default();
    |                 ^^^^^^^^^
...
159 |                 local.equate(values[union / 3], values[union % 3]);
    |                       ------ type must be known at this point
    |
note: required by a const generic parameter in `Run::<METRICS>::equate`
   --> research/chr-relational/tests/support/local_ports.rs:173:6
    |
173 | impl<const METRICS: bool> Run<METRICS> {
    |      ^^^^^^^^^^^^^^^^^^^ required by this const generic parameter in `Run::<METRICS>::equate`
...
223 |     pub fn equate(&mut self, left: usize, right: usize) {
    |            ------ required by a bound in this associated function
help: consider giving `local` an explicit type, where the value of const parameter `METRICS` is specified
    |
149 |             let mut local: Run<METRICS> = local::Run::default();
    |                          ++++++++++++++

error[E0284]: type annotations needed for `Run<_>`
   --> research/chr-relational/tests/chr_constructors.rs:149:17
    |
149 |             let mut local = local::Run::default();
    |                 ^^^^^^^^^
...
161 |             local.settle();
    |                   ------ type must be known at this point
    |
note: required by a const generic parameter in `Run::<METRICS>::settle`
   --> research/chr-relational/tests/support/local_ports.rs:173:6
    |
173 | impl<const METRICS: bool> Run<METRICS> {
    |      ^^^^^^^^^^^^^^^^^^^ required by this const generic parameter in `Run::<METRICS>::settle`
...
664 |     pub fn settle(&mut self) {
    |            ------ required by a bound in this associated function
help: consider giving `local` an explicit type, where the value of const parameter `METRICS` is specified
    |
149 |             let mut local: Run<METRICS> = local::Run::default();
    |                          ++++++++++++++

error[E0284]: type annotations needed for `Run<_>`
   --> research/chr-relational/tests/chr_constructors.rs:149:17
    |
149 |             let mut local = local::Run::default();
    |                 ^^^^^^^^^
...
163 |                 local.answer(&values).into_iter().collect(),
    |                       ------ type must be known at this point
    |
note: required by a const generic parameter in `Run::<METRICS>::answer`
   --> research/chr-relational/tests/support/local_ports.rs:173:6
    |
173 | impl<const METRICS: bool> Run<METRICS> {
    |      ^^^^^^^^^^^^^^^^^^^ required by this const generic parameter in `Run::<METRICS>::answer`
...
740 |     pub fn answer(&self, outputs: &[usize]) -> Option<Answer> {
    |            ------ required by a bound in this associated function
help: consider giving `local` an explicit type, where the value of const parameter `METRICS` is specified
    |
149 |             let mut local: Run<METRICS> = local::Run::default();
    |                          ++++++++++++++

error[E0284]: type annotations needed for `Run<_>`
   --> research/chr-relational/tests/chr_constructors.rs:221:13
    |
221 |         let mut local = local::Run::default();
    |             ^^^^^^^^^   ---------- type must be known at this point
    |
note: required by a const generic parameter in `Run`
   --> research/chr-relational/tests/support/local_ports.rs:153:16
    |
153 | pub struct Run<const METRICS: bool = true> {
    |                ^^^^^^^^^^^^^^^^^^^^^^^^^^ required by this const generic parameter in `Run`
help: consider giving `local` an explicit type, where the value of const parameter `METRICS` is specified
    |
221 |         let mut local: Run<METRICS> = local::Run::default();
    |                      ++++++++++++++

error[E0284]: type annotations needed for `Run<_>`
   --> research/chr-relational/tests/chr_constructors.rs:221:13
    |
221 |         let mut local = local::Run::default();
    |             ^^^^^^^^^   ---------- type must be known at this point
    |
note: required for `Run<_>` to implement `Default`
   --> research/chr-relational/tests/support/local_ports.rs:153:12
    |
152 | #[derive(Clone, Default)]
    |                 ------- in this derive macro expansion
153 | pub struct Run<const METRICS: bool = true> {
    |            ^^^ -------------------------- type parameter would need to implement `Default`
    = help: consider manually implementing `Default` to avoid undesired bounds
help: consider giving `local` an explicit type, where the value of const parameter `METRICS` is specified
    |
221 |         let mut local: Run<METRICS> = local::Run::default();
    |                      ++++++++++++++

error[E0284]: type annotations needed for `Run<_>`
   --> research/chr-relational/tests/chr_constructors.rs:221:13
    |
221 |         let mut local = local::Run::default();
    |             ^^^^^^^^^
222 |         let values = (0..3).map(|_| local.value()).collect::<Vec<_>>();
    |                                           ----- type must be known at this point
    |
note: required by a const generic parameter in `Run::<METRICS>::value`
   --> research/chr-relational/tests/support/local_ports.rs:173:6
    |
173 | impl<const METRICS: bool> Run<METRICS> {
    |      ^^^^^^^^^^^^^^^^^^^ required by this const generic parameter in `Run::<METRICS>::value`
...
206 |     pub fn value(&mut self) -> usize {
    |            ----- required by a bound in this associated function
help: consider giving `local` an explicit type, where the value of const parameter `METRICS` is specified
    |
221 |         let mut local: Run<METRICS> = local::Run::default();
    |                      ++++++++++++++

error[E0284]: type annotations needed for `Run<_>`
   --> research/chr-relational/tests/chr_constructors.rs:221:13
    |
221 |         let mut local = local::Run::default();
    |             ^^^^^^^^^
222 |         let values = (0..3).map(|_| local.value()).collect::<Vec<_>>();
223 |         local.post(&take_plan(), values[0], values[1]);
    |               ---- type must be known at this point
    |
note: required by a const generic parameter in `Run::<METRICS>::post`
   --> research/chr-relational/tests/support/local_ports.rs:173:6
    |
173 | impl<const METRICS: bool> Run<METRICS> {
    |      ^^^^^^^^^^^^^^^^^^^ required by this const generic parameter in `Run::<METRICS>::post`
...
226 |     pub fn post(&mut self, plan: &Arc<Plan>, input: usize, output: usize) {
    |            ---- required by a bound in this associated function
help: consider giving `local` an explicit type, where the value of const parameter `METRICS` is specified
    |
221 |         let mut local: Run<METRICS> = local::Run::default();
    |                      ++++++++++++++

error[E0284]: type annotations needed for `Run<_>`
   --> research/chr-relational/tests/chr_constructors.rs:221:13
    |
221 |         let mut local = local::Run::default();
    |             ^^^^^^^^^
...
224 |         local.post(&take_plan(), values[1], values[2]);
    |               ---- type must be known at this point
    |
note: required by a const generic parameter in `Run::<METRICS>::post`
   --> research/chr-relational/tests/support/local_ports.rs:173:6
    |
173 | impl<const METRICS: bool> Run<METRICS> {
    |      ^^^^^^^^^^^^^^^^^^^ required by this const generic parameter in `Run::<METRICS>::post`
...
226 |     pub fn post(&mut self, plan: &Arc<Plan>, input: usize, output: usize) {
    |            ---- required by a bound in this associated function
help: consider giving `local` an explicit type, where the value of const parameter `METRICS` is specified
    |
221 |         let mut local: Run<METRICS> = local::Run::default();
    |                      ++++++++++++++

error[E0284]: type annotations needed for `Run<_>`
   --> research/chr-relational/tests/chr_constructors.rs:221:13
    |
221 |         let mut local = local::Run::default();
    |             ^^^^^^^^^
...
226 |             local.token();
    |                   ----- type must be known at this point
    |
note: required by a const generic parameter in `Run::<METRICS>::token`
   --> research/chr-relational/tests/support/local_ports.rs:173:6
    |
173 | impl<const METRICS: bool> Run<METRICS> {
    |      ^^^^^^^^^^^^^^^^^^^ required by this const generic parameter in `Run::<METRICS>::token`
...
239 |     pub fn token(&mut self) {
    |            ----- required by a bound in this associated function
help: consider giving `local` an explicit type, where the value of const parameter `METRICS` is specified
    |
221 |         let mut local: Run<METRICS> = local::Run::default();
    |                      ++++++++++++++

error[E0284]: type annotations needed for `Run<_>`
   --> research/chr-relational/tests/chr_constructors.rs:221:13
    |
221 |         let mut local = local::Run::default();
    |             ^^^^^^^^^
...
228 |         local.settle(); // Both requests suspend before constructor information.
    |               ------ type must be known at this point
    |
note: required by a const generic parameter in `Run::<METRICS>::settle`
   --> research/chr-relational/tests/support/local_ports.rs:173:6
    |
173 | impl<const METRICS: bool> Run<METRICS> {
    |      ^^^^^^^^^^^^^^^^^^^ required by this const generic parameter in `Run::<METRICS>::settle`
...
664 |     pub fn settle(&mut self) {
    |            ------ required by a bound in this associated function
help: consider giving `local` an explicit type, where the value of const parameter `METRICS` is specified
    |
221 |         let mut local: Run<METRICS> = local::Run::default();
    |                      ++++++++++++++

error[E0284]: type annotations needed for `Run<_>`
   --> research/chr-relational/tests/chr_constructors.rs:221:13
    |
221 |         let mut local = local::Run::default();
    |             ^^^^^^^^^
...
230 |         let mid = local.value();
    |                         ----- type must be known at this point
    |
note: required by a const generic parameter in `Run::<METRICS>::value`
   --> research/chr-relational/tests/support/local_ports.rs:173:6
    |
173 | impl<const METRICS: bool> Run<METRICS> {
    |      ^^^^^^^^^^^^^^^^^^^ required by this const generic parameter in `Run::<METRICS>::value`
...
206 |     pub fn value(&mut self) -> usize {
    |            ----- required by a bound in this associated function
help: consider giving `local` an explicit type, where the value of const parameter `METRICS` is specified
    |
221 |         let mut local: Run<METRICS> = local::Run::default();
    |                      ++++++++++++++

error[E0284]: type annotations needed for `Run<_>`
   --> research/chr-relational/tests/chr_constructors.rs:221:13
    |
221 |         let mut local = local::Run::default();
    |             ^^^^^^^^^
...
231 |         let leaf = local.value();
    |                          ----- type must be known at this point
    |
note: required by a const generic parameter in `Run::<METRICS>::value`
   --> research/chr-relational/tests/support/local_ports.rs:173:6
    |
173 | impl<const METRICS: bool> Run<METRICS> {
    |      ^^^^^^^^^^^^^^^^^^^ required by this const generic parameter in `Run::<METRICS>::value`
...
206 |     pub fn value(&mut self) -> usize {
    |            ----- required by a bound in this associated function
help: consider giving `local` an explicit type, where the value of const parameter `METRICS` is specified
    |
221 |         let mut local: Run<METRICS> = local::Run::default();
    |                      ++++++++++++++

error[E0284]: type annotations needed for `Run<_>`
   --> research/chr-relational/tests/chr_constructors.rs:221:13
    |
221 |         let mut local = local::Run::default();
    |             ^^^^^^^^^
...
232 |         local.describe(leaf, "a", vec![]);
    |               -------- type must be known at this point
    |
note: required by a const generic parameter in `Run::<METRICS>::describe`
   --> research/chr-relational/tests/support/local_ports.rs:173:6
    |
173 | impl<const METRICS: bool> Run<METRICS> {
    |      ^^^^^^^^^^^^^^^^^^^ required by this const generic parameter in `Run::<METRICS>::describe`
...
215 |     pub fn describe(&mut self, value: usize, name: &str, children: Vec<usize>) {
    |            -------- required by a bound in this associated function
help: consider giving `local` an explicit type, where the value of const parameter `METRICS` is specified
    |
221 |         let mut local: Run<METRICS> = local::Run::default();
    |                      ++++++++++++++

error[E0284]: type annotations needed for `Run<_>`
   --> research/chr-relational/tests/chr_constructors.rs:221:13
    |
221 |         let mut local = local::Run::default();
    |             ^^^^^^^^^
...
233 |         local.describe(mid, "f", vec![leaf]);
    |               -------- type must be known at this point
    |
note: required by a const generic parameter in `Run::<METRICS>::describe`
   --> research/chr-relational/tests/support/local_ports.rs:173:6
    |
173 | impl<const METRICS: bool> Run<METRICS> {
    |      ^^^^^^^^^^^^^^^^^^^ required by this const generic parameter in `Run::<METRICS>::describe`
...
215 |     pub fn describe(&mut self, value: usize, name: &str, children: Vec<usize>) {
    |            -------- required by a bound in this associated function
help: consider giving `local` an explicit type, where the value of const parameter `METRICS` is specified
    |
221 |         let mut local: Run<METRICS> = local::Run::default();
    |                      ++++++++++++++

error[E0284]: type annotations needed for `Run<_>`
   --> research/chr-relational/tests/chr_constructors.rs:221:13
    |
221 |         let mut local = local::Run::default();
    |             ^^^^^^^^^
...
234 |         local.describe(values[0], "f", vec![mid]);
    |               -------- type must be known at this point
    |
note: required by a const generic parameter in `Run::<METRICS>::describe`
   --> research/chr-relational/tests/support/local_ports.rs:173:6
    |
173 | impl<const METRICS: bool> Run<METRICS> {
    |      ^^^^^^^^^^^^^^^^^^^ required by this const generic parameter in `Run::<METRICS>::describe`
...
215 |     pub fn describe(&mut self, value: usize, name: &str, children: Vec<usize>) {
    |            -------- required by a bound in this associated function
help: consider giving `local` an explicit type, where the value of const parameter `METRICS` is specified
    |
221 |         let mut local: Run<METRICS> = local::Run::default();
    |                      ++++++++++++++

error[E0284]: type annotations needed for `Run<_>`
   --> research/chr-relational/tests/chr_constructors.rs:221:13
    |
221 |         let mut local = local::Run::default();
    |             ^^^^^^^^^
...
235 |         local.settle();
    |               ------ type must be known at this point
    |
note: required by a const generic parameter in `Run::<METRICS>::settle`
   --> research/chr-relational/tests/support/local_ports.rs:173:6
    |
173 | impl<const METRICS: bool> Run<METRICS> {
    |      ^^^^^^^^^^^^^^^^^^^ required by this const generic parameter in `Run::<METRICS>::settle`
...
664 |     pub fn settle(&mut self) {
    |            ------ required by a bound in this associated function
help: consider giving `local` an explicit type, where the value of const parameter `METRICS` is specified
    |
221 |         let mut local: Run<METRICS> = local::Run::default();
    |                      ++++++++++++++

error[E0284]: type annotations needed for `Run<_>`
   --> research/chr-relational/tests/chr_constructors.rs:221:13
    |
221 |         let mut local = local::Run::default();
    |             ^^^^^^^^^
...
238 |             local.answer(&values).into_iter().collect(),
    |                   ------ type must be known at this point
    |
note: required by a const generic parameter in `Run::<METRICS>::answer`
   --> research/chr-relational/tests/support/local_ports.rs:173:6
    |
173 | impl<const METRICS: bool> Run<METRICS> {
    |      ^^^^^^^^^^^^^^^^^^^ required by this const generic parameter in `Run::<METRICS>::answer`
...
740 |     pub fn answer(&self, outputs: &[usize]) -> Option<Answer> {
    |            ------ required by a bound in this associated function
help: consider giving `local` an explicit type, where the value of const parameter `METRICS` is specified
    |
221 |         let mut local: Run<METRICS> = local::Run::default();
    |                      ++++++++++++++

error[E0284]: type annotations needed for `Run<_>`
   --> research/chr-relational/tests/chr_constructors.rs:406:13
    |
406 |         let mut local = local::Run::default();
    |             ^^^^^^^^^   ---------- type must be known at this point
    |
note: required by a const generic parameter in `Run`
   --> research/chr-relational/tests/support/local_ports.rs:153:16
    |
153 | pub struct Run<const METRICS: bool = true> {
    |                ^^^^^^^^^^^^^^^^^^^^^^^^^^ required by this const generic parameter in `Run`
help: consider giving `local` an explicit type, where the value of const parameter `METRICS` is specified
    |
406 |         let mut local: Run<METRICS> = local::Run::default();
    |                      ++++++++++++++

error[E0284]: type annotations needed for `Run<_>`
   --> research/chr-relational/tests/chr_constructors.rs:406:13
    |
406 |         let mut local = local::Run::default();
    |             ^^^^^^^^^   ---------- type must be known at this point
    |
note: required for `Run<_>` to implement `Default`
   --> research/chr-relational/tests/support/local_ports.rs:153:12
    |
152 | #[derive(Clone, Default)]
    |                 ------- in this derive macro expansion
153 | pub struct Run<const METRICS: bool = true> {
    |            ^^^ -------------------------- type parameter would need to implement `Default`
    = help: consider manually implementing `Default` to avoid undesired bounds
help: consider giving `local` an explicit type, where the value of const parameter `METRICS` is specified
    |
406 |         let mut local: Run<METRICS> = local::Run::default();
    |                      ++++++++++++++

error[E0284]: type annotations needed for `Run<_>`
   --> research/chr-relational/tests/chr_constructors.rs:406:13
    |
406 |         let mut local = local::Run::default();
    |             ^^^^^^^^^
407 |         let values = (0..6).map(|_| local.value()).collect::<Vec<_>>();
    |                                           ----- type must be known at this point
    |
note: required by a const generic parameter in `Run::<METRICS>::value`
   --> research/chr-relational/tests/support/local_ports.rs:173:6
    |
173 | impl<const METRICS: bool> Run<METRICS> {
    |      ^^^^^^^^^^^^^^^^^^^ required by this const generic parameter in `Run::<METRICS>::value`
...
206 |     pub fn value(&mut self) -> usize {
    |            ----- required by a bound in this associated function
help: consider giving `local` an explicit type, where the value of const parameter `METRICS` is specified
    |
406 |         let mut local: Run<METRICS> = local::Run::default();
    |                      ++++++++++++++

error[E0284]: type annotations needed for `Run<_>`
   --> research/chr-relational/tests/chr_constructors.rs:406:13
    |
406 |         let mut local = local::Run::default();
    |             ^^^^^^^^^
407 |         let values = (0..6).map(|_| local.value()).collect::<Vec<_>>();
408 |         local.describe(values[4], "a", vec![]);
    |               -------- type must be known at this point
    |
note: required by a const generic parameter in `Run::<METRICS>::describe`
   --> research/chr-relational/tests/support/local_ports.rs:173:6
    |
173 | impl<const METRICS: bool> Run<METRICS> {
    |      ^^^^^^^^^^^^^^^^^^^ required by this const generic parameter in `Run::<METRICS>::describe`
...
215 |     pub fn describe(&mut self, value: usize, name: &str, children: Vec<usize>) {
    |            -------- required by a bound in this associated function
help: consider giving `local` an explicit type, where the value of const parameter `METRICS` is specified
    |
406 |         let mut local: Run<METRICS> = local::Run::default();
    |                      ++++++++++++++

error[E0284]: type annotations needed for `Run<_>`
   --> research/chr-relational/tests/chr_constructors.rs:406:13
    |
406 |         let mut local = local::Run::default();
    |             ^^^^^^^^^
...
409 |         local.describe(values[5], "b", vec![]);
    |               -------- type must be known at this point
    |
note: required by a const generic parameter in `Run::<METRICS>::describe`
   --> research/chr-relational/tests/support/local_ports.rs:173:6
    |
173 | impl<const METRICS: bool> Run<METRICS> {
    |      ^^^^^^^^^^^^^^^^^^^ required by this const generic parameter in `Run::<METRICS>::describe`
...
215 |     pub fn describe(&mut self, value: usize, name: &str, children: Vec<usize>) {
    |            -------- required by a bound in this associated function
help: consider giving `local` an explicit type, where the value of const parameter `METRICS` is specified
    |
406 |         let mut local: Run<METRICS> = local::Run::default();
    |                      ++++++++++++++

error[E0284]: type annotations needed for `Run<_>`
   --> research/chr-relational/tests/chr_constructors.rs:406:13
    |
406 |         let mut local = local::Run::default();
    |             ^^^^^^^^^
...
410 |         local.describe(values[0], "f", vec![values[4]]);
    |               -------- type must be known at this point
    |
note: required by a const generic parameter in `Run::<METRICS>::describe`
   --> research/chr-relational/tests/support/local_ports.rs:173:6
    |
173 | impl<const METRICS: bool> Run<METRICS> {
    |      ^^^^^^^^^^^^^^^^^^^ required by this const generic parameter in `Run::<METRICS>::describe`
...
215 |     pub fn describe(&mut self, value: usize, name: &str, children: Vec<usize>) {
    |            -------- required by a bound in this associated function
help: consider giving `local` an explicit type, where the value of const parameter `METRICS` is specified
    |
406 |         let mut local: Run<METRICS> = local::Run::default();
    |                      ++++++++++++++

error[E0284]: type annotations needed for `Run<_>`
   --> research/chr-relational/tests/chr_constructors.rs:406:13
    |
406 |         let mut local = local::Run::default();
    |             ^^^^^^^^^
...
411 |         local.describe(values[2], "f", vec![values[5]]);
    |               -------- type must be known at this point
    |
note: required by a const generic parameter in `Run::<METRICS>::describe`
   --> research/chr-relational/tests/support/local_ports.rs:173:6
    |
173 | impl<const METRICS: bool> Run<METRICS> {
    |      ^^^^^^^^^^^^^^^^^^^ required by this const generic parameter in `Run::<METRICS>::describe`
...
215 |     pub fn describe(&mut self, value: usize, name: &str, children: Vec<usize>) {
    |            -------- required by a bound in this associated function
help: consider giving `local` an explicit type, where the value of const parameter `METRICS` is specified
    |
406 |         let mut local: Run<METRICS> = local::Run::default();
    |                      ++++++++++++++

error[E0284]: type annotations needed for `Run<_>`
   --> research/chr-relational/tests/chr_constructors.rs:406:13
    |
406 |         let mut local = local::Run::default();
    |             ^^^^^^^^^
...
413 |             local.post(&take_plan(), values[i], values[i + 1]);
    |                   ---- type must be known at this point
    |
note: required by a const generic parameter in `Run::<METRICS>::post`
   --> research/chr-relational/tests/support/local_ports.rs:173:6
    |
173 | impl<const METRICS: bool> Run<METRICS> {
    |      ^^^^^^^^^^^^^^^^^^^ required by this const generic parameter in `Run::<METRICS>::post`
...
226 |     pub fn post(&mut self, plan: &Arc<Plan>, input: usize, output: usize) {
    |            ---- required by a bound in this associated function
help: consider giving `local` an explicit type, where the value of const parameter `METRICS` is specified
    |
406 |         let mut local: Run<METRICS> = local::Run::default();
    |                      ++++++++++++++

error[E0284]: type annotations needed for `Run<_>`
   --> research/chr-relational/tests/chr_constructors.rs:406:13
    |
406 |         let mut local = local::Run::default();
    |             ^^^^^^^^^
...
415 |         local.token();
    |               ----- type must be known at this point
    |
note: required by a const generic parameter in `Run::<METRICS>::token`
   --> research/chr-relational/tests/support/local_ports.rs:173:6
    |
173 | impl<const METRICS: bool> Run<METRICS> {
    |      ^^^^^^^^^^^^^^^^^^^ required by this const generic parameter in `Run::<METRICS>::token`
...
239 |     pub fn token(&mut self) {
    |            ----- required by a bound in this associated function
help: consider giving `local` an explicit type, where the value of const parameter `METRICS` is specified
    |
406 |         let mut local: Run<METRICS> = local::Run::default();
    |                      ++++++++++++++

error[E0284]: type annotations needed for `Run<_>`
   --> research/chr-relational/tests/chr_constructors.rs:406:13
    |
406 |         let mut local = local::Run::default();
    |             ^^^^^^^^^
...
416 |         local.settle();
    |               ------ type must be known at this point
    |
note: required by a const generic parameter in `Run::<METRICS>::settle`
   --> research/chr-relational/tests/support/local_ports.rs:173:6
    |
173 | impl<const METRICS: bool> Run<METRICS> {
    |      ^^^^^^^^^^^^^^^^^^^ required by this const generic parameter in `Run::<METRICS>::settle`
...
664 |     pub fn settle(&mut self) {
    |            ------ required by a bound in this associated function
help: consider giving `local` an explicit type, where the value of const parameter `METRICS` is specified
    |
406 |         let mut local: Run<METRICS> = local::Run::default();
    |                      ++++++++++++++

error[E0284]: type annotations needed for `Run<_>`
   --> research/chr-relational/tests/chr_constructors.rs:406:13
    |
406 |         let mut local = local::Run::default();
    |             ^^^^^^^^^
...
417 |         let mut answer = local.answer(&[values[1], values[3]]).unwrap();
    |                                ------ type must be known at this point
    |
note: required by a const generic parameter in `Run::<METRICS>::answer`
   --> research/chr-relational/tests/support/local_ports.rs:173:6
    |
173 | impl<const METRICS: bool> Run<METRICS> {
    |      ^^^^^^^^^^^^^^^^^^^ required by this const generic parameter in `Run::<METRICS>::answer`
...
740 |     pub fn answer(&self, outputs: &[usize]) -> Option<Answer> {
    |            ------ required by a bound in this associated function
help: consider giving `local` an explicit type, where the value of const parameter `METRICS` is specified
    |
406 |         let mut local: Run<METRICS> = local::Run::default();
    |                      ++++++++++++++

error[E0284]: type annotations needed for `Run<_>`
   --> research/chr-relational/tests/chr_constructors.rs:530:13
    |
530 |         let mut run = local::Run::default();
    |             ^^^^^^^   ---------- type must be known at this point
    |
note: required by a const generic parameter in `Run`
   --> research/chr-relational/tests/support/local_ports.rs:153:16
    |
153 | pub struct Run<const METRICS: bool = true> {
    |                ^^^^^^^^^^^^^^^^^^^^^^^^^^ required by this const generic parameter in `Run`
help: consider giving `run` an explicit type, where the value of const parameter `METRICS` is specified
    |
530 |         let mut run: Run<METRICS> = local::Run::default();
    |                    ++++++++++++++

error[E0284]: type annotations needed for `Run<_>`
   --> research/chr-relational/tests/chr_constructors.rs:530:13
    |
530 |         let mut run = local::Run::default();
    |             ^^^^^^^   ---------- type must be known at this point
    |
note: required for `Run<_>` to implement `Default`
   --> research/chr-relational/tests/support/local_ports.rs:153:12
    |
152 | #[derive(Clone, Default)]
    |                 ------- in this derive macro expansion
153 | pub struct Run<const METRICS: bool = true> {
    |            ^^^ -------------------------- type parameter would need to implement `Default`
    = help: consider manually implementing `Default` to avoid undesired bounds
help: consider giving `run` an explicit type, where the value of const parameter `METRICS` is specified
    |
530 |         let mut run: Run<METRICS> = local::Run::default();
    |                    ++++++++++++++

error[E0284]: type annotations needed for `Run<_>`
   --> research/chr-relational/tests/chr_constructors.rs:530:13
    |
530 |         let mut run = local::Run::default();
    |             ^^^^^^^
531 |         let target = run.value();
    |                          ----- type must be known at this point
    |
note: required by a const generic parameter in `Run::<METRICS>::value`
   --> research/chr-relational/tests/support/local_ports.rs:173:6
    |
173 | impl<const METRICS: bool> Run<METRICS> {
    |      ^^^^^^^^^^^^^^^^^^^ required by this const generic parameter in `Run::<METRICS>::value`
...
206 |     pub fn value(&mut self) -> usize {
    |            ----- required by a bound in this associated function
help: consider giving `run` an explicit type, where the value of const parameter `METRICS` is specified
    |
530 |         let mut run: Run<METRICS> = local::Run::default();
    |                    ++++++++++++++

error[E0284]: type annotations needed for `Run<_>`
   --> research/chr-relational/tests/chr_constructors.rs:530:13
    |
530 |         let mut run = local::Run::default();
    |             ^^^^^^^
531 |         let target = run.value();
532 |         let result = run.value();
    |                          ----- type must be known at this point
    |
note: required by a const generic parameter in `Run::<METRICS>::value`
   --> research/chr-relational/tests/support/local_ports.rs:173:6
    |
173 | impl<const METRICS: bool> Run<METRICS> {
    |      ^^^^^^^^^^^^^^^^^^^ required by this const generic parameter in `Run::<METRICS>::value`
...
206 |     pub fn value(&mut self) -> usize {
    |            ----- required by a bound in this associated function
help: consider giving `run` an explicit type, where the value of const parameter `METRICS` is specified
    |
530 |         let mut run: Run<METRICS> = local::Run::default();
    |                    ++++++++++++++

error[E0284]: type annotations needed for `Run<_>`
   --> research/chr-relational/tests/chr_constructors.rs:530:13
    |
530 |         let mut run = local::Run::default();
    |             ^^^^^^^
...
533 |         run.post(&take_plan(), target, result);
    |             ---- type must be known at this point
    |
note: required by a const generic parameter in `Run::<METRICS>::post`
   --> research/chr-relational/tests/support/local_ports.rs:173:6
    |
173 | impl<const METRICS: bool> Run<METRICS> {
    |      ^^^^^^^^^^^^^^^^^^^ required by this const generic parameter in `Run::<METRICS>::post`
...
226 |     pub fn post(&mut self, plan: &Arc<Plan>, input: usize, output: usize) {
    |            ---- required by a bound in this associated function
help: consider giving `run` an explicit type, where the value of const parameter `METRICS` is specified
    |
530 |         let mut run: Run<METRICS> = local::Run::default();
    |                    ++++++++++++++

error[E0284]: type annotations needed for `Run<_>`
   --> research/chr-relational/tests/chr_constructors.rs:530:13
    |
530 |         let mut run = local::Run::default();
    |             ^^^^^^^
...
535 |             let a = run.value();
    |                         ----- type must be known at this point
    |
note: required by a const generic parameter in `Run::<METRICS>::value`
   --> research/chr-relational/tests/support/local_ports.rs:173:6
    |
173 | impl<const METRICS: bool> Run<METRICS> {
    |      ^^^^^^^^^^^^^^^^^^^ required by this const generic parameter in `Run::<METRICS>::value`
...
206 |     pub fn value(&mut self) -> usize {
    |            ----- required by a bound in this associated function
help: consider giving `run` an explicit type, where the value of const parameter `METRICS` is specified
    |
530 |         let mut run: Run<METRICS> = local::Run::default();
    |                    ++++++++++++++

error[E0284]: type annotations needed for `Run<_>`
   --> research/chr-relational/tests/chr_constructors.rs:530:13
    |
530 |         let mut run = local::Run::default();
    |             ^^^^^^^
...
536 |             let b = run.value();
    |                         ----- type must be known at this point
    |
note: required by a const generic parameter in `Run::<METRICS>::value`
   --> research/chr-relational/tests/support/local_ports.rs:173:6
    |
173 | impl<const METRICS: bool> Run<METRICS> {
    |      ^^^^^^^^^^^^^^^^^^^ required by this const generic parameter in `Run::<METRICS>::value`
...
206 |     pub fn value(&mut self) -> usize {
    |            ----- required by a bound in this associated function
help: consider giving `run` an explicit type, where the value of const parameter `METRICS` is specified
    |
530 |         let mut run: Run<METRICS> = local::Run::default();
    |                    ++++++++++++++

error[E0284]: type annotations needed for `Run<_>`
   --> research/chr-relational/tests/chr_constructors.rs:530:13
    |
530 |         let mut run = local::Run::default();
    |             ^^^^^^^
...
537 |             run.post(&take_plan(), a, b);
    |                 ---- type must be known at this point
    |
note: required by a const generic parameter in `Run::<METRICS>::post`
   --> research/chr-relational/tests/support/local_ports.rs:173:6
    |
173 | impl<const METRICS: bool> Run<METRICS> {
    |      ^^^^^^^^^^^^^^^^^^^ required by this const generic parameter in `Run::<METRICS>::post`
...
226 |     pub fn post(&mut self, plan: &Arc<Plan>, input: usize, output: usize) {
    |            ---- required by a bound in this associated function
help: consider giving `run` an explicit type, where the value of const parameter `METRICS` is specified
    |
530 |         let mut run: Run<METRICS> = local::Run::default();
    |                    ++++++++++++++

error[E0284]: type annotations needed for `Run<_>`
   --> research/chr-relational/tests/chr_constructors.rs:530:13
    |
530 |         let mut run = local::Run::default();
    |             ^^^^^^^
...
539 |         run.token();
    |             ----- type must be known at this point
    |
note: required by a const generic parameter in `Run::<METRICS>::token`
   --> research/chr-relational/tests/support/local_ports.rs:173:6
    |
173 | impl<const METRICS: bool> Run<METRICS> {
    |      ^^^^^^^^^^^^^^^^^^^ required by this const generic parameter in `Run::<METRICS>::token`
...
239 |     pub fn token(&mut self) {
    |            ----- required by a bound in this associated function
help: consider giving `run` an explicit type, where the value of const parameter `METRICS` is specified
    |
530 |         let mut run: Run<METRICS> = local::Run::default();
    |                    ++++++++++++++

error[E0284]: type annotations needed for `Run<_>`
   --> research/chr-relational/tests/chr_constructors.rs:530:13
    |
530 |         let mut run = local::Run::default();
    |             ^^^^^^^
...
540 |         run.settle();
    |             ------ type must be known at this point
    |
note: required by a const generic parameter in `Run::<METRICS>::settle`
   --> research/chr-relational/tests/support/local_ports.rs:173:6
    |
173 | impl<const METRICS: bool> Run<METRICS> {
    |      ^^^^^^^^^^^^^^^^^^^ required by this const generic parameter in `Run::<METRICS>::settle`
...
664 |     pub fn settle(&mut self) {
    |            ------ required by a bound in this associated function
help: consider giving `run` an explicit type, where the value of const parameter `METRICS` is specified
    |
530 |         let mut run: Run<METRICS> = local::Run::default();
    |                    ++++++++++++++

error[E0284]: type annotations needed for `Run<_>`
   --> research/chr-relational/tests/chr_constructors.rs:530:13
    |
530 |         let mut run = local::Run::default();
    |             ^^^^^^^
...
542 |         let leaf = run.value();
    |                        ----- type must be known at this point
    |
note: required by a const generic parameter in `Run::<METRICS>::value`
   --> research/chr-relational/tests/support/local_ports.rs:173:6
    |
173 | impl<const METRICS: bool> Run<METRICS> {
    |      ^^^^^^^^^^^^^^^^^^^ required by this const generic parameter in `Run::<METRICS>::value`
...
206 |     pub fn value(&mut self) -> usize {
    |            ----- required by a bound in this associated function
help: consider giving `run` an explicit type, where the value of const parameter `METRICS` is specified
    |
530 |         let mut run: Run<METRICS> = local::Run::default();
    |                    ++++++++++++++

error[E0284]: type annotations needed for `Run<_>`
   --> research/chr-relational/tests/chr_constructors.rs:530:13
    |
530 |         let mut run = local::Run::default();
    |             ^^^^^^^
...
543 |         run.describe(leaf, "a", vec![]);
    |             -------- type must be known at this point
    |
note: required by a const generic parameter in `Run::<METRICS>::describe`
   --> research/chr-relational/tests/support/local_ports.rs:173:6
    |
173 | impl<const METRICS: bool> Run<METRICS> {
    |      ^^^^^^^^^^^^^^^^^^^ required by this const generic parameter in `Run::<METRICS>::describe`
...
215 |     pub fn describe(&mut self, value: usize, name: &str, children: Vec<usize>) {
    |            -------- required by a bound in this associated function
help: consider giving `run` an explicit type, where the value of const parameter `METRICS` is specified
    |
530 |         let mut run: Run<METRICS> = local::Run::default();
    |                    ++++++++++++++

error[E0284]: type annotations needed for `Run<_>`
   --> research/chr-relational/tests/chr_constructors.rs:530:13
    |
530 |         let mut run = local::Run::default();
    |             ^^^^^^^
...
544 |         run.describe(target, "f", vec![leaf]);
    |             -------- type must be known at this point
    |
note: required by a const generic parameter in `Run::<METRICS>::describe`
   --> research/chr-relational/tests/support/local_ports.rs:173:6
    |
173 | impl<const METRICS: bool> Run<METRICS> {
    |      ^^^^^^^^^^^^^^^^^^^ required by this const generic parameter in `Run::<METRICS>::describe`
...
215 |     pub fn describe(&mut self, value: usize, name: &str, children: Vec<usize>) {
    |            -------- required by a bound in this associated function
help: consider giving `run` an explicit type, where the value of const parameter `METRICS` is specified
    |
530 |         let mut run: Run<METRICS> = local::Run::default();
    |                    ++++++++++++++

error[E0284]: type annotations needed for `Run<_>`
   --> research/chr-relational/tests/chr_constructors.rs:530:13
    |
530 |         let mut run = local::Run::default();
    |             ^^^^^^^
...
545 |         run.settle();
    |             ------ type must be known at this point
    |
note: required by a const generic parameter in `Run::<METRICS>::settle`
   --> research/chr-relational/tests/support/local_ports.rs:173:6
    |
173 | impl<const METRICS: bool> Run<METRICS> {
    |      ^^^^^^^^^^^^^^^^^^^ required by this const generic parameter in `Run::<METRICS>::settle`
...
664 |     pub fn settle(&mut self) {
    |            ------ required by a bound in this associated function
help: consider giving `run` an explicit type, where the value of const parameter `METRICS` is specified
    |
530 |         let mut run: Run<METRICS> = local::Run::default();
    |                    ++++++++++++++

error[E0284]: type annotations needed for `Run<_>`
   --> research/chr-relational/tests/chr_constructors.rs:530:13
    |
530 |         let mut run = local::Run::default();
    |             ^^^^^^^
...
552 |         let answer = run.answer(&[result]).unwrap();
    |                          ------ type must be known at this point
    |
note: required by a const generic parameter in `Run::<METRICS>::answer`
   --> research/chr-relational/tests/support/local_ports.rs:173:6
    |
173 | impl<const METRICS: bool> Run<METRICS> {
    |      ^^^^^^^^^^^^^^^^^^^ required by this const generic parameter in `Run::<METRICS>::answer`
...
740 |     pub fn answer(&self, outputs: &[usize]) -> Option<Answer> {
    |            ------ required by a bound in this associated function
help: consider giving `run` an explicit type, where the value of const parameter `METRICS` is specified
    |
530 |         let mut run: Run<METRICS> = local::Run::default();
    |                    ++++++++++++++

error[E0284]: type annotations needed for `Run<_>`
   --> research/chr-relational/tests/chr_constructors.rs:560:9
    |
560 |     let mut base = local::Run::default();
    |         ^^^^^^^^   ---------- type must be known at this point
    |
note: required by a const generic parameter in `Run`
   --> research/chr-relational/tests/support/local_ports.rs:153:16
    |
153 | pub struct Run<const METRICS: bool = true> {
    |                ^^^^^^^^^^^^^^^^^^^^^^^^^^ required by this const generic parameter in `Run`
help: consider giving `base` an explicit type, where the value of const parameter `METRICS` is specified
    |
560 |     let mut base: Run<METRICS> = local::Run::default();
    |                 ++++++++++++++

error[E0284]: type annotations needed for `Run<_>`
   --> research/chr-relational/tests/chr_constructors.rs:560:9
    |
560 |     let mut base = local::Run::default();
    |         ^^^^^^^^   ---------- type must be known at this point
    |
note: required for `Run<_>` to implement `Default`
   --> research/chr-relational/tests/support/local_ports.rs:153:12
    |
152 | #[derive(Clone, Default)]
    |                 ------- in this derive macro expansion
153 | pub struct Run<const METRICS: bool = true> {
    |            ^^^ -------------------------- type parameter would need to implement `Default`
    = help: consider manually implementing `Default` to avoid undesired bounds
help: consider giving `base` an explicit type, where the value of const parameter `METRICS` is specified
    |
560 |     let mut base: Run<METRICS> = local::Run::default();
    |                 ++++++++++++++

error[E0284]: type annotations needed for `Run<_>`
   --> research/chr-relational/tests/chr_constructors.rs:560:9
    |
560 |     let mut base = local::Run::default();
    |         ^^^^^^^^
561 |     let x = base.value();
    |                  ----- type must be known at this point
    |
note: required by a const generic parameter in `Run::<METRICS>::value`
   --> research/chr-relational/tests/support/local_ports.rs:173:6
    |
173 | impl<const METRICS: bool> Run<METRICS> {
    |      ^^^^^^^^^^^^^^^^^^^ required by this const generic parameter in `Run::<METRICS>::value`
...
206 |     pub fn value(&mut self) -> usize {
    |            ----- required by a bound in this associated function
help: consider giving `base` an explicit type, where the value of const parameter `METRICS` is specified
    |
560 |     let mut base: Run<METRICS> = local::Run::default();
    |                 ++++++++++++++

error[E0284]: type annotations needed for `Run<_>`
   --> research/chr-relational/tests/chr_constructors.rs:560:9
    |
560 |     let mut base = local::Run::default();
    |         ^^^^^^^^
561 |     let x = base.value();
562 |     let y = base.value();
    |                  ----- type must be known at this point
    |
note: required by a const generic parameter in `Run::<METRICS>::value`
   --> research/chr-relational/tests/support/local_ports.rs:173:6
    |
173 | impl<const METRICS: bool> Run<METRICS> {
    |      ^^^^^^^^^^^^^^^^^^^ required by this const generic parameter in `Run::<METRICS>::value`
...
206 |     pub fn value(&mut self) -> usize {
    |            ----- required by a bound in this associated function
help: consider giving `base` an explicit type, where the value of const parameter `METRICS` is specified
    |
560 |     let mut base: Run<METRICS> = local::Run::default();
    |                 ++++++++++++++

error[E0284]: type annotations needed for `Run<_>`
   --> research/chr-relational/tests/chr_constructors.rs:560:9
    |
560 |     let mut base = local::Run::default();
    |         ^^^^^^^^
...
563 |     base.post(&take_plan(), x, y);
    |          ---- type must be known at this point
    |
note: required by a const generic parameter in `Run::<METRICS>::post`
   --> research/chr-relational/tests/support/local_ports.rs:173:6
    |
173 | impl<const METRICS: bool> Run<METRICS> {
    |      ^^^^^^^^^^^^^^^^^^^ required by this const generic parameter in `Run::<METRICS>::post`
...
226 |     pub fn post(&mut self, plan: &Arc<Plan>, input: usize, output: usize) {
    |            ---- required by a bound in this associated function
help: consider giving `base` an explicit type, where the value of const parameter `METRICS` is specified
    |
560 |     let mut base: Run<METRICS> = local::Run::default();
    |                 ++++++++++++++

error[E0284]: type annotations needed for `Run<_>`
   --> research/chr-relational/tests/chr_constructors.rs:560:9
    |
560 |     let mut base = local::Run::default();
    |         ^^^^^^^^
...
564 |     base.token();
    |          ----- type must be known at this point
    |
note: required by a const generic parameter in `Run::<METRICS>::token`
   --> research/chr-relational/tests/support/local_ports.rs:173:6
    |
173 | impl<const METRICS: bool> Run<METRICS> {
    |      ^^^^^^^^^^^^^^^^^^^ required by this const generic parameter in `Run::<METRICS>::token`
...
239 |     pub fn token(&mut self) {
    |            ----- required by a bound in this associated function
help: consider giving `base` an explicit type, where the value of const parameter `METRICS` is specified
    |
560 |     let mut base: Run<METRICS> = local::Run::default();
    |                 ++++++++++++++

error[E0284]: type annotations needed for `Run<_>`
   --> research/chr-relational/tests/chr_constructors.rs:560:9
    |
560 |     let mut base = local::Run::default();
    |         ^^^^^^^^
...
565 |     base.settle();
    |          ------ type must be known at this point
    |
note: required by a const generic parameter in `Run::<METRICS>::settle`
   --> research/chr-relational/tests/support/local_ports.rs:173:6
    |
173 | impl<const METRICS: bool> Run<METRICS> {
    |      ^^^^^^^^^^^^^^^^^^^ required by this const generic parameter in `Run::<METRICS>::settle`
...
664 |     pub fn settle(&mut self) {
    |            ------ required by a bound in this associated function
help: consider giving `base` an explicit type, where the value of const parameter `METRICS` is specified
    |
560 |     let mut base: Run<METRICS> = local::Run::default();
    |                 ++++++++++++++

error[E0284]: type annotations needed for `Run<_>`
   --> research/chr-relational/tests/chr_constructors.rs:560:9
    |
560 |     let mut base = local::Run::default();
    |         ^^^^^^^^
...
566 |     let mut good = base.clone();
    |                         ----- type must be known at this point
    |
note: required for `Run<_>` to implement `Clone`
   --> research/chr-relational/tests/support/local_ports.rs:153:12
    |
152 | #[derive(Clone, Default)]
    |          ----- in this derive macro expansion
153 | pub struct Run<const METRICS: bool = true> {
    |            ^^^ -------------------------- type parameter would need to implement `Clone`
    = help: consider manually implementing `Clone` to avoid undesired bounds
help: consider giving `base` an explicit type, where the value of const parameter `METRICS` is specified
    |
560 |     let mut base: Run<METRICS> = local::Run::default();
    |                 ++++++++++++++

error[E0284]: type annotations needed for `Run<_>`
   --> research/chr-relational/tests/chr_constructors.rs:560:9
    |
560 |     let mut base = local::Run::default();
    |         ^^^^^^^^
...
567 |     let a = good.value();
    |                  ----- type must be known at this point
    |
note: required by a const generic parameter in `Run::<METRICS>::value`
   --> research/chr-relational/tests/support/local_ports.rs:173:6
    |
173 | impl<const METRICS: bool> Run<METRICS> {
    |      ^^^^^^^^^^^^^^^^^^^ required by this const generic parameter in `Run::<METRICS>::value`
...
206 |     pub fn value(&mut self) -> usize {
    |            ----- required by a bound in this associated function
help: consider giving `base` an explicit type, where the value of const parameter `METRICS` is specified
    |
560 |     let mut base: Run<METRICS> = local::Run::default();
    |                 ++++++++++++++

error[E0284]: type annotations needed for `Run<_>`
   --> research/chr-relational/tests/chr_constructors.rs:560:9
    |
560 |     let mut base = local::Run::default();
    |         ^^^^^^^^
...
568 |     good.describe(a, "a", vec![]);
    |          -------- type must be known at this point
    |
note: required by a const generic parameter in `Run::<METRICS>::describe`
   --> research/chr-relational/tests/support/local_ports.rs:173:6
    |
173 | impl<const METRICS: bool> Run<METRICS> {
    |      ^^^^^^^^^^^^^^^^^^^ required by this const generic parameter in `Run::<METRICS>::describe`
...
215 |     pub fn describe(&mut self, value: usize, name: &str, children: Vec<usize>) {
    |            -------- required by a bound in this associated function
help: consider giving `base` an explicit type, where the value of const parameter `METRICS` is specified
    |
560 |     let mut base: Run<METRICS> = local::Run::default();
    |                 ++++++++++++++

error[E0284]: type annotations needed for `Run<_>`
   --> research/chr-relational/tests/chr_constructors.rs:560:9
    |
560 |     let mut base = local::Run::default();
    |         ^^^^^^^^
...
569 |     good.describe(x, "f", vec![a]);
    |          -------- type must be known at this point
    |
note: required by a const generic parameter in `Run::<METRICS>::describe`
   --> research/chr-relational/tests/support/local_ports.rs:173:6
    |
173 | impl<const METRICS: bool> Run<METRICS> {
    |      ^^^^^^^^^^^^^^^^^^^ required by this const generic parameter in `Run::<METRICS>::describe`
...
215 |     pub fn describe(&mut self, value: usize, name: &str, children: Vec<usize>) {
    |            -------- required by a bound in this associated function
help: consider giving `base` an explicit type, where the value of const parameter `METRICS` is specified
    |
560 |     let mut base: Run<METRICS> = local::Run::default();
    |                 ++++++++++++++

error[E0284]: type annotations needed for `Run<_>`
   --> research/chr-relational/tests/chr_constructors.rs:560:9
    |
560 |     let mut base = local::Run::default();
    |         ^^^^^^^^
...
570 |     good.settle();
    |          ------ type must be known at this point
    |
note: required by a const generic parameter in `Run::<METRICS>::settle`
   --> research/chr-relational/tests/support/local_ports.rs:173:6
    |
173 | impl<const METRICS: bool> Run<METRICS> {
    |      ^^^^^^^^^^^^^^^^^^^ required by this const generic parameter in `Run::<METRICS>::settle`
...
664 |     pub fn settle(&mut self) {
    |            ------ required by a bound in this associated function
help: consider giving `base` an explicit type, where the value of const parameter `METRICS` is specified
    |
560 |     let mut base: Run<METRICS> = local::Run::default();
    |                 ++++++++++++++

error[E0284]: type annotations needed for `Run<_>`
   --> research/chr-relational/tests/chr_constructors.rs:560:9
    |
560 |     let mut base = local::Run::default();
    |         ^^^^^^^^
...
572 |     let hidden = bad.value();
    |                      ----- type must be known at this point
    |
note: required by a const generic parameter in `Run::<METRICS>::value`
   --> research/chr-relational/tests/support/local_ports.rs:173:6
    |
173 | impl<const METRICS: bool> Run<METRICS> {
    |      ^^^^^^^^^^^^^^^^^^^ required by this const generic parameter in `Run::<METRICS>::value`
...
206 |     pub fn value(&mut self) -> usize {
    |            ----- required by a bound in this associated function
help: consider giving `base` an explicit type, where the value of const parameter `METRICS` is specified
    |
560 |     let mut base: Run<METRICS> = local::Run::default();
    |                 ++++++++++++++

error[E0284]: type annotations needed for `Run<_>`
   --> research/chr-relational/tests/chr_constructors.rs:560:9
    |
560 |     let mut base = local::Run::default();
    |         ^^^^^^^^
...
573 |     bad.describe(hidden, "f", vec![hidden]);
    |         -------- type must be known at this point
    |
note: required by a const generic parameter in `Run::<METRICS>::describe`
   --> research/chr-relational/tests/support/local_ports.rs:173:6
    |
173 | impl<const METRICS: bool> Run<METRICS> {
    |      ^^^^^^^^^^^^^^^^^^^ required by this const generic parameter in `Run::<METRICS>::describe`
...
215 |     pub fn describe(&mut self, value: usize, name: &str, children: Vec<usize>) {
    |            -------- required by a bound in this associated function
help: consider giving `base` an explicit type, where the value of const parameter `METRICS` is specified
    |
560 |     let mut base: Run<METRICS> = local::Run::default();
    |                 ++++++++++++++

error[E0284]: type annotations needed for `Run<_>`
   --> research/chr-relational/tests/chr_constructors.rs:560:9
    |
560 |     let mut base = local::Run::default();
    |         ^^^^^^^^
...
574 |     bad.settle();
    |         ------ type must be known at this point
    |
note: required by a const generic parameter in `Run::<METRICS>::settle`
   --> research/chr-relational/tests/support/local_ports.rs:173:6
    |
173 | impl<const METRICS: bool> Run<METRICS> {
    |      ^^^^^^^^^^^^^^^^^^^ required by this const generic parameter in `Run::<METRICS>::settle`
...
664 |     pub fn settle(&mut self) {
    |            ------ required by a bound in this associated function
help: consider giving `base` an explicit type, where the value of const parameter `METRICS` is specified
    |
560 |     let mut base: Run<METRICS> = local::Run::default();
    |                 ++++++++++++++

error[E0284]: type annotations needed for `Run<_>`
   --> research/chr-relational/tests/chr_constructors.rs:560:9
    |
560 |     let mut base = local::Run::default();
    |         ^^^^^^^^
...
575 |     assert!(bad.answer(&[x, y]).is_none());
    |                 ------ type must be known at this point
    |
note: required by a const generic parameter in `Run::<METRICS>::answer`
   --> research/chr-relational/tests/support/local_ports.rs:173:6
    |
173 | impl<const METRICS: bool> Run<METRICS> {
    |      ^^^^^^^^^^^^^^^^^^^ required by this const generic parameter in `Run::<METRICS>::answer`
...
740 |     pub fn answer(&self, outputs: &[usize]) -> Option<Answer> {
    |            ------ required by a bound in this associated function
help: consider giving `base` an explicit type, where the value of const parameter `METRICS` is specified
    |
560 |     let mut base: Run<METRICS> = local::Run::default();
    |                 ++++++++++++++

error[E0284]: type annotations needed for `Run<_>`
   --> research/chr-relational/tests/chr_constructors.rs:560:9
    |
560 |     let mut base = local::Run::default();
    |         ^^^^^^^^
...
582 |     oracle::same_raw(good.answer(&[x, y]).into_iter().collect(), vec![expected]);
    |                           ------ type must be known at this point
    |
note: required by a const generic parameter in `Run::<METRICS>::answer`
   --> research/chr-relational/tests/support/local_ports.rs:173:6
    |
173 | impl<const METRICS: bool> Run<METRICS> {
    |      ^^^^^^^^^^^^^^^^^^^ required by this const generic parameter in `Run::<METRICS>::answer`
...
740 |     pub fn answer(&self, outputs: &[usize]) -> Option<Answer> {
    |            ------ required by a bound in this associated function
help: consider giving `base` an explicit type, where the value of const parameter `METRICS` is specified
    |
560 |     let mut base: Run<METRICS> = local::Run::default();
    |                 ++++++++++++++

error[E0284]: type annotations needed for `Run<_>`
   --> research/chr-relational/tests/chr_constructors.rs:560:9
    |
560 |     let mut base = local::Run::default();
    |         ^^^^^^^^
...
587 |     oracle::same_raw(base.answer(&[x, y]).into_iter().collect(), vec![untouched]);
    |                           ------ type must be known at this point
    |
note: required by a const generic parameter in `Run::<METRICS>::answer`
   --> research/chr-relational/tests/support/local_ports.rs:173:6
    |
173 | impl<const METRICS: bool> Run<METRICS> {
    |      ^^^^^^^^^^^^^^^^^^^ required by this const generic parameter in `Run::<METRICS>::answer`
...
740 |     pub fn answer(&self, outputs: &[usize]) -> Option<Answer> {
    |            ------ required by a bound in this associated function
help: consider giving `base` an explicit type, where the value of const parameter `METRICS` is specified
    |
560 |     let mut base: Run<METRICS> = local::Run::default();
    |                 ++++++++++++++

error[E0284]: type annotations needed for `Run<_>`
   --> research/chr-relational/tests/chr_constructors.rs:598:17
    |
598 |             let mut run = local::Run::with_dependencies(mode);
    |                 ^^^^^^^   ---------- type must be known at this point
    |
note: required by a const generic parameter in `Run`
   --> research/chr-relational/tests/support/local_ports.rs:153:16
    |
153 | pub struct Run<const METRICS: bool = true> {
    |                ^^^^^^^^^^^^^^^^^^^^^^^^^^ required by this const generic parameter in `Run`
help: consider giving `run` an explicit type, where the value of const parameter `METRICS` is specified
    |
598 |             let mut run: Run<METRICS> = local::Run::with_dependencies(mode);
    |                        ++++++++++++++

error[E0284]: type annotations needed for `Run<_>`
   --> research/chr-relational/tests/chr_constructors.rs:598:17
    |
598 |             let mut run = local::Run::with_dependencies(mode);
    |                 ^^^^^^^   ----------------------------------- type must be known at this point
    |
note: required by a const generic parameter in `Run::<METRICS>::with_dependencies`
   --> research/chr-relational/tests/support/local_ports.rs:173:6
    |
173 | impl<const METRICS: bool> Run<METRICS> {
    |      ^^^^^^^^^^^^^^^^^^^ required by this const generic parameter in `Run::<METRICS>::with_dependencies`
174 |     pub fn with_dependencies(mode: DependencyMode) -> Self {
    |            ----------------- required by a bound in this associated function
help: consider giving `run` an explicit type, where the value of const parameter `METRICS` is specified
    |
598 |             let mut run: Run<METRICS> = local::Run::with_dependencies(mode);
    |                        ++++++++++++++

error[E0284]: type annotations needed for `Run<_>`
   --> research/chr-relational/tests/chr_constructors.rs:598:17
    |
598 |             let mut run = local::Run::with_dependencies(mode);
    |                 ^^^^^^^
599 |             let values = (0..width).map(|_| run.value()).collect::<Vec<_>>();
    |                                                 ----- type must be known at this point
    |
note: required by a const generic parameter in `Run::<METRICS>::value`
   --> research/chr-relational/tests/support/local_ports.rs:173:6
    |
173 | impl<const METRICS: bool> Run<METRICS> {
    |      ^^^^^^^^^^^^^^^^^^^ required by this const generic parameter in `Run::<METRICS>::value`
...
206 |     pub fn value(&mut self) -> usize {
    |            ----- required by a bound in this associated function
help: consider giving `run` an explicit type, where the value of const parameter `METRICS` is specified
    |
598 |             let mut run: Run<METRICS> = local::Run::with_dependencies(mode);
    |                        ++++++++++++++

error[E0284]: type annotations needed for `Run<_>`
   --> research/chr-relational/tests/chr_constructors.rs:598:17
    |
598 |             let mut run = local::Run::with_dependencies(mode);
    |                 ^^^^^^^
599 |             let values = (0..width).map(|_| run.value()).collect::<Vec<_>>();
600 |             let outputs = (0..width).map(|_| run.value()).collect::<Vec<_>>();
    |                                                  ----- type must be known at this point
    |
note: required by a const generic parameter in `Run::<METRICS>::value`
   --> research/chr-relational/tests/support/local_ports.rs:173:6
    |
173 | impl<const METRICS: bool> Run<METRICS> {
    |      ^^^^^^^^^^^^^^^^^^^ required by this const generic parameter in `Run::<METRICS>::value`
...
206 |     pub fn value(&mut self) -> usize {
    |            ----- required by a bound in this associated function
help: consider giving `run` an explicit type, where the value of const parameter `METRICS` is specified
    |
598 |             let mut run: Run<METRICS> = local::Run::with_dependencies(mode);
    |                        ++++++++++++++

error[E0284]: type annotations needed for `Run<_>`
   --> research/chr-relational/tests/chr_constructors.rs:598:17
    |
598 |             let mut run = local::Run::with_dependencies(mode);
    |                 ^^^^^^^
...
602 |                 run.post(&take_plan(), input, output);
    |                     ---- type must be known at this point
    |
note: required by a const generic parameter in `Run::<METRICS>::post`
   --> research/chr-relational/tests/support/local_ports.rs:173:6
    |
173 | impl<const METRICS: bool> Run<METRICS> {
    |      ^^^^^^^^^^^^^^^^^^^ required by this const generic parameter in `Run::<METRICS>::post`
...
226 |     pub fn post(&mut self, plan: &Arc<Plan>, input: usize, output: usize) {
    |            ---- required by a bound in this associated function
help: consider giving `run` an explicit type, where the value of const parameter `METRICS` is specified
    |
598 |             let mut run: Run<METRICS> = local::Run::with_dependencies(mode);
    |                        ++++++++++++++

error[E0284]: type annotations needed for `Run<_>`
   --> research/chr-relational/tests/chr_constructors.rs:598:17
    |
598 |             let mut run = local::Run::with_dependencies(mode);
    |                 ^^^^^^^
...
603 |                 run.token();
    |                     ----- type must be known at this point
    |
note: required by a const generic parameter in `Run::<METRICS>::token`
   --> research/chr-relational/tests/support/local_ports.rs:173:6
    |
173 | impl<const METRICS: bool> Run<METRICS> {
    |      ^^^^^^^^^^^^^^^^^^^ required by this const generic parameter in `Run::<METRICS>::token`
...
239 |     pub fn token(&mut self) {
    |            ----- required by a bound in this associated function
help: consider giving `run` an explicit type, where the value of const parameter `METRICS` is specified
    |
598 |             let mut run: Run<METRICS> = local::Run::with_dependencies(mode);
    |                        ++++++++++++++

error[E0284]: type annotations needed for `Run<_>`
   --> research/chr-relational/tests/chr_constructors.rs:598:17
    |
598 |             let mut run = local::Run::with_dependencies(mode);
    |                 ^^^^^^^
...
606 |                 run.equate(values[0], other);
    |                     ------ type must be known at this point
    |
note: required by a const generic parameter in `Run::<METRICS>::equate`
   --> research/chr-relational/tests/support/local_ports.rs:173:6
    |
173 | impl<const METRICS: bool> Run<METRICS> {
    |      ^^^^^^^^^^^^^^^^^^^ required by this const generic parameter in `Run::<METRICS>::equate`
...
223 |     pub fn equate(&mut self, left: usize, right: usize) {
    |            ------ required by a bound in this associated function
help: consider giving `run` an explicit type, where the value of const parameter `METRICS` is specified
    |
598 |             let mut run: Run<METRICS> = local::Run::with_dependencies(mode);
    |                        ++++++++++++++

error[E0284]: type annotations needed for `Run<_>`
   --> research/chr-relational/tests/chr_constructors.rs:598:17
    |
598 |             let mut run = local::Run::with_dependencies(mode);
    |                 ^^^^^^^
...
608 |             run.settle();
    |                 ------ type must be known at this point
    |
note: required by a const generic parameter in `Run::<METRICS>::settle`
   --> research/chr-relational/tests/support/local_ports.rs:173:6
    |
173 | impl<const METRICS: bool> Run<METRICS> {
    |      ^^^^^^^^^^^^^^^^^^^ required by this const generic parameter in `Run::<METRICS>::settle`
...
664 |     pub fn settle(&mut self) {
    |            ------ required by a bound in this associated function
help: consider giving `run` an explicit type, where the value of const parameter `METRICS` is specified
    |
598 |             let mut run: Run<METRICS> = local::Run::with_dependencies(mode);
    |                        ++++++++++++++

error[E0284]: type annotations needed for `Run<_>`
   --> research/chr-relational/tests/chr_constructors.rs:598:17
    |
598 |             let mut run = local::Run::with_dependencies(mode);
    |                 ^^^^^^^
...
609 |             run.assert_dependency_integrity();
    |                 --------------------------- type must be known at this point
    |
note: required by a const generic parameter in `Run::<METRICS>::assert_dependency_integrity`
   --> research/chr-relational/tests/support/local_ports.rs:173:6
    |
173 | impl<const METRICS: bool> Run<METRICS> {
    |      ^^^^^^^^^^^^^^^^^^^ required by this const generic parameter in `Run::<METRICS>::assert_dependency_integrity`
...
468 |     pub fn assert_dependency_integrity(&self) {
    |            --------------------------- required by a bound in this associated function
help: consider giving `run` an explicit type, where the value of const parameter `METRICS` is specified
    |
598 |             let mut run: Run<METRICS> = local::Run::with_dependencies(mode);
    |                        ++++++++++++++

error[E0284]: type annotations needed for `Run<_>`
   --> research/chr-relational/tests/chr_constructors.rs:598:17
    |
598 |             let mut run = local::Run::with_dependencies(mode);
    |                 ^^^^^^^
...
616 |             let leaf = run.value();
    |                            ----- type must be known at this point
    |
note: required by a const generic parameter in `Run::<METRICS>::value`
   --> research/chr-relational/tests/support/local_ports.rs:173:6
    |
173 | impl<const METRICS: bool> Run<METRICS> {
    |      ^^^^^^^^^^^^^^^^^^^ required by this const generic parameter in `Run::<METRICS>::value`
...
206 |     pub fn value(&mut self) -> usize {
    |            ----- required by a bound in this associated function
help: consider giving `run` an explicit type, where the value of const parameter `METRICS` is specified
    |
598 |             let mut run: Run<METRICS> = local::Run::with_dependencies(mode);
    |                        ++++++++++++++

error[E0284]: type annotations needed for `Run<_>`
   --> research/chr-relational/tests/chr_constructors.rs:598:17
    |
598 |             let mut run = local::Run::with_dependencies(mode);
    |                 ^^^^^^^
...
617 |             run.describe(leaf, "a", vec![]);
    |                 -------- type must be known at this point
    |
note: required by a const generic parameter in `Run::<METRICS>::describe`
   --> research/chr-relational/tests/support/local_ports.rs:173:6
    |
173 | impl<const METRICS: bool> Run<METRICS> {
    |      ^^^^^^^^^^^^^^^^^^^ required by this const generic parameter in `Run::<METRICS>::describe`
...
215 |     pub fn describe(&mut self, value: usize, name: &str, children: Vec<usize>) {
    |            -------- required by a bound in this associated function
help: consider giving `run` an explicit type, where the value of const parameter `METRICS` is specified
    |
598 |             let mut run: Run<METRICS> = local::Run::with_dependencies(mode);
    |                        ++++++++++++++

error[E0284]: type annotations needed for `Run<_>`
   --> research/chr-relational/tests/chr_constructors.rs:598:17
    |
598 |             let mut run = local::Run::with_dependencies(mode);
    |                 ^^^^^^^
...
618 |             run.describe(values[0], "f", vec![leaf]);
    |                 -------- type must be known at this point
    |
note: required by a const generic parameter in `Run::<METRICS>::describe`
   --> research/chr-relational/tests/support/local_ports.rs:173:6
    |
173 | impl<const METRICS: bool> Run<METRICS> {
    |      ^^^^^^^^^^^^^^^^^^^ required by this const generic parameter in `Run::<METRICS>::describe`
...
215 |     pub fn describe(&mut self, value: usize, name: &str, children: Vec<usize>) {
    |            -------- required by a bound in this associated function
help: consider giving `run` an explicit type, where the value of const parameter `METRICS` is specified
    |
598 |             let mut run: Run<METRICS> = local::Run::with_dependencies(mode);
    |                        ++++++++++++++

error[E0284]: type annotations needed for `Run<_>`
   --> research/chr-relational/tests/chr_constructors.rs:598:17
    |
598 |             let mut run = local::Run::with_dependencies(mode);
    |                 ^^^^^^^
...
619 |             run.settle();
    |                 ------ type must be known at this point
    |
note: required by a const generic parameter in `Run::<METRICS>::settle`
   --> research/chr-relational/tests/support/local_ports.rs:173:6
    |
173 | impl<const METRICS: bool> Run<METRICS> {
    |      ^^^^^^^^^^^^^^^^^^^ required by this const generic parameter in `Run::<METRICS>::settle`
...
664 |     pub fn settle(&mut self) {
    |            ------ required by a bound in this associated function
help: consider giving `run` an explicit type, where the value of const parameter `METRICS` is specified
    |
598 |             let mut run: Run<METRICS> = local::Run::with_dependencies(mode);
    |                        ++++++++++++++

error[E0284]: type annotations needed for `Run<_>`
   --> research/chr-relational/tests/chr_constructors.rs:598:17
    |
598 |             let mut run = local::Run::with_dependencies(mode);
    |                 ^^^^^^^
...
620 |             run.assert_dependency_integrity();
    |                 --------------------------- type must be known at this point
    |
note: required by a const generic parameter in `Run::<METRICS>::assert_dependency_integrity`
   --> research/chr-relational/tests/support/local_ports.rs:173:6
    |
173 | impl<const METRICS: bool> Run<METRICS> {
    |      ^^^^^^^^^^^^^^^^^^^ required by this const generic parameter in `Run::<METRICS>::assert_dependency_integrity`
...
468 |     pub fn assert_dependency_integrity(&self) {
    |            --------------------------- required by a bound in this associated function
help: consider giving `run` an explicit type, where the value of const parameter `METRICS` is specified
    |
598 |             let mut run: Run<METRICS> = local::Run::with_dependencies(mode);
    |                        ++++++++++++++

error[E0284]: type annotations needed for `Run<_>`
   --> research/chr-relational/tests/chr_constructors.rs:598:17
    |
598 |             let mut run = local::Run::with_dependencies(mode);
    |                 ^^^^^^^
...
621 |             let answer = run.answer(&outputs).unwrap();
    |                              ------ type must be known at this point
    |
note: required by a const generic parameter in `Run::<METRICS>::answer`
   --> research/chr-relational/tests/support/local_ports.rs:173:6
    |
173 | impl<const METRICS: bool> Run<METRICS> {
    |      ^^^^^^^^^^^^^^^^^^^ required by this const generic parameter in `Run::<METRICS>::answer`
...
740 |     pub fn answer(&self, outputs: &[usize]) -> Option<Answer> {
    |            ------ required by a bound in this associated function
help: consider giving `run` an explicit type, where the value of const parameter `METRICS` is specified
    |
598 |             let mut run: Run<METRICS> = local::Run::with_dependencies(mode);
    |                        ++++++++++++++

error[E0284]: type annotations needed for `Run<_>`
   --> research/chr-relational/tests/chr_constructors.rs:637:13
    |
637 |         let mut run = local::Run::default();
    |             ^^^^^^^   ---------- type must be known at this point
    |
note: required by a const generic parameter in `Run`
   --> research/chr-relational/tests/support/local_ports.rs:153:16
    |
153 | pub struct Run<const METRICS: bool = true> {
    |                ^^^^^^^^^^^^^^^^^^^^^^^^^^ required by this const generic parameter in `Run`
help: consider giving `run` an explicit type, where the value of const parameter `METRICS` is specified
    |
637 |         let mut run: Run<METRICS> = local::Run::default();
    |                    ++++++++++++++

error[E0284]: type annotations needed for `Run<_>`
   --> research/chr-relational/tests/chr_constructors.rs:637:13
    |
637 |         let mut run = local::Run::default();
    |             ^^^^^^^   ---------- type must be known at this point
    |
note: required for `Run<_>` to implement `Default`
   --> research/chr-relational/tests/support/local_ports.rs:153:12
    |
152 | #[derive(Clone, Default)]
    |                 ------- in this derive macro expansion
153 | pub struct Run<const METRICS: bool = true> {
    |            ^^^ -------------------------- type parameter would need to implement `Default`
    = help: consider manually implementing `Default` to avoid undesired bounds
help: consider giving `run` an explicit type, where the value of const parameter `METRICS` is specified
    |
637 |         let mut run: Run<METRICS> = local::Run::default();
    |                    ++++++++++++++

error[E0284]: type annotations needed for `Run<_>`
   --> research/chr-relational/tests/chr_constructors.rs:637:13
    |
637 |         let mut run = local::Run::default();
    |             ^^^^^^^
638 |         let x = run.value();
    |                     ----- type must be known at this point
    |
note: required by a const generic parameter in `Run::<METRICS>::value`
   --> research/chr-relational/tests/support/local_ports.rs:173:6
    |
173 | impl<const METRICS: bool> Run<METRICS> {
    |      ^^^^^^^^^^^^^^^^^^^ required by this const generic parameter in `Run::<METRICS>::value`
...
206 |     pub fn value(&mut self) -> usize {
    |            ----- required by a bound in this associated function
help: consider giving `run` an explicit type, where the value of const parameter `METRICS` is specified
    |
637 |         let mut run: Run<METRICS> = local::Run::default();
    |                    ++++++++++++++

error[E0284]: type annotations needed for `Run<_>`
   --> research/chr-relational/tests/chr_constructors.rs:637:13
    |
637 |         let mut run = local::Run::default();
    |             ^^^^^^^
638 |         let x = run.value();
639 |         let a = run.value();
    |                     ----- type must be known at this point
    |
note: required by a const generic parameter in `Run::<METRICS>::value`
   --> research/chr-relational/tests/support/local_ports.rs:173:6
    |
173 | impl<const METRICS: bool> Run<METRICS> {
    |      ^^^^^^^^^^^^^^^^^^^ required by this const generic parameter in `Run::<METRICS>::value`
...
206 |     pub fn value(&mut self) -> usize {
    |            ----- required by a bound in this associated function
help: consider giving `run` an explicit type, where the value of const parameter `METRICS` is specified
    |
637 |         let mut run: Run<METRICS> = local::Run::default();
    |                    ++++++++++++++

error[E0284]: type annotations needed for `Run<_>`
   --> research/chr-relational/tests/chr_constructors.rs:637:13
    |
637 |         let mut run = local::Run::default();
    |             ^^^^^^^
...
640 |         let b = run.value();
    |                     ----- type must be known at this point
    |
note: required by a const generic parameter in `Run::<METRICS>::value`
   --> research/chr-relational/tests/support/local_ports.rs:173:6
    |
173 | impl<const METRICS: bool> Run<METRICS> {
    |      ^^^^^^^^^^^^^^^^^^^ required by this const generic parameter in `Run::<METRICS>::value`
...
206 |     pub fn value(&mut self) -> usize {
    |            ----- required by a bound in this associated function
help: consider giving `run` an explicit type, where the value of const parameter `METRICS` is specified
    |
637 |         let mut run: Run<METRICS> = local::Run::default();
    |                    ++++++++++++++

error[E0284]: type annotations needed for `Run<_>`
   --> research/chr-relational/tests/chr_constructors.rs:637:13
    |
637 |         let mut run = local::Run::default();
    |             ^^^^^^^
...
641 |         let out = run.value();
    |                       ----- type must be known at this point
    |
note: required by a const generic parameter in `Run::<METRICS>::value`
   --> research/chr-relational/tests/support/local_ports.rs:173:6
    |
173 | impl<const METRICS: bool> Run<METRICS> {
    |      ^^^^^^^^^^^^^^^^^^^ required by this const generic parameter in `Run::<METRICS>::value`
...
206 |     pub fn value(&mut self) -> usize {
    |            ----- required by a bound in this associated function
help: consider giving `run` an explicit type, where the value of const parameter `METRICS` is specified
    |
637 |         let mut run: Run<METRICS> = local::Run::default();
    |                    ++++++++++++++

error[E0284]: type annotations needed for `Run<_>`
   --> research/chr-relational/tests/chr_constructors.rs:637:13
    |
637 |         let mut run = local::Run::default();
    |             ^^^^^^^
...
642 |         run.describe(a, "a", vec![]);
    |             -------- type must be known at this point
    |
note: required by a const generic parameter in `Run::<METRICS>::describe`
   --> research/chr-relational/tests/support/local_ports.rs:173:6
    |
173 | impl<const METRICS: bool> Run<METRICS> {
    |      ^^^^^^^^^^^^^^^^^^^ required by this const generic parameter in `Run::<METRICS>::describe`
...
215 |     pub fn describe(&mut self, value: usize, name: &str, children: Vec<usize>) {
    |            -------- required by a bound in this associated function
help: consider giving `run` an explicit type, where the value of const parameter `METRICS` is specified
    |
637 |         let mut run: Run<METRICS> = local::Run::default();
    |                    ++++++++++++++

error[E0284]: type annotations needed for `Run<_>`
   --> research/chr-relational/tests/chr_constructors.rs:637:13
    |
637 |         let mut run = local::Run::default();
    |             ^^^^^^^
...
643 |         run.describe(b, if clash { "b" } else { "a" }, vec![]);
    |             -------- type must be known at this point
    |
note: required by a const generic parameter in `Run::<METRICS>::describe`
   --> research/chr-relational/tests/support/local_ports.rs:173:6
    |
173 | impl<const METRICS: bool> Run<METRICS> {
    |      ^^^^^^^^^^^^^^^^^^^ required by this const generic parameter in `Run::<METRICS>::describe`
...
215 |     pub fn describe(&mut self, value: usize, name: &str, children: Vec<usize>) {
    |            -------- required by a bound in this associated function
help: consider giving `run` an explicit type, where the value of const parameter `METRICS` is specified
    |
637 |         let mut run: Run<METRICS> = local::Run::default();
    |                    ++++++++++++++

error[E0284]: type annotations needed for `Run<_>`
   --> research/chr-relational/tests/chr_constructors.rs:637:13
    |
637 |         let mut run = local::Run::default();
    |             ^^^^^^^
...
644 |         run.describe(out, "pair", vec![x, x]);
    |             -------- type must be known at this point
    |
note: required by a const generic parameter in `Run::<METRICS>::describe`
   --> research/chr-relational/tests/support/local_ports.rs:173:6
    |
173 | impl<const METRICS: bool> Run<METRICS> {
    |      ^^^^^^^^^^^^^^^^^^^ required by this const generic parameter in `Run::<METRICS>::describe`
...
215 |     pub fn describe(&mut self, value: usize, name: &str, children: Vec<usize>) {
    |            -------- required by a bound in this associated function
help: consider giving `run` an explicit type, where the value of const parameter `METRICS` is specified
    |
637 |         let mut run: Run<METRICS> = local::Run::default();
    |                    ++++++++++++++

error[E0284]: type annotations needed for `Run<_>`
   --> research/chr-relational/tests/chr_constructors.rs:637:13
    |
637 |         let mut run = local::Run::default();
    |             ^^^^^^^
...
645 |         run.describe(out, "pair", vec![a, b]);
    |             -------- type must be known at this point
    |
note: required by a const generic parameter in `Run::<METRICS>::describe`
   --> research/chr-relational/tests/support/local_ports.rs:173:6
    |
173 | impl<const METRICS: bool> Run<METRICS> {
    |      ^^^^^^^^^^^^^^^^^^^ required by this const generic parameter in `Run::<METRICS>::describe`
...
215 |     pub fn describe(&mut self, value: usize, name: &str, children: Vec<usize>) {
    |            -------- required by a bound in this associated function
help: consider giving `run` an explicit type, where the value of const parameter `METRICS` is specified
    |
637 |         let mut run: Run<METRICS> = local::Run::default();
    |                    ++++++++++++++

error[E0284]: type annotations needed for `Run<_>`
   --> research/chr-relational/tests/chr_constructors.rs:637:13
    |
637 |         let mut run = local::Run::default();
    |             ^^^^^^^
...
646 |         run.settle();
    |             ------ type must be known at this point
    |
note: required by a const generic parameter in `Run::<METRICS>::settle`
   --> research/chr-relational/tests/support/local_ports.rs:173:6
    |
173 | impl<const METRICS: bool> Run<METRICS> {
    |      ^^^^^^^^^^^^^^^^^^^ required by this const generic parameter in `Run::<METRICS>::settle`
...
664 |     pub fn settle(&mut self) {
    |            ------ required by a bound in this associated function
help: consider giving `run` an explicit type, where the value of const parameter `METRICS` is specified
    |
637 |         let mut run: Run<METRICS> = local::Run::default();
    |                    ++++++++++++++

error[E0284]: type annotations needed for `Run<_>`
   --> research/chr-relational/tests/chr_constructors.rs:637:13
    |
637 |         let mut run = local::Run::default();
    |             ^^^^^^^
...
666 |         oracle::same_raw(run.answer(&[x, out]).into_iter().collect(), expected);
    |                              ------ type must be known at this point
    |
note: required by a const generic parameter in `Run::<METRICS>::answer`
   --> research/chr-relational/tests/support/local_ports.rs:173:6
    |
173 | impl<const METRICS: bool> Run<METRICS> {
    |      ^^^^^^^^^^^^^^^^^^^ required by this const generic parameter in `Run::<METRICS>::answer`
...
740 |     pub fn answer(&self, outputs: &[usize]) -> Option<Answer> {
    |            ------ required by a bound in this associated function
help: consider giving `run` an explicit type, where the value of const parameter `METRICS` is specified
    |
637 |         let mut run: Run<METRICS> = local::Run::default();
    |                    ++++++++++++++

error[E0284]: type annotations needed for `Run<_>`
   --> research/chr-relational/tests/chr_constructors.rs:668:9
    |
668 |     let mut run = local::Run::default();
    |         ^^^^^^^   ---------- type must be known at this point
    |
note: required by a const generic parameter in `Run`
   --> research/chr-relational/tests/support/local_ports.rs:153:16
    |
153 | pub struct Run<const METRICS: bool = true> {
    |                ^^^^^^^^^^^^^^^^^^^^^^^^^^ required by this const generic parameter in `Run`
help: consider giving `run` an explicit type, where the value of const parameter `METRICS` is specified
    |
668 |     let mut run: Run<METRICS> = local::Run::default();
    |                ++++++++++++++

error[E0284]: type annotations needed for `Run<_>`
   --> research/chr-relational/tests/chr_constructors.rs:668:9
    |
668 |     let mut run = local::Run::default();
    |         ^^^^^^^   ---------- type must be known at this point
    |
note: required for `Run<_>` to implement `Default`
   --> research/chr-relational/tests/support/local_ports.rs:153:12
    |
152 | #[derive(Clone, Default)]
    |                 ------- in this derive macro expansion
153 | pub struct Run<const METRICS: bool = true> {
    |            ^^^ -------------------------- type parameter would need to implement `Default`
    = help: consider manually implementing `Default` to avoid undesired bounds
help: consider giving `run` an explicit type, where the value of const parameter `METRICS` is specified
    |
668 |     let mut run: Run<METRICS> = local::Run::default();
    |                ++++++++++++++

error[E0284]: type annotations needed for `Run<_>`
   --> research/chr-relational/tests/chr_constructors.rs:668:9
    |
668 |     let mut run = local::Run::default();
    |         ^^^^^^^
669 |     let x = run.value();
    |                 ----- type must be known at this point
    |
note: required by a const generic parameter in `Run::<METRICS>::value`
   --> research/chr-relational/tests/support/local_ports.rs:173:6
    |
173 | impl<const METRICS: bool> Run<METRICS> {
    |      ^^^^^^^^^^^^^^^^^^^ required by this const generic parameter in `Run::<METRICS>::value`
...
206 |     pub fn value(&mut self) -> usize {
    |            ----- required by a bound in this associated function
help: consider giving `run` an explicit type, where the value of const parameter `METRICS` is specified
    |
668 |     let mut run: Run<METRICS> = local::Run::default();
    |                ++++++++++++++

error[E0284]: type annotations needed for `Run<_>`
   --> research/chr-relational/tests/chr_constructors.rs:668:9
    |
668 |     let mut run = local::Run::default();
    |         ^^^^^^^
669 |     let x = run.value();
670 |     let child = run.value();
    |                     ----- type must be known at this point
    |
note: required by a const generic parameter in `Run::<METRICS>::value`
   --> research/chr-relational/tests/support/local_ports.rs:173:6
    |
173 | impl<const METRICS: bool> Run<METRICS> {
    |      ^^^^^^^^^^^^^^^^^^^ required by this const generic parameter in `Run::<METRICS>::value`
...
206 |     pub fn value(&mut self) -> usize {
    |            ----- required by a bound in this associated function
help: consider giving `run` an explicit type, where the value of const parameter `METRICS` is specified
    |
668 |     let mut run: Run<METRICS> = local::Run::default();
    |                ++++++++++++++

error[E0284]: type annotations needed for `Run<_>`
   --> research/chr-relational/tests/chr_constructors.rs:668:9
    |
668 |     let mut run = local::Run::default();
    |         ^^^^^^^
...
671 |     run.describe(x, "f", vec![child]);
    |         -------- type must be known at this point
    |
note: required by a const generic parameter in `Run::<METRICS>::describe`
   --> research/chr-relational/tests/support/local_ports.rs:173:6
    |
173 | impl<const METRICS: bool> Run<METRICS> {
    |      ^^^^^^^^^^^^^^^^^^^ required by this const generic parameter in `Run::<METRICS>::describe`
...
215 |     pub fn describe(&mut self, value: usize, name: &str, children: Vec<usize>) {
    |            -------- required by a bound in this associated function
help: consider giving `run` an explicit type, where the value of const parameter `METRICS` is specified
    |
668 |     let mut run: Run<METRICS> = local::Run::default();
    |                ++++++++++++++

error[E0284]: type annotations needed for `Run<_>`
   --> research/chr-relational/tests/chr_constructors.rs:668:9
    |
668 |     let mut run = local::Run::default();
    |         ^^^^^^^
...
672 |     run.describe(x, "f", vec![child, child]);
    |         -------- type must be known at this point
    |
note: required by a const generic parameter in `Run::<METRICS>::describe`
   --> research/chr-relational/tests/support/local_ports.rs:173:6
    |
173 | impl<const METRICS: bool> Run<METRICS> {
    |      ^^^^^^^^^^^^^^^^^^^ required by this const generic parameter in `Run::<METRICS>::describe`
...
215 |     pub fn describe(&mut self, value: usize, name: &str, children: Vec<usize>) {
    |            -------- required by a bound in this associated function
help: consider giving `run` an explicit type, where the value of const parameter `METRICS` is specified
    |
668 |     let mut run: Run<METRICS> = local::Run::default();
    |                ++++++++++++++

error[E0284]: type annotations needed for `Run<_>`
   --> research/chr-relational/tests/chr_constructors.rs:668:9
    |
668 |     let mut run = local::Run::default();
    |         ^^^^^^^
...
673 |     run.settle();
    |         ------ type must be known at this point
    |
note: required by a const generic parameter in `Run::<METRICS>::settle`
   --> research/chr-relational/tests/support/local_ports.rs:173:6
    |
173 | impl<const METRICS: bool> Run<METRICS> {
    |      ^^^^^^^^^^^^^^^^^^^ required by this const generic parameter in `Run::<METRICS>::settle`
...
664 |     pub fn settle(&mut self) {
    |            ------ required by a bound in this associated function
help: consider giving `run` an explicit type, where the value of const parameter `METRICS` is specified
    |
668 |     let mut run: Run<METRICS> = local::Run::default();
    |                ++++++++++++++

error[E0284]: type annotations needed for `Run<_>`
   --> research/chr-relational/tests/chr_constructors.rs:668:9
    |
668 |     let mut run = local::Run::default();
    |         ^^^^^^^
...
674 |     assert!(run.answer(&[x]).is_none(), "different arities cannot merge");
    |                 ------ type must be known at this point
    |
note: required by a const generic parameter in `Run::<METRICS>::answer`
   --> research/chr-relational/tests/support/local_ports.rs:173:6
    |
173 | impl<const METRICS: bool> Run<METRICS> {
    |      ^^^^^^^^^^^^^^^^^^^ required by this const generic parameter in `Run::<METRICS>::answer`
...
740 |     pub fn answer(&self, outputs: &[usize]) -> Option<Answer> {
    |            ------ required by a bound in this associated function
help: consider giving `run` an explicit type, where the value of const parameter `METRICS` is specified
    |
668 |     let mut run: Run<METRICS> = local::Run::default();
    |                ++++++++++++++

error[E0284]: type annotations needed for `Run<_>`
   --> research/chr-relational/tests/chr_constructors.rs:679:9
    |
679 |     let mut run = local::Run::default();
    |         ^^^^^^^   ---------- type must be known at this point
    |
note: required by a const generic parameter in `Run`
   --> research/chr-relational/tests/support/local_ports.rs:153:16
    |
153 | pub struct Run<const METRICS: bool = true> {
    |                ^^^^^^^^^^^^^^^^^^^^^^^^^^ required by this const generic parameter in `Run`
help: consider giving `run` an explicit type, where the value of const parameter `METRICS` is specified
    |
679 |     let mut run: Run<METRICS> = local::Run::default();
    |                ++++++++++++++

error[E0284]: type annotations needed for `Run<_>`
   --> research/chr-relational/tests/chr_constructors.rs:679:9
    |
679 |     let mut run = local::Run::default();
    |         ^^^^^^^   ---------- type must be known at this point
    |
note: required for `Run<_>` to implement `Default`
   --> research/chr-relational/tests/support/local_ports.rs:153:12
    |
152 | #[derive(Clone, Default)]
    |                 ------- in this derive macro expansion
153 | pub struct Run<const METRICS: bool = true> {
    |            ^^^ -------------------------- type parameter would need to implement `Default`
    = help: consider manually implementing `Default` to avoid undesired bounds
help: consider giving `run` an explicit type, where the value of const parameter `METRICS` is specified
    |
679 |     let mut run: Run<METRICS> = local::Run::default();
    |                ++++++++++++++

error[E0284]: type annotations needed for `Run<_>`
   --> research/chr-relational/tests/chr_constructors.rs:679:9
    |
679 |     let mut run = local::Run::default();
    |         ^^^^^^^
680 |     let x = run.value();
    |                 ----- type must be known at this point
    |
note: required by a const generic parameter in `Run::<METRICS>::value`
   --> research/chr-relational/tests/support/local_ports.rs:173:6
    |
173 | impl<const METRICS: bool> Run<METRICS> {
    |      ^^^^^^^^^^^^^^^^^^^ required by this const generic parameter in `Run::<METRICS>::value`
...
206 |     pub fn value(&mut self) -> usize {
    |            ----- required by a bound in this associated function
help: consider giving `run` an explicit type, where the value of const parameter `METRICS` is specified
    |
679 |     let mut run: Run<METRICS> = local::Run::default();
    |                ++++++++++++++

error[E0284]: type annotations needed for `Run<_>`
   --> research/chr-relational/tests/chr_constructors.rs:679:9
    |
679 |     let mut run = local::Run::default();
    |         ^^^^^^^
680 |     let x = run.value();
681 |     let leaf = run.value();
    |                    ----- type must be known at this point
    |
note: required by a const generic parameter in `Run::<METRICS>::value`
   --> research/chr-relational/tests/support/local_ports.rs:173:6
    |
173 | impl<const METRICS: bool> Run<METRICS> {
    |      ^^^^^^^^^^^^^^^^^^^ required by this const generic parameter in `Run::<METRICS>::value`
...
206 |     pub fn value(&mut self) -> usize {
    |            ----- required by a bound in this associated function
help: consider giving `run` an explicit type, where the value of const parameter `METRICS` is specified
    |
679 |     let mut run: Run<METRICS> = local::Run::default();
    |                ++++++++++++++

error[E0284]: type annotations needed for `Run<_>`
   --> research/chr-relational/tests/chr_constructors.rs:679:9
    |
679 |     let mut run = local::Run::default();
    |         ^^^^^^^
...
682 |     run.describe(leaf, "a", vec![]);
    |         -------- type must be known at this point
    |
note: required by a const generic parameter in `Run::<METRICS>::describe`
   --> research/chr-relational/tests/support/local_ports.rs:173:6
    |
173 | impl<const METRICS: bool> Run<METRICS> {
    |      ^^^^^^^^^^^^^^^^^^^ required by this const generic parameter in `Run::<METRICS>::describe`
...
215 |     pub fn describe(&mut self, value: usize, name: &str, children: Vec<usize>) {
    |            -------- required by a bound in this associated function
help: consider giving `run` an explicit type, where the value of const parameter `METRICS` is specified
    |
679 |     let mut run: Run<METRICS> = local::Run::default();
    |                ++++++++++++++

error[E0284]: type annotations needed for `Run<_>`
   --> research/chr-relational/tests/chr_constructors.rs:679:9
    |
679 |     let mut run = local::Run::default();
    |         ^^^^^^^
...
683 |     run.describe(x, "f", vec![leaf]);
    |         -------- type must be known at this point
    |
note: required by a const generic parameter in `Run::<METRICS>::describe`
   --> research/chr-relational/tests/support/local_ports.rs:173:6
    |
173 | impl<const METRICS: bool> Run<METRICS> {
    |      ^^^^^^^^^^^^^^^^^^^ required by this const generic parameter in `Run::<METRICS>::describe`
...
215 |     pub fn describe(&mut self, value: usize, name: &str, children: Vec<usize>) {
    |            -------- required by a bound in this associated function
help: consider giving `run` an explicit type, where the value of const parameter `METRICS` is specified
    |
679 |     let mut run: Run<METRICS> = local::Run::default();
    |                ++++++++++++++

error[E0284]: type annotations needed for `Run<_>`
   --> research/chr-relational/tests/chr_constructors.rs:679:9
    |
679 |     let mut run = local::Run::default();
    |         ^^^^^^^
...
684 |     run.settle();
    |         ------ type must be known at this point
    |
note: required by a const generic parameter in `Run::<METRICS>::settle`
   --> research/chr-relational/tests/support/local_ports.rs:173:6
    |
173 | impl<const METRICS: bool> Run<METRICS> {
    |      ^^^^^^^^^^^^^^^^^^^ required by this const generic parameter in `Run::<METRICS>::settle`
...
664 |     pub fn settle(&mut self) {
    |            ------ required by a bound in this associated function
help: consider giving `run` an explicit type, where the value of const parameter `METRICS` is specified
    |
679 |     let mut run: Run<METRICS> = local::Run::default();
    |                ++++++++++++++

error[E0284]: type annotations needed for `Run<_>`
   --> research/chr-relational/tests/chr_constructors.rs:679:9
    |
679 |     let mut run = local::Run::default();
    |         ^^^^^^^
...
687 |         let out = run.value();
    |                       ----- type must be known at this point
    |
note: required by a const generic parameter in `Run::<METRICS>::value`
   --> research/chr-relational/tests/support/local_ports.rs:173:6
    |
173 | impl<const METRICS: bool> Run<METRICS> {
    |      ^^^^^^^^^^^^^^^^^^^ required by this const generic parameter in `Run::<METRICS>::value`
...
206 |     pub fn value(&mut self) -> usize {
    |            ----- required by a bound in this associated function
help: consider giving `run` an explicit type, where the value of const parameter `METRICS` is specified
    |
679 |     let mut run: Run<METRICS> = local::Run::default();
    |                ++++++++++++++

error[E0284]: type annotations needed for `Run<_>`
   --> research/chr-relational/tests/chr_constructors.rs:679:9
    |
679 |     let mut run = local::Run::default();
    |         ^^^^^^^
...
689 |         run.post(&take_plan(), x, out);
    |             ---- type must be known at this point
    |
note: required by a const generic parameter in `Run::<METRICS>::post`
   --> research/chr-relational/tests/support/local_ports.rs:173:6
    |
173 | impl<const METRICS: bool> Run<METRICS> {
    |      ^^^^^^^^^^^^^^^^^^^ required by this const generic parameter in `Run::<METRICS>::post`
...
226 |     pub fn post(&mut self, plan: &Arc<Plan>, input: usize, output: usize) {
    |            ---- required by a bound in this associated function
help: consider giving `run` an explicit type, where the value of const parameter `METRICS` is specified
    |
679 |     let mut run: Run<METRICS> = local::Run::default();
    |                ++++++++++++++

error[E0284]: type annotations needed for `Run<_>`
   --> research/chr-relational/tests/chr_constructors.rs:679:9
    |
679 |     let mut run = local::Run::default();
    |         ^^^^^^^
...
690 |         run.token();
    |             ----- type must be known at this point
    |
note: required by a const generic parameter in `Run::<METRICS>::token`
   --> research/chr-relational/tests/support/local_ports.rs:173:6
    |
173 | impl<const METRICS: bool> Run<METRICS> {
    |      ^^^^^^^^^^^^^^^^^^^ required by this const generic parameter in `Run::<METRICS>::token`
...
239 |     pub fn token(&mut self) {
    |            ----- required by a bound in this associated function
help: consider giving `run` an explicit type, where the value of const parameter `METRICS` is specified
    |
679 |     let mut run: Run<METRICS> = local::Run::default();
    |                ++++++++++++++

error[E0284]: type annotations needed for `Run<_>`
   --> research/chr-relational/tests/chr_constructors.rs:679:9
    |
679 |     let mut run = local::Run::default();
    |         ^^^^^^^
...
693 |     run.settle();
    |         ------ type must be known at this point
    |
note: required by a const generic parameter in `Run::<METRICS>::settle`
   --> research/chr-relational/tests/support/local_ports.rs:173:6
    |
173 | impl<const METRICS: bool> Run<METRICS> {
    |      ^^^^^^^^^^^^^^^^^^^ required by this const generic parameter in `Run::<METRICS>::settle`
...
664 |     pub fn settle(&mut self) {
    |            ------ required by a bound in this associated function
help: consider giving `run` an explicit type, where the value of const parameter `METRICS` is specified
    |
679 |     let mut run: Run<METRICS> = local::Run::default();
    |                ++++++++++++++

error[E0284]: type annotations needed for `Run<_>`
   --> research/chr-relational/tests/chr_constructors.rs:679:9
    |
679 |     let mut run = local::Run::default();
    |         ^^^^^^^
...
694 |     let answer = run.answer(&outputs).unwrap();
    |                      ------ type must be known at this point
    |
note: required by a const generic parameter in `Run::<METRICS>::answer`
   --> research/chr-relational/tests/support/local_ports.rs:173:6
    |
173 | impl<const METRICS: bool> Run<METRICS> {
    |      ^^^^^^^^^^^^^^^^^^^ required by this const generic parameter in `Run::<METRICS>::answer`
...
740 |     pub fn answer(&self, outputs: &[usize]) -> Option<Answer> {
    |            ------ required by a bound in this associated function
help: consider giving `run` an explicit type, where the value of const parameter `METRICS` is specified
    |
679 |     let mut run: Run<METRICS> = local::Run::default();
    |                ++++++++++++++

error[E0284]: type annotations needed for `Run<_>`
   --> research/chr-relational/tests/chr_constructors.rs:707:9
    |
707 |     let mut run = local::Run::default();
    |         ^^^^^^^   ---------- type must be known at this point
    |
note: required by a const generic parameter in `Run`
   --> research/chr-relational/tests/support/local_ports.rs:153:16
    |
153 | pub struct Run<const METRICS: bool = true> {
    |                ^^^^^^^^^^^^^^^^^^^^^^^^^^ required by this const generic parameter in `Run`
help: consider giving `run` an explicit type, where the value of const parameter `METRICS` is specified
    |
707 |     let mut run: Run<METRICS> = local::Run::default();
    |                ++++++++++++++

error[E0284]: type annotations needed for `Run<_>`
   --> research/chr-relational/tests/chr_constructors.rs:707:9
    |
707 |     let mut run = local::Run::default();
    |         ^^^^^^^   ---------- type must be known at this point
    |
note: required for `Run<_>` to implement `Default`
   --> research/chr-relational/tests/support/local_ports.rs:153:12
    |
152 | #[derive(Clone, Default)]
    |                 ------- in this derive macro expansion
153 | pub struct Run<const METRICS: bool = true> {
    |            ^^^ -------------------------- type parameter would need to implement `Default`
    = help: consider manually implementing `Default` to avoid undesired bounds
help: consider giving `run` an explicit type, where the value of const parameter `METRICS` is specified
    |
707 |     let mut run: Run<METRICS> = local::Run::default();
    |                ++++++++++++++

error[E0284]: type annotations needed for `Run<_>`
   --> research/chr-relational/tests/chr_constructors.rs:707:9
    |
707 |     let mut run = local::Run::default();
    |         ^^^^^^^
708 |     let x = run.value();
    |                 ----- type must be known at this point
    |
note: required by a const generic parameter in `Run::<METRICS>::value`
   --> research/chr-relational/tests/support/local_ports.rs:173:6
    |
173 | impl<const METRICS: bool> Run<METRICS> {
    |      ^^^^^^^^^^^^^^^^^^^ required by this const generic parameter in `Run::<METRICS>::value`
...
206 |     pub fn value(&mut self) -> usize {
    |            ----- required by a bound in this associated function
help: consider giving `run` an explicit type, where the value of const parameter `METRICS` is specified
    |
707 |     let mut run: Run<METRICS> = local::Run::default();
    |                ++++++++++++++

error[E0284]: type annotations needed for `Run<_>`
   --> research/chr-relational/tests/chr_constructors.rs:707:9
    |
707 |     let mut run = local::Run::default();
    |         ^^^^^^^
708 |     let x = run.value();
709 |     let y = run.value();
    |                 ----- type must be known at this point
    |
note: required by a const generic parameter in `Run::<METRICS>::value`
   --> research/chr-relational/tests/support/local_ports.rs:173:6
    |
173 | impl<const METRICS: bool> Run<METRICS> {
    |      ^^^^^^^^^^^^^^^^^^^ required by this const generic parameter in `Run::<METRICS>::value`
...
206 |     pub fn value(&mut self) -> usize {
    |            ----- required by a bound in this associated function
help: consider giving `run` an explicit type, where the value of const parameter `METRICS` is specified
    |
707 |     let mut run: Run<METRICS> = local::Run::default();
    |                ++++++++++++++

error[E0284]: type annotations needed for `Run<_>`
   --> research/chr-relational/tests/chr_constructors.rs:707:9
    |
707 |     let mut run = local::Run::default();
    |         ^^^^^^^
...
710 |     let inner = run.value();
    |                     ----- type must be known at this point
    |
note: required by a const generic parameter in `Run::<METRICS>::value`
   --> research/chr-relational/tests/support/local_ports.rs:173:6
    |
173 | impl<const METRICS: bool> Run<METRICS> {
    |      ^^^^^^^^^^^^^^^^^^^ required by this const generic parameter in `Run::<METRICS>::value`
...
206 |     pub fn value(&mut self) -> usize {
    |            ----- required by a bound in this associated function
help: consider giving `run` an explicit type, where the value of const parameter `METRICS` is specified
    |
707 |     let mut run: Run<METRICS> = local::Run::default();
    |                ++++++++++++++

error[E0284]: type annotations needed for `Run<_>`
   --> research/chr-relational/tests/chr_constructors.rs:707:9
    |
707 |     let mut run = local::Run::default();
    |         ^^^^^^^
...
711 |     let leaf = run.value();
    |                    ----- type must be known at this point
    |
note: required by a const generic parameter in `Run::<METRICS>::value`
   --> research/chr-relational/tests/support/local_ports.rs:173:6
    |
173 | impl<const METRICS: bool> Run<METRICS> {
    |      ^^^^^^^^^^^^^^^^^^^ required by this const generic parameter in `Run::<METRICS>::value`
...
206 |     pub fn value(&mut self) -> usize {
    |            ----- required by a bound in this associated function
help: consider giving `run` an explicit type, where the value of const parameter `METRICS` is specified
    |
707 |     let mut run: Run<METRICS> = local::Run::default();
    |                ++++++++++++++

error[E0284]: type annotations needed for `Run<_>`
   --> research/chr-relational/tests/chr_constructors.rs:707:9
    |
707 |     let mut run = local::Run::default();
    |         ^^^^^^^
...
712 |     run.post(&plan, x, y);
    |         ---- type must be known at this point
    |
note: required by a const generic parameter in `Run::<METRICS>::post`
   --> research/chr-relational/tests/support/local_ports.rs:173:6
    |
173 | impl<const METRICS: bool> Run<METRICS> {
    |      ^^^^^^^^^^^^^^^^^^^ required by this const generic parameter in `Run::<METRICS>::post`
...
226 |     pub fn post(&mut self, plan: &Arc<Plan>, input: usize, output: usize) {
    |            ---- required by a bound in this associated function
help: consider giving `run` an explicit type, where the value of const parameter `METRICS` is specified
    |
707 |     let mut run: Run<METRICS> = local::Run::default();
    |                ++++++++++++++

error[E0284]: type annotations needed for `Run<_>`
   --> research/chr-relational/tests/chr_constructors.rs:707:9
    |
707 |     let mut run = local::Run::default();
    |         ^^^^^^^
...
713 |     run.token();
    |         ----- type must be known at this point
    |
note: required by a const generic parameter in `Run::<METRICS>::token`
   --> research/chr-relational/tests/support/local_ports.rs:173:6
    |
173 | impl<const METRICS: bool> Run<METRICS> {
    |      ^^^^^^^^^^^^^^^^^^^ required by this const generic parameter in `Run::<METRICS>::token`
...
239 |     pub fn token(&mut self) {
    |            ----- required by a bound in this associated function
help: consider giving `run` an explicit type, where the value of const parameter `METRICS` is specified
    |
707 |     let mut run: Run<METRICS> = local::Run::default();
    |                ++++++++++++++

error[E0284]: type annotations needed for `Run<_>`
   --> research/chr-relational/tests/chr_constructors.rs:707:9
    |
707 |     let mut run = local::Run::default();
    |         ^^^^^^^
...
714 |     run.describe(x, "f", vec![inner]);
    |         -------- type must be known at this point
    |
note: required by a const generic parameter in `Run::<METRICS>::describe`
   --> research/chr-relational/tests/support/local_ports.rs:173:6
    |
173 | impl<const METRICS: bool> Run<METRICS> {
    |      ^^^^^^^^^^^^^^^^^^^ required by this const generic parameter in `Run::<METRICS>::describe`
...
215 |     pub fn describe(&mut self, value: usize, name: &str, children: Vec<usize>) {
    |            -------- required by a bound in this associated function
help: consider giving `run` an explicit type, where the value of const parameter `METRICS` is specified
    |
707 |     let mut run: Run<METRICS> = local::Run::default();
    |                ++++++++++++++

error[E0284]: type annotations needed for `Run<_>`
   --> research/chr-relational/tests/chr_constructors.rs:707:9
    |
707 |     let mut run = local::Run::default();
    |         ^^^^^^^
...
715 |     run.settle();
    |         ------ type must be known at this point
    |
note: required by a const generic parameter in `Run::<METRICS>::settle`
   --> research/chr-relational/tests/support/local_ports.rs:173:6
    |
173 | impl<const METRICS: bool> Run<METRICS> {
    |      ^^^^^^^^^^^^^^^^^^^ required by this const generic parameter in `Run::<METRICS>::settle`
...
664 |     pub fn settle(&mut self) {
    |            ------ required by a bound in this associated function
help: consider giving `run` an explicit type, where the value of const parameter `METRICS` is specified
    |
707 |     let mut run: Run<METRICS> = local::Run::default();
    |                ++++++++++++++

error[E0284]: type annotations needed for `Run<_>`
   --> research/chr-relational/tests/chr_constructors.rs:707:9
    |
707 |     let mut run = local::Run::default();
    |         ^^^^^^^
...
720 |     run.describe(leaf, "a", vec![]);
    |         -------- type must be known at this point
    |
note: required by a const generic parameter in `Run::<METRICS>::describe`
   --> research/chr-relational/tests/support/local_ports.rs:173:6
    |
173 | impl<const METRICS: bool> Run<METRICS> {
    |      ^^^^^^^^^^^^^^^^^^^ required by this const generic parameter in `Run::<METRICS>::describe`
...
215 |     pub fn describe(&mut self, value: usize, name: &str, children: Vec<usize>) {
    |            -------- required by a bound in this associated function
help: consider giving `run` an explicit type, where the value of const parameter `METRICS` is specified
    |
707 |     let mut run: Run<METRICS> = local::Run::default();
    |                ++++++++++++++

error[E0284]: type annotations needed for `Run<_>`
   --> research/chr-relational/tests/chr_constructors.rs:707:9
    |
707 |     let mut run = local::Run::default();
    |         ^^^^^^^
...
721 |     run.describe(inner, "g", vec![leaf]);
    |         -------- type must be known at this point
    |
note: required by a const generic parameter in `Run::<METRICS>::describe`
   --> research/chr-relational/tests/support/local_ports.rs:173:6
    |
173 | impl<const METRICS: bool> Run<METRICS> {
    |      ^^^^^^^^^^^^^^^^^^^ required by this const generic parameter in `Run::<METRICS>::describe`
...
215 |     pub fn describe(&mut self, value: usize, name: &str, children: Vec<usize>) {
    |            -------- required by a bound in this associated function
help: consider giving `run` an explicit type, where the value of const parameter `METRICS` is specified
    |
707 |     let mut run: Run<METRICS> = local::Run::default();
    |                ++++++++++++++

error[E0284]: type annotations needed for `Run<_>`
   --> research/chr-relational/tests/chr_constructors.rs:707:9
    |
707 |     let mut run = local::Run::default();
    |         ^^^^^^^
...
722 |     run.settle();
    |         ------ type must be known at this point
    |
note: required by a const generic parameter in `Run::<METRICS>::settle`
   --> research/chr-relational/tests/support/local_ports.rs:173:6
    |
173 | impl<const METRICS: bool> Run<METRICS> {
    |      ^^^^^^^^^^^^^^^^^^^ required by this const generic parameter in `Run::<METRICS>::settle`
...
664 |     pub fn settle(&mut self) {
    |            ------ required by a bound in this associated function
help: consider giving `run` an explicit type, where the value of const parameter `METRICS` is specified
    |
707 |     let mut run: Run<METRICS> = local::Run::default();
    |                ++++++++++++++

error[E0284]: type annotations needed for `Run<_>`
   --> research/chr-relational/tests/chr_constructors.rs:707:9
    |
707 |     let mut run = local::Run::default();
    |         ^^^^^^^
...
739 |     oracle::same_raw(run.answer(&[x, y]).into_iter().collect(), expected);
    |                          ------ type must be known at this point
    |
note: required by a const generic parameter in `Run::<METRICS>::answer`
   --> research/chr-relational/tests/support/local_ports.rs:173:6
    |
173 | impl<const METRICS: bool> Run<METRICS> {
    |      ^^^^^^^^^^^^^^^^^^^ required by this const generic parameter in `Run::<METRICS>::answer`
...
740 |     pub fn answer(&self, outputs: &[usize]) -> Option<Answer> {
    |            ------ required by a bound in this associated function
help: consider giving `run` an explicit type, where the value of const parameter `METRICS` is specified
    |
707 |     let mut run: Run<METRICS> = local::Run::default();
    |                ++++++++++++++

error[E0284]: type annotations needed for `Run<_>`
   --> research/chr-relational/tests/chr_constructors.rs:868:21
    |
868 |                 let mut run = local::Run::with_dependencies(mode);
    |                     ^^^^^^^   ---------- type must be known at this point
    |
note: required by a const generic parameter in `Run`
   --> research/chr-relational/tests/support/local_ports.rs:153:16
    |
153 | pub struct Run<const METRICS: bool = true> {
    |                ^^^^^^^^^^^^^^^^^^^^^^^^^^ required by this const generic parameter in `Run`
help: consider giving `run` an explicit type, where the value of const parameter `METRICS` is specified
    |
868 |                 let mut run: Run<METRICS> = local::Run::with_dependencies(mode);
    |                            ++++++++++++++

error[E0284]: type annotations needed for `Run<_>`
   --> research/chr-relational/tests/chr_constructors.rs:868:21
    |
868 |                 let mut run = local::Run::with_dependencies(mode);
    |                     ^^^^^^^   ----------------------------------- type must be known at this point
    |
note: required by a const generic parameter in `Run::<METRICS>::with_dependencies`
   --> research/chr-relational/tests/support/local_ports.rs:173:6
    |
173 | impl<const METRICS: bool> Run<METRICS> {
    |      ^^^^^^^^^^^^^^^^^^^ required by this const generic parameter in `Run::<METRICS>::with_dependencies`
174 |     pub fn with_dependencies(mode: DependencyMode) -> Self {
    |            ----------------- required by a bound in this associated function
help: consider giving `run` an explicit type, where the value of const parameter `METRICS` is specified
    |
868 |                 let mut run: Run<METRICS> = local::Run::with_dependencies(mode);
    |                            ++++++++++++++

error[E0284]: type annotations needed for `Run<_>`
   --> research/chr-relational/tests/chr_constructors.rs:868:21
    |
868 |                 let mut run = local::Run::with_dependencies(mode);
    |                     ^^^^^^^
869 |                 let input = run.value();
    |                                 ----- type must be known at this point
    |
note: required by a const generic parameter in `Run::<METRICS>::value`
   --> research/chr-relational/tests/support/local_ports.rs:173:6
    |
173 | impl<const METRICS: bool> Run<METRICS> {
    |      ^^^^^^^^^^^^^^^^^^^ required by this const generic parameter in `Run::<METRICS>::value`
...
206 |     pub fn value(&mut self) -> usize {
    |            ----- required by a bound in this associated function
help: consider giving `run` an explicit type, where the value of const parameter `METRICS` is specified
    |
868 |                 let mut run: Run<METRICS> = local::Run::with_dependencies(mode);
    |                            ++++++++++++++

error[E0284]: type annotations needed for `Run<_>`
   --> research/chr-relational/tests/chr_constructors.rs:868:21
    |
868 |                 let mut run = local::Run::with_dependencies(mode);
    |                     ^^^^^^^
869 |                 let input = run.value();
870 |                 let output = run.value();
    |                                  ----- type must be known at this point
    |
note: required by a const generic parameter in `Run::<METRICS>::value`
   --> research/chr-relational/tests/support/local_ports.rs:173:6
    |
173 | impl<const METRICS: bool> Run<METRICS> {
    |      ^^^^^^^^^^^^^^^^^^^ required by this const generic parameter in `Run::<METRICS>::value`
...
206 |     pub fn value(&mut self) -> usize {
    |            ----- required by a bound in this associated function
help: consider giving `run` an explicit type, where the value of const parameter `METRICS` is specified
    |
868 |                 let mut run: Run<METRICS> = local::Run::with_dependencies(mode);
    |                            ++++++++++++++

error[E0284]: type annotations needed for `Run<_>`
   --> research/chr-relational/tests/chr_constructors.rs:868:21
    |
868 |                 let mut run = local::Run::with_dependencies(mode);
    |                     ^^^^^^^
...
871 |                 let described = run.value();
    |                                     ----- type must be known at this point
    |
note: required by a const generic parameter in `Run::<METRICS>::value`
   --> research/chr-relational/tests/support/local_ports.rs:173:6
    |
173 | impl<const METRICS: bool> Run<METRICS> {
    |      ^^^^^^^^^^^^^^^^^^^ required by this const generic parameter in `Run::<METRICS>::value`
...
206 |     pub fn value(&mut self) -> usize {
    |            ----- required by a bound in this associated function
help: consider giving `run` an explicit type, where the value of const parameter `METRICS` is specified
    |
868 |                 let mut run: Run<METRICS> = local::Run::with_dependencies(mode);
    |                            ++++++++++++++

error[E0284]: type annotations needed for `Run<_>`
   --> research/chr-relational/tests/chr_constructors.rs:868:21
    |
868 |                 let mut run = local::Run::with_dependencies(mode);
    |                     ^^^^^^^
...
872 |                 let inner = run.value();
    |                                 ----- type must be known at this point
    |
note: required by a const generic parameter in `Run::<METRICS>::value`
   --> research/chr-relational/tests/support/local_ports.rs:173:6
    |
173 | impl<const METRICS: bool> Run<METRICS> {
    |      ^^^^^^^^^^^^^^^^^^^ required by this const generic parameter in `Run::<METRICS>::value`
...
206 |     pub fn value(&mut self) -> usize {
    |            ----- required by a bound in this associated function
help: consider giving `run` an explicit type, where the value of const parameter `METRICS` is specified
    |
868 |                 let mut run: Run<METRICS> = local::Run::with_dependencies(mode);
    |                            ++++++++++++++

error[E0284]: type annotations needed for `Run<_>`
   --> research/chr-relational/tests/chr_constructors.rs:868:21
    |
868 |                 let mut run = local::Run::with_dependencies(mode);
    |                     ^^^^^^^
...
873 |                 let inner_alias = run.value();
    |                                       ----- type must be known at this point
    |
note: required by a const generic parameter in `Run::<METRICS>::value`
   --> research/chr-relational/tests/support/local_ports.rs:173:6
    |
173 | impl<const METRICS: bool> Run<METRICS> {
    |      ^^^^^^^^^^^^^^^^^^^ required by this const generic parameter in `Run::<METRICS>::value`
...
206 |     pub fn value(&mut self) -> usize {
    |            ----- required by a bound in this associated function
help: consider giving `run` an explicit type, where the value of const parameter `METRICS` is specified
    |
868 |                 let mut run: Run<METRICS> = local::Run::with_dependencies(mode);
    |                            ++++++++++++++

error[E0284]: type annotations needed for `Run<_>`
   --> research/chr-relational/tests/chr_constructors.rs:868:21
    |
868 |                 let mut run = local::Run::with_dependencies(mode);
    |                     ^^^^^^^
...
874 |                 let leaf = run.value();
    |                                ----- type must be known at this point
    |
note: required by a const generic parameter in `Run::<METRICS>::value`
   --> research/chr-relational/tests/support/local_ports.rs:173:6
    |
173 | impl<const METRICS: bool> Run<METRICS> {
    |      ^^^^^^^^^^^^^^^^^^^ required by this const generic parameter in `Run::<METRICS>::value`
...
206 |     pub fn value(&mut self) -> usize {
    |            ----- required by a bound in this associated function
help: consider giving `run` an explicit type, where the value of const parameter `METRICS` is specified
    |
868 |                 let mut run: Run<METRICS> = local::Run::with_dependencies(mode);
    |                            ++++++++++++++

error[E0284]: type annotations needed for `Run<_>`
   --> research/chr-relational/tests/chr_constructors.rs:868:21
    |
868 |                 let mut run = local::Run::with_dependencies(mode);
    |                     ^^^^^^^
...
876 |                     let h = run.value();
    |                                 ----- type must be known at this point
    |
note: required by a const generic parameter in `Run::<METRICS>::value`
   --> research/chr-relational/tests/support/local_ports.rs:173:6
    |
173 | impl<const METRICS: bool> Run<METRICS> {
    |      ^^^^^^^^^^^^^^^^^^^ required by this const generic parameter in `Run::<METRICS>::value`
...
206 |     pub fn value(&mut self) -> usize {
    |            ----- required by a bound in this associated function
help: consider giving `run` an explicit type, where the value of const parameter `METRICS` is specified
    |
868 |                 let mut run: Run<METRICS> = local::Run::with_dependencies(mode);
    |                            ++++++++++++++

error[E0284]: type annotations needed for `Run<_>`
   --> research/chr-relational/tests/chr_constructors.rs:868:21
    |
868 |                 let mut run = local::Run::with_dependencies(mode);
    |                     ^^^^^^^
...
877 |                     run.equate(if large_input { input } else { described }, h);
    |                         ------ type must be known at this point
    |
note: required by a const generic parameter in `Run::<METRICS>::equate`
   --> research/chr-relational/tests/support/local_ports.rs:173:6
    |
173 | impl<const METRICS: bool> Run<METRICS> {
    |      ^^^^^^^^^^^^^^^^^^^ required by this const generic parameter in `Run::<METRICS>::equate`
...
223 |     pub fn equate(&mut self, left: usize, right: usize) {
    |            ------ required by a bound in this associated function
help: consider giving `run` an explicit type, where the value of const parameter `METRICS` is specified
    |
868 |                 let mut run: Run<METRICS> = local::Run::with_dependencies(mode);
    |                            ++++++++++++++

error[E0284]: type annotations needed for `Run<_>`
   --> research/chr-relational/tests/chr_constructors.rs:868:21
    |
868 |                 let mut run = local::Run::with_dependencies(mode);
    |                     ^^^^^^^
...
878 |                     let h = run.value();
    |                                 ----- type must be known at this point
    |
note: required by a const generic parameter in `Run::<METRICS>::value`
   --> research/chr-relational/tests/support/local_ports.rs:173:6
    |
173 | impl<const METRICS: bool> Run<METRICS> {
    |      ^^^^^^^^^^^^^^^^^^^ required by this const generic parameter in `Run::<METRICS>::value`
...
206 |     pub fn value(&mut self) -> usize {
    |            ----- required by a bound in this associated function
help: consider giving `run` an explicit type, where the value of const parameter `METRICS` is specified
    |
868 |                 let mut run: Run<METRICS> = local::Run::with_dependencies(mode);
    |                            ++++++++++++++

error[E0284]: type annotations needed for `Run<_>`
   --> research/chr-relational/tests/chr_constructors.rs:868:21
    |
868 |                 let mut run = local::Run::with_dependencies(mode);
    |                     ^^^^^^^
...
879 |                     run.equate(if large_inner { inner } else { inner_alias }, h);
    |                         ------ type must be known at this point
    |
note: required by a const generic parameter in `Run::<METRICS>::equate`
   --> research/chr-relational/tests/support/local_ports.rs:173:6
    |
173 | impl<const METRICS: bool> Run<METRICS> {
    |      ^^^^^^^^^^^^^^^^^^^ required by this const generic parameter in `Run::<METRICS>::equate`
...
223 |     pub fn equate(&mut self, left: usize, right: usize) {
    |            ------ required by a bound in this associated function
help: consider giving `run` an explicit type, where the value of const parameter `METRICS` is specified
    |
868 |                 let mut run: Run<METRICS> = local::Run::with_dependencies(mode);
    |                            ++++++++++++++

error[E0284]: type annotations needed for `Run<_>`
   --> research/chr-relational/tests/chr_constructors.rs:868:21
    |
868 |                 let mut run = local::Run::with_dependencies(mode);
    |                     ^^^^^^^
...
881 |                 run.settle();
    |                     ------ type must be known at this point
    |
note: required by a const generic parameter in `Run::<METRICS>::settle`
   --> research/chr-relational/tests/support/local_ports.rs:173:6
    |
173 | impl<const METRICS: bool> Run<METRICS> {
    |      ^^^^^^^^^^^^^^^^^^^ required by this const generic parameter in `Run::<METRICS>::settle`
...
664 |     pub fn settle(&mut self) {
    |            ------ required by a bound in this associated function
help: consider giving `run` an explicit type, where the value of const parameter `METRICS` is specified
    |
868 |                 let mut run: Run<METRICS> = local::Run::with_dependencies(mode);
    |                            ++++++++++++++

error[E0284]: type annotations needed for `Run<_>`
   --> research/chr-relational/tests/chr_constructors.rs:868:21
    |
868 |                 let mut run = local::Run::with_dependencies(mode);
    |                     ^^^^^^^
...
882 |                 run.assert_dependency_integrity();
    |                     --------------------------- type must be known at this point
    |
note: required by a const generic parameter in `Run::<METRICS>::assert_dependency_integrity`
   --> research/chr-relational/tests/support/local_ports.rs:173:6
    |
173 | impl<const METRICS: bool> Run<METRICS> {
    |      ^^^^^^^^^^^^^^^^^^^ required by this const generic parameter in `Run::<METRICS>::assert_dependency_integrity`
...
468 |     pub fn assert_dependency_integrity(&self) {
    |            --------------------------- required by a bound in this associated function
help: consider giving `run` an explicit type, where the value of const parameter `METRICS` is specified
    |
868 |                 let mut run: Run<METRICS> = local::Run::with_dependencies(mode);
    |                            ++++++++++++++

error[E0284]: type annotations needed for `Run<_>`
   --> research/chr-relational/tests/chr_constructors.rs:868:21
    |
868 |                 let mut run = local::Run::with_dependencies(mode);
    |                     ^^^^^^^
...
883 |                 run.post(&plan, input, output);
    |                     ---- type must be known at this point
    |
note: required by a const generic parameter in `Run::<METRICS>::post`
   --> research/chr-relational/tests/support/local_ports.rs:173:6
    |
173 | impl<const METRICS: bool> Run<METRICS> {
    |      ^^^^^^^^^^^^^^^^^^^ required by this const generic parameter in `Run::<METRICS>::post`
...
226 |     pub fn post(&mut self, plan: &Arc<Plan>, input: usize, output: usize) {
    |            ---- required by a bound in this associated function
help: consider giving `run` an explicit type, where the value of const parameter `METRICS` is specified
    |
868 |                 let mut run: Run<METRICS> = local::Run::with_dependencies(mode);
    |                            ++++++++++++++

error[E0284]: type annotations needed for `Run<_>`
   --> research/chr-relational/tests/chr_constructors.rs:868:21
    |
868 |                 let mut run = local::Run::with_dependencies(mode);
    |                     ^^^^^^^
...
884 |                 run.token();
    |                     ----- type must be known at this point
    |
note: required by a const generic parameter in `Run::<METRICS>::token`
   --> research/chr-relational/tests/support/local_ports.rs:173:6
    |
173 | impl<const METRICS: bool> Run<METRICS> {
    |      ^^^^^^^^^^^^^^^^^^^ required by this const generic parameter in `Run::<METRICS>::token`
...
239 |     pub fn token(&mut self) {
    |            ----- required by a bound in this associated function
help: consider giving `run` an explicit type, where the value of const parameter `METRICS` is specified
    |
868 |                 let mut run: Run<METRICS> = local::Run::with_dependencies(mode);
    |                            ++++++++++++++

error[E0284]: type annotations needed for `Run<_>`
   --> research/chr-relational/tests/chr_constructors.rs:868:21
    |
868 |                 let mut run = local::Run::with_dependencies(mode);
    |                     ^^^^^^^
...
885 |                 run.describe(described, "f", vec![inner]);
    |                     -------- type must be known at this point
    |
note: required by a const generic parameter in `Run::<METRICS>::describe`
   --> research/chr-relational/tests/support/local_ports.rs:173:6
    |
173 | impl<const METRICS: bool> Run<METRICS> {
    |      ^^^^^^^^^^^^^^^^^^^ required by this const generic parameter in `Run::<METRICS>::describe`
...
215 |     pub fn describe(&mut self, value: usize, name: &str, children: Vec<usize>) {
    |            -------- required by a bound in this associated function
help: consider giving `run` an explicit type, where the value of const parameter `METRICS` is specified
    |
868 |                 let mut run: Run<METRICS> = local::Run::with_dependencies(mode);
    |                            ++++++++++++++

error[E0284]: type annotations needed for `Run<_>`
   --> research/chr-relational/tests/chr_constructors.rs:868:21
    |
868 |                 let mut run = local::Run::with_dependencies(mode);
    |                     ^^^^^^^
...
886 |                 run.settle();
    |                     ------ type must be known at this point
    |
note: required by a const generic parameter in `Run::<METRICS>::settle`
   --> research/chr-relational/tests/support/local_ports.rs:173:6
    |
173 | impl<const METRICS: bool> Run<METRICS> {
    |      ^^^^^^^^^^^^^^^^^^^ required by this const generic parameter in `Run::<METRICS>::settle`
...
664 |     pub fn settle(&mut self) {
    |            ------ required by a bound in this associated function
help: consider giving `run` an explicit type, where the value of const parameter `METRICS` is specified
    |
868 |                 let mut run: Run<METRICS> = local::Run::with_dependencies(mode);
    |                            ++++++++++++++

error[E0284]: type annotations needed for `Run<_>`
   --> research/chr-relational/tests/chr_constructors.rs:868:21
    |
868 |                 let mut run = local::Run::with_dependencies(mode);
    |                     ^^^^^^^
...
887 |                 run.assert_dependency_integrity();
    |                     --------------------------- type must be known at this point
    |
note: required by a const generic parameter in `Run::<METRICS>::assert_dependency_integrity`
   --> research/chr-relational/tests/support/local_ports.rs:173:6
    |
173 | impl<const METRICS: bool> Run<METRICS> {
    |      ^^^^^^^^^^^^^^^^^^^ required by this const generic parameter in `Run::<METRICS>::assert_dependency_integrity`
...
468 |     pub fn assert_dependency_integrity(&self) {
    |            --------------------------- required by a bound in this associated function
help: consider giving `run` an explicit type, where the value of const parameter `METRICS` is specified
    |
868 |                 let mut run: Run<METRICS> = local::Run::with_dependencies(mode);
    |                            ++++++++++++++

error[E0284]: type annotations needed for `Run<_>`
   --> research/chr-relational/tests/chr_constructors.rs:868:21
    |
868 |                 let mut run = local::Run::with_dependencies(mode);
    |                     ^^^^^^^
...
889 |                 run.equate(input, described);
    |                     ------ type must be known at this point
    |
note: required by a const generic parameter in `Run::<METRICS>::equate`
   --> research/chr-relational/tests/support/local_ports.rs:173:6
    |
173 | impl<const METRICS: bool> Run<METRICS> {
    |      ^^^^^^^^^^^^^^^^^^^ required by this const generic parameter in `Run::<METRICS>::equate`
...
223 |     pub fn equate(&mut self, left: usize, right: usize) {
    |            ------ required by a bound in this associated function
help: consider giving `run` an explicit type, where the value of const parameter `METRICS` is specified
    |
868 |                 let mut run: Run<METRICS> = local::Run::with_dependencies(mode);
    |                            ++++++++++++++

error[E0284]: type annotations needed for `Run<_>`
   --> research/chr-relational/tests/chr_constructors.rs:868:21
    |
868 |                 let mut run = local::Run::with_dependencies(mode);
    |                     ^^^^^^^
...
890 |                 run.settle();
    |                     ------ type must be known at this point
    |
note: required by a const generic parameter in `Run::<METRICS>::settle`
   --> research/chr-relational/tests/support/local_ports.rs:173:6
    |
173 | impl<const METRICS: bool> Run<METRICS> {
    |      ^^^^^^^^^^^^^^^^^^^ required by this const generic parameter in `Run::<METRICS>::settle`
...
664 |     pub fn settle(&mut self) {
    |            ------ required by a bound in this associated function
help: consider giving `run` an explicit type, where the value of const parameter `METRICS` is specified
    |
868 |                 let mut run: Run<METRICS> = local::Run::with_dependencies(mode);
    |                            ++++++++++++++

error[E0284]: type annotations needed for `Run<_>`
   --> research/chr-relational/tests/chr_constructors.rs:868:21
    |
868 |                 let mut run = local::Run::with_dependencies(mode);
    |                     ^^^^^^^
...
891 |                 run.assert_dependency_integrity();
    |                     --------------------------- type must be known at this point
    |
note: required by a const generic parameter in `Run::<METRICS>::assert_dependency_integrity`
   --> research/chr-relational/tests/support/local_ports.rs:173:6
    |
173 | impl<const METRICS: bool> Run<METRICS> {
    |      ^^^^^^^^^^^^^^^^^^^ required by this const generic parameter in `Run::<METRICS>::assert_dependency_integrity`
...
468 |     pub fn assert_dependency_integrity(&self) {
    |            --------------------------- required by a bound in this associated function
help: consider giving `run` an explicit type, where the value of const parameter `METRICS` is specified
    |
868 |                 let mut run: Run<METRICS> = local::Run::with_dependencies(mode);
    |                            ++++++++++++++

error[E0284]: type annotations needed for `Run<_>`
   --> research/chr-relational/tests/chr_constructors.rs:868:21
    |
868 |                 let mut run = local::Run::with_dependencies(mode);
    |                     ^^^^^^^
...
894 |                 run.equate(inner, inner_alias);
    |                     ------ type must be known at this point
    |
note: required by a const generic parameter in `Run::<METRICS>::equate`
   --> research/chr-relational/tests/support/local_ports.rs:173:6
    |
173 | impl<const METRICS: bool> Run<METRICS> {
    |      ^^^^^^^^^^^^^^^^^^^ required by this const generic parameter in `Run::<METRICS>::equate`
...
223 |     pub fn equate(&mut self, left: usize, right: usize) {
    |            ------ required by a bound in this associated function
help: consider giving `run` an explicit type, where the value of const parameter `METRICS` is specified
    |
868 |                 let mut run: Run<METRICS> = local::Run::with_dependencies(mode);
    |                            ++++++++++++++

error[E0284]: type annotations needed for `Run<_>`
   --> research/chr-relational/tests/chr_constructors.rs:868:21
    |
868 |                 let mut run = local::Run::with_dependencies(mode);
    |                     ^^^^^^^
...
895 |                 run.settle();
    |                     ------ type must be known at this point
    |
note: required by a const generic parameter in `Run::<METRICS>::settle`
   --> research/chr-relational/tests/support/local_ports.rs:173:6
    |
173 | impl<const METRICS: bool> Run<METRICS> {
    |      ^^^^^^^^^^^^^^^^^^^ required by this const generic parameter in `Run::<METRICS>::settle`
...
664 |     pub fn settle(&mut self) {
    |            ------ required by a bound in this associated function
help: consider giving `run` an explicit type, where the value of const parameter `METRICS` is specified
    |
868 |                 let mut run: Run<METRICS> = local::Run::with_dependencies(mode);
    |                            ++++++++++++++

error[E0284]: type annotations needed for `Run<_>`
   --> research/chr-relational/tests/chr_constructors.rs:868:21
    |
868 |                 let mut run = local::Run::with_dependencies(mode);
    |                     ^^^^^^^
...
896 |                 run.assert_dependency_integrity();
    |                     --------------------------- type must be known at this point
    |
note: required by a const generic parameter in `Run::<METRICS>::assert_dependency_integrity`
   --> research/chr-relational/tests/support/local_ports.rs:173:6
    |
173 | impl<const METRICS: bool> Run<METRICS> {
    |      ^^^^^^^^^^^^^^^^^^^ required by this const generic parameter in `Run::<METRICS>::assert_dependency_integrity`
...
468 |     pub fn assert_dependency_integrity(&self) {
    |            --------------------------- required by a bound in this associated function
help: consider giving `run` an explicit type, where the value of const parameter `METRICS` is specified
    |
868 |                 let mut run: Run<METRICS> = local::Run::with_dependencies(mode);
    |                            ++++++++++++++

error[E0284]: type annotations needed for `Run<_>`
   --> research/chr-relational/tests/chr_constructors.rs:868:21
    |
868 |                 let mut run = local::Run::with_dependencies(mode);
    |                     ^^^^^^^
...
898 |                 run.describe(leaf, "a", vec![]);
    |                     -------- type must be known at this point
    |
note: required by a const generic parameter in `Run::<METRICS>::describe`
   --> research/chr-relational/tests/support/local_ports.rs:173:6
    |
173 | impl<const METRICS: bool> Run<METRICS> {
    |      ^^^^^^^^^^^^^^^^^^^ required by this const generic parameter in `Run::<METRICS>::describe`
...
215 |     pub fn describe(&mut self, value: usize, name: &str, children: Vec<usize>) {
    |            -------- required by a bound in this associated function
help: consider giving `run` an explicit type, where the value of const parameter `METRICS` is specified
    |
868 |                 let mut run: Run<METRICS> = local::Run::with_dependencies(mode);
    |                            ++++++++++++++

error[E0284]: type annotations needed for `Run<_>`
   --> research/chr-relational/tests/chr_constructors.rs:868:21
    |
868 |                 let mut run = local::Run::with_dependencies(mode);
    |                     ^^^^^^^
...
899 |                 run.describe(inner_alias, "g", vec![leaf]);
    |                     -------- type must be known at this point
    |
note: required by a const generic parameter in `Run::<METRICS>::describe`
   --> research/chr-relational/tests/support/local_ports.rs:173:6
    |
173 | impl<const METRICS: bool> Run<METRICS> {
    |      ^^^^^^^^^^^^^^^^^^^ required by this const generic parameter in `Run::<METRICS>::describe`
...
215 |     pub fn describe(&mut self, value: usize, name: &str, children: Vec<usize>) {
    |            -------- required by a bound in this associated function
help: consider giving `run` an explicit type, where the value of const parameter `METRICS` is specified
    |
868 |                 let mut run: Run<METRICS> = local::Run::with_dependencies(mode);
    |                            ++++++++++++++

error[E0284]: type annotations needed for `Run<_>`
   --> research/chr-relational/tests/chr_constructors.rs:868:21
    |
868 |                 let mut run = local::Run::with_dependencies(mode);
    |                     ^^^^^^^
...
900 |                 run.settle();
    |                     ------ type must be known at this point
    |
note: required by a const generic parameter in `Run::<METRICS>::settle`
   --> research/chr-relational/tests/support/local_ports.rs:173:6
    |
173 | impl<const METRICS: bool> Run<METRICS> {
    |      ^^^^^^^^^^^^^^^^^^^ required by this const generic parameter in `Run::<METRICS>::settle`
...
664 |     pub fn settle(&mut self) {
    |            ------ required by a bound in this associated function
help: consider giving `run` an explicit type, where the value of const parameter `METRICS` is specified
    |
868 |                 let mut run: Run<METRICS> = local::Run::with_dependencies(mode);
    |                            ++++++++++++++

error[E0284]: type annotations needed for `Run<_>`
   --> research/chr-relational/tests/chr_constructors.rs:868:21
    |
868 |                 let mut run = local::Run::with_dependencies(mode);
    |                     ^^^^^^^
...
901 |                 run.assert_dependency_integrity();
    |                     --------------------------- type must be known at this point
    |
note: required by a const generic parameter in `Run::<METRICS>::assert_dependency_integrity`
   --> research/chr-relational/tests/support/local_ports.rs:173:6
    |
173 | impl<const METRICS: bool> Run<METRICS> {
    |      ^^^^^^^^^^^^^^^^^^^ required by this const generic parameter in `Run::<METRICS>::assert_dependency_integrity`
...
468 |     pub fn assert_dependency_integrity(&self) {
    |            --------------------------- required by a bound in this associated function
help: consider giving `run` an explicit type, where the value of const parameter `METRICS` is specified
    |
868 |                 let mut run: Run<METRICS> = local::Run::with_dependencies(mode);
    |                            ++++++++++++++

error[E0284]: type annotations needed for `Run<_>`
   --> research/chr-relational/tests/chr_constructors.rs:868:21
    |
868 |                 let mut run = local::Run::with_dependencies(mode);
    |                     ^^^^^^^
...
904 |                     run.subscriptions(),
    |                         ------------- type must be known at this point
    |
note: required by a const generic parameter in `Run::<METRICS>::subscriptions`
   --> research/chr-relational/tests/support/local_ports.rs:173:6
    |
173 | impl<const METRICS: bool> Run<METRICS> {
    |      ^^^^^^^^^^^^^^^^^^^ required by this const generic parameter in `Run::<METRICS>::subscriptions`
...
199 |     pub fn subscriptions(&self) -> usize {
    |            ------------- required by a bound in this associated function
help: consider giving `run` an explicit type, where the value of const parameter `METRICS` is specified
    |
868 |                 let mut run: Run<METRICS> = local::Run::with_dependencies(mode);
    |                            ++++++++++++++

error[E0284]: type annotations needed for `Run<_>`
   --> research/chr-relational/tests/chr_constructors.rs:868:21
    |
868 |                 let mut run = local::Run::with_dependencies(mode);
    |                     ^^^^^^^
...
922 |                     run.answer(&[input, output]).into_iter().collect(),
    |                         ------ type must be known at this point
    |
note: required by a const generic parameter in `Run::<METRICS>::answer`
   --> research/chr-relational/tests/support/local_ports.rs:173:6
    |
173 | impl<const METRICS: bool> Run<METRICS> {
    |      ^^^^^^^^^^^^^^^^^^^ required by this const generic parameter in `Run::<METRICS>::answer`
...
740 |     pub fn answer(&self, outputs: &[usize]) -> Option<Answer> {
    |            ------ required by a bound in this associated function
help: consider giving `run` an explicit type, where the value of const parameter `METRICS` is specified
    |
868 |                 let mut run: Run<METRICS> = local::Run::with_dependencies(mode);
    |                            ++++++++++++++

error[E0284]: type annotations needed for `Run<_>`
   --> research/chr-relational/tests/chr_constructors.rs:868:21
    |
868 |                 let mut run = local::Run::with_dependencies(mode);
    |                     ^^^^^^^
...
927 |                 let extra = run.value();
    |                                 ----- type must be known at this point
    |
note: required by a const generic parameter in `Run::<METRICS>::value`
   --> research/chr-relational/tests/support/local_ports.rs:173:6
    |
173 | impl<const METRICS: bool> Run<METRICS> {
    |      ^^^^^^^^^^^^^^^^^^^ required by this const generic parameter in `Run::<METRICS>::value`
...
206 |     pub fn value(&mut self) -> usize {
    |            ----- required by a bound in this associated function
help: consider giving `run` an explicit type, where the value of const parameter `METRICS` is specified
    |
868 |                 let mut run: Run<METRICS> = local::Run::with_dependencies(mode);
    |                            ++++++++++++++

error[E0284]: type annotations needed for `Run<_>`
   --> research/chr-relational/tests/chr_constructors.rs:868:21
    |
868 |                 let mut run = local::Run::with_dependencies(mode);
    |                     ^^^^^^^
...
928 |                 run.equate(inner, extra);
    |                     ------ type must be known at this point
    |
note: required by a const generic parameter in `Run::<METRICS>::equate`
   --> research/chr-relational/tests/support/local_ports.rs:173:6
    |
173 | impl<const METRICS: bool> Run<METRICS> {
    |      ^^^^^^^^^^^^^^^^^^^ required by this const generic parameter in `Run::<METRICS>::equate`
...
223 |     pub fn equate(&mut self, left: usize, right: usize) {
    |            ------ required by a bound in this associated function
help: consider giving `run` an explicit type, where the value of const parameter `METRICS` is specified
    |
868 |                 let mut run: Run<METRICS> = local::Run::with_dependencies(mode);
    |                            ++++++++++++++

error[E0284]: type annotations needed for `Run<_>`
   --> research/chr-relational/tests/chr_constructors.rs:868:21
    |
868 |                 let mut run = local::Run::with_dependencies(mode);
    |                     ^^^^^^^
...
929 |                 run.settle();
    |                     ------ type must be known at this point
    |
note: required by a const generic parameter in `Run::<METRICS>::settle`
   --> research/chr-relational/tests/support/local_ports.rs:173:6
    |
173 | impl<const METRICS: bool> Run<METRICS> {
    |      ^^^^^^^^^^^^^^^^^^^ required by this const generic parameter in `Run::<METRICS>::settle`
...
664 |     pub fn settle(&mut self) {
    |            ------ required by a bound in this associated function
help: consider giving `run` an explicit type, where the value of const parameter `METRICS` is specified
    |
868 |                 let mut run: Run<METRICS> = local::Run::with_dependencies(mode);
    |                            ++++++++++++++

error[E0284]: type annotations needed for `Run<_>`
   --> research/chr-relational/tests/chr_constructors.rs:868:21
    |
868 |                 let mut run = local::Run::with_dependencies(mode);
    |                     ^^^^^^^
...
930 |                 run.assert_dependency_integrity();
    |                     --------------------------- type must be known at this point
    |
note: required by a const generic parameter in `Run::<METRICS>::assert_dependency_integrity`
   --> research/chr-relational/tests/support/local_ports.rs:173:6
    |
173 | impl<const METRICS: bool> Run<METRICS> {
    |      ^^^^^^^^^^^^^^^^^^^ required by this const generic parameter in `Run::<METRICS>::assert_dependency_integrity`
...
468 |     pub fn assert_dependency_integrity(&self) {
    |            --------------------------- required by a bound in this associated function
help: consider giving `run` an explicit type, where the value of const parameter `METRICS` is specified
    |
868 |                 let mut run: Run<METRICS> = local::Run::with_dependencies(mode);
    |                            ++++++++++++++

error[E0284]: type annotations needed for `Run<_>`
    --> research/chr-relational/tests/chr_constructors.rs:1081:17
     |
1081 |             let mut run = local::Run::with_dependencies(mode);
     |                 ^^^^^^^   ---------- type must be known at this point
     |
note: required by a const generic parameter in `Run`
    --> research/chr-relational/tests/support/local_ports.rs:153:16
     |
 153 | pub struct Run<const METRICS: bool = true> {
     |                ^^^^^^^^^^^^^^^^^^^^^^^^^^ required by this const generic parameter in `Run`
help: consider giving `run` an explicit type, where the value of const parameter `METRICS` is specified
     |
1081 |             let mut run: Run<METRICS> = local::Run::with_dependencies(mode);
     |                        ++++++++++++++

error[E0284]: type annotations needed for `Run<_>`
    --> research/chr-relational/tests/chr_constructors.rs:1081:17
     |
1081 |             let mut run = local::Run::with_dependencies(mode);
     |                 ^^^^^^^   ----------------------------------- type must be known at this point
     |
note: required by a const generic parameter in `Run::<METRICS>::with_dependencies`
    --> research/chr-relational/tests/support/local_ports.rs:173:6
     |
 173 | impl<const METRICS: bool> Run<METRICS> {
     |      ^^^^^^^^^^^^^^^^^^^ required by this const generic parameter in `Run::<METRICS>::with_dependencies`
 174 |     pub fn with_dependencies(mode: DependencyMode) -> Self {
     |            ----------------- required by a bound in this associated function
help: consider giving `run` an explicit type, where the value of const parameter `METRICS` is specified
     |
1081 |             let mut run: Run<METRICS> = local::Run::with_dependencies(mode);
     |                        ++++++++++++++

error[E0284]: type annotations needed for `Run<_>`
    --> research/chr-relational/tests/chr_constructors.rs:1081:17
     |
1081 |             let mut run = local::Run::with_dependencies(mode);
     |                 ^^^^^^^
1082 |             let common = run.value();
     |                              ----- type must be known at this point
     |
note: required by a const generic parameter in `Run::<METRICS>::value`
    --> research/chr-relational/tests/support/local_ports.rs:173:6
     |
 173 | impl<const METRICS: bool> Run<METRICS> {
     |      ^^^^^^^^^^^^^^^^^^^ required by this const generic parameter in `Run::<METRICS>::value`
...
 206 |     pub fn value(&mut self) -> usize {
     |            ----- required by a bound in this associated function
help: consider giving `run` an explicit type, where the value of const parameter `METRICS` is specified
     |
1081 |             let mut run: Run<METRICS> = local::Run::with_dependencies(mode);
     |                        ++++++++++++++

error[E0284]: type annotations needed for `Run<_>`
    --> research/chr-relational/tests/chr_constructors.rs:1081:17
     |
1081 |             let mut run = local::Run::with_dependencies(mode);
     |                 ^^^^^^^
1082 |             let common = run.value();
1083 |             let others = (0..width).map(|_| run.value()).collect::<Vec<_>>();
     |                                                 ----- type must be known at this point
     |
note: required by a const generic parameter in `Run::<METRICS>::value`
    --> research/chr-relational/tests/support/local_ports.rs:173:6
     |
 173 | impl<const METRICS: bool> Run<METRICS> {
     |      ^^^^^^^^^^^^^^^^^^^ required by this const generic parameter in `Run::<METRICS>::value`
...
 206 |     pub fn value(&mut self) -> usize {
     |            ----- required by a bound in this associated function
help: consider giving `run` an explicit type, where the value of const parameter `METRICS` is specified
     |
1081 |             let mut run: Run<METRICS> = local::Run::with_dependencies(mode);
     |                        ++++++++++++++

error[E0284]: type annotations needed for `Run<_>`
    --> research/chr-relational/tests/chr_constructors.rs:1081:17
     |
1081 |             let mut run = local::Run::with_dependencies(mode);
     |                 ^^^^^^^
...
1084 |             let outputs = (0..width).map(|_| run.value()).collect::<Vec<_>>();
     |                                                  ----- type must be known at this point
     |
note: required by a const generic parameter in `Run::<METRICS>::value`
    --> research/chr-relational/tests/support/local_ports.rs:173:6
     |
 173 | impl<const METRICS: bool> Run<METRICS> {
     |      ^^^^^^^^^^^^^^^^^^^ required by this const generic parameter in `Run::<METRICS>::value`
...
 206 |     pub fn value(&mut self) -> usize {
     |            ----- required by a bound in this associated function
help: consider giving `run` an explicit type, where the value of const parameter `METRICS` is specified
     |
1081 |             let mut run: Run<METRICS> = local::Run::with_dependencies(mode);
     |                        ++++++++++++++

error[E0284]: type annotations needed for `Run<_>`
    --> research/chr-relational/tests/chr_constructors.rs:1081:17
     |
1081 |             let mut run = local::Run::with_dependencies(mode);
     |                 ^^^^^^^
...
1086 |                 let pair = run.value();
     |                                ----- type must be known at this point
     |
note: required by a const generic parameter in `Run::<METRICS>::value`
    --> research/chr-relational/tests/support/local_ports.rs:173:6
     |
 173 | impl<const METRICS: bool> Run<METRICS> {
     |      ^^^^^^^^^^^^^^^^^^^ required by this const generic parameter in `Run::<METRICS>::value`
...
 206 |     pub fn value(&mut self) -> usize {
     |            ----- required by a bound in this associated function
help: consider giving `run` an explicit type, where the value of const parameter `METRICS` is specified
     |
1081 |             let mut run: Run<METRICS> = local::Run::with_dependencies(mode);
     |                        ++++++++++++++

error[E0284]: type annotations needed for `Run<_>`
    --> research/chr-relational/tests/chr_constructors.rs:1081:17
     |
1081 |             let mut run = local::Run::with_dependencies(mode);
     |                 ^^^^^^^
...
1087 |                 run.describe(pair, "pair", vec![common, other]);
     |                     -------- type must be known at this point
     |
note: required by a const generic parameter in `Run::<METRICS>::describe`
    --> research/chr-relational/tests/support/local_ports.rs:173:6
     |
 173 | impl<const METRICS: bool> Run<METRICS> {
     |      ^^^^^^^^^^^^^^^^^^^ required by this const generic parameter in `Run::<METRICS>::describe`
...
 215 |     pub fn describe(&mut self, value: usize, name: &str, children: Vec<usize>) {
     |            -------- required by a bound in this associated function
help: consider giving `run` an explicit type, where the value of const parameter `METRICS` is specified
     |
1081 |             let mut run: Run<METRICS> = local::Run::with_dependencies(mode);
     |                        ++++++++++++++

error[E0284]: type annotations needed for `Run<_>`
    --> research/chr-relational/tests/chr_constructors.rs:1081:17
     |
1081 |             let mut run = local::Run::with_dependencies(mode);
     |                 ^^^^^^^
...
1088 |                 run.settle();
     |                     ------ type must be known at this point
     |
note: required by a const generic parameter in `Run::<METRICS>::settle`
    --> research/chr-relational/tests/support/local_ports.rs:173:6
     |
 173 | impl<const METRICS: bool> Run<METRICS> {
     |      ^^^^^^^^^^^^^^^^^^^ required by this const generic parameter in `Run::<METRICS>::settle`
...
 664 |     pub fn settle(&mut self) {
     |            ------ required by a bound in this associated function
help: consider giving `run` an explicit type, where the value of const parameter `METRICS` is specified
     |
1081 |             let mut run: Run<METRICS> = local::Run::with_dependencies(mode);
     |                        ++++++++++++++

error[E0284]: type annotations needed for `Run<_>`
    --> research/chr-relational/tests/chr_constructors.rs:1081:17
     |
1081 |             let mut run = local::Run::with_dependencies(mode);
     |                 ^^^^^^^
...
1089 |                 run.assert_dependency_integrity();
     |                     --------------------------- type must be known at this point
     |
note: required by a const generic parameter in `Run::<METRICS>::assert_dependency_integrity`
    --> research/chr-relational/tests/support/local_ports.rs:173:6
     |
 173 | impl<const METRICS: bool> Run<METRICS> {
     |      ^^^^^^^^^^^^^^^^^^^ required by this const generic parameter in `Run::<METRICS>::assert_dependency_integrity`
...
 468 |     pub fn assert_dependency_integrity(&self) {
     |            --------------------------- required by a bound in this associated function
help: consider giving `run` an explicit type, where the value of const parameter `METRICS` is specified
     |
1081 |             let mut run: Run<METRICS> = local::Run::with_dependencies(mode);
     |                        ++++++++++++++

error[E0284]: type annotations needed for `Run<_>`
    --> research/chr-relational/tests/chr_constructors.rs:1081:17
     |
1081 |             let mut run = local::Run::with_dependencies(mode);
     |                 ^^^^^^^
...
1090 |                 run.post(&plan, pair, output);
     |                     ---- type must be known at this point
     |
note: required by a const generic parameter in `Run::<METRICS>::post`
    --> research/chr-relational/tests/support/local_ports.rs:173:6
     |
 173 | impl<const METRICS: bool> Run<METRICS> {
     |      ^^^^^^^^^^^^^^^^^^^ required by this const generic parameter in `Run::<METRICS>::post`
...
 226 |     pub fn post(&mut self, plan: &Arc<Plan>, input: usize, output: usize) {
     |            ---- required by a bound in this associated function
help: consider giving `run` an explicit type, where the value of const parameter `METRICS` is specified
     |
1081 |             let mut run: Run<METRICS> = local::Run::with_dependencies(mode);
     |                        ++++++++++++++

error[E0284]: type annotations needed for `Run<_>`
    --> research/chr-relational/tests/chr_constructors.rs:1081:17
     |
1081 |             let mut run = local::Run::with_dependencies(mode);
     |                 ^^^^^^^
...
1091 |                 run.token();
     |                     ----- type must be known at this point
     |
note: required by a const generic parameter in `Run::<METRICS>::token`
    --> research/chr-relational/tests/support/local_ports.rs:173:6
     |
 173 | impl<const METRICS: bool> Run<METRICS> {
     |      ^^^^^^^^^^^^^^^^^^^ required by this const generic parameter in `Run::<METRICS>::token`
...
 239 |     pub fn token(&mut self) {
     |            ----- required by a bound in this associated function
help: consider giving `run` an explicit type, where the value of const parameter `METRICS` is specified
     |
1081 |             let mut run: Run<METRICS> = local::Run::with_dependencies(mode);
     |                        ++++++++++++++

error[E0284]: type annotations needed for `Run<_>`
    --> research/chr-relational/tests/chr_constructors.rs:1081:17
     |
1081 |             let mut run = local::Run::with_dependencies(mode);
     |                 ^^^^^^^
...
1094 |                 let h = run.value();
     |                             ----- type must be known at this point
     |
note: required by a const generic parameter in `Run::<METRICS>::value`
    --> research/chr-relational/tests/support/local_ports.rs:173:6
     |
 173 | impl<const METRICS: bool> Run<METRICS> {
     |      ^^^^^^^^^^^^^^^^^^^ required by this const generic parameter in `Run::<METRICS>::value`
...
 206 |     pub fn value(&mut self) -> usize {
     |            ----- required by a bound in this associated function
help: consider giving `run` an explicit type, where the value of const parameter `METRICS` is specified
     |
1081 |             let mut run: Run<METRICS> = local::Run::with_dependencies(mode);
     |                        ++++++++++++++

error[E0284]: type annotations needed for `Run<_>`
    --> research/chr-relational/tests/chr_constructors.rs:1081:17
     |
1081 |             let mut run = local::Run::with_dependencies(mode);
     |                 ^^^^^^^
...
1095 |                 run.equate(common, h);
     |                     ------ type must be known at this point
     |
note: required by a const generic parameter in `Run::<METRICS>::equate`
    --> research/chr-relational/tests/support/local_ports.rs:173:6
     |
 173 | impl<const METRICS: bool> Run<METRICS> {
     |      ^^^^^^^^^^^^^^^^^^^ required by this const generic parameter in `Run::<METRICS>::equate`
...
 223 |     pub fn equate(&mut self, left: usize, right: usize) {
     |            ------ required by a bound in this associated function
help: consider giving `run` an explicit type, where the value of const parameter `METRICS` is specified
     |
1081 |             let mut run: Run<METRICS> = local::Run::with_dependencies(mode);
     |                        ++++++++++++++

error[E0284]: type annotations needed for `Run<_>`
    --> research/chr-relational/tests/chr_constructors.rs:1081:17
     |
1081 |             let mut run = local::Run::with_dependencies(mode);
     |                 ^^^^^^^
...
1097 |             run.settle();
     |                 ------ type must be known at this point
     |
note: required by a const generic parameter in `Run::<METRICS>::settle`
    --> research/chr-relational/tests/support/local_ports.rs:173:6
     |
 173 | impl<const METRICS: bool> Run<METRICS> {
     |      ^^^^^^^^^^^^^^^^^^^ required by this const generic parameter in `Run::<METRICS>::settle`
...
 664 |     pub fn settle(&mut self) {
     |            ------ required by a bound in this associated function
help: consider giving `run` an explicit type, where the value of const parameter `METRICS` is specified
     |
1081 |             let mut run: Run<METRICS> = local::Run::with_dependencies(mode);
     |                        ++++++++++++++

error[E0284]: type annotations needed for `Run<_>`
    --> research/chr-relational/tests/chr_constructors.rs:1081:17
     |
1081 |             let mut run = local::Run::with_dependencies(mode);
     |                 ^^^^^^^
...
1098 |             run.assert_dependency_integrity();
     |                 --------------------------- type must be known at this point
     |
note: required by a const generic parameter in `Run::<METRICS>::assert_dependency_integrity`
    --> research/chr-relational/tests/support/local_ports.rs:173:6
     |
 173 | impl<const METRICS: bool> Run<METRICS> {
     |      ^^^^^^^^^^^^^^^^^^^ required by this const generic parameter in `Run::<METRICS>::assert_dependency_integrity`
...
 468 |     pub fn assert_dependency_integrity(&self) {
     |            --------------------------- required by a bound in this associated function
help: consider giving `run` an explicit type, where the value of const parameter `METRICS` is specified
     |
1081 |             let mut run: Run<METRICS> = local::Run::with_dependencies(mode);
     |                        ++++++++++++++

error[E0284]: type annotations needed for `Run<_>`
    --> research/chr-relational/tests/chr_constructors.rs:1081:17
     |
1081 |             let mut run = local::Run::with_dependencies(mode);
     |                 ^^^^^^^
...
1115 |             println!("WORK stable {mode:?} {width} {}", run.work_json());
     |                                                             --------- type must be known at this point
     |
note: required by a const generic parameter in `Run::<METRICS>::work_json`
    --> research/chr-relational/tests/support/local_ports.rs:173:6
     |
 173 | impl<const METRICS: bool> Run<METRICS> {
     |      ^^^^^^^^^^^^^^^^^^^ required by this const generic parameter in `Run::<METRICS>::work_json`
...
 180 |     pub fn work_json(&self) -> String {
     |            --------- required by a bound in this associated function
help: consider giving `run` an explicit type, where the value of const parameter `METRICS` is specified
     |
1081 |             let mut run: Run<METRICS> = local::Run::with_dependencies(mode);
     |                        ++++++++++++++

error[E0284]: type annotations needed for `Run<_>`
    --> research/chr-relational/tests/chr_constructors.rs:1081:17
     |
1081 |             let mut run = local::Run::with_dependencies(mode);
     |                 ^^^^^^^
...
1121 |             let untouched = run.clone();
     |                                 ----- type must be known at this point
     |
note: required for `Run<_>` to implement `Clone`
    --> research/chr-relational/tests/support/local_ports.rs:153:12
     |
 152 | #[derive(Clone, Default)]
     |          ----- in this derive macro expansion
 153 | pub struct Run<const METRICS: bool = true> {
     |            ^^^ -------------------------- type parameter would need to implement `Clone`
     = help: consider manually implementing `Clone` to avoid undesired bounds
help: consider giving `run` an explicit type, where the value of const parameter `METRICS` is specified
     |
1081 |             let mut run: Run<METRICS> = local::Run::with_dependencies(mode);
     |                        ++++++++++++++

error[E0284]: type annotations needed for `Run<_>`
    --> research/chr-relational/tests/chr_constructors.rs:1081:17
     |
1081 |             let mut run = local::Run::with_dependencies(mode);
     |                 ^^^^^^^
...
1140 |                 untouched.answer(&outputs).into_iter().collect(),
     |                           ------ type must be known at this point
     |
note: required by a const generic parameter in `Run::<METRICS>::answer`
    --> research/chr-relational/tests/support/local_ports.rs:173:6
     |
 173 | impl<const METRICS: bool> Run<METRICS> {
     |      ^^^^^^^^^^^^^^^^^^^ required by this const generic parameter in `Run::<METRICS>::answer`
...
 740 |     pub fn answer(&self, outputs: &[usize]) -> Option<Answer> {
     |            ------ required by a bound in this associated function
help: consider giving `run` an explicit type, where the value of const parameter `METRICS` is specified
     |
1081 |             let mut run: Run<METRICS> = local::Run::with_dependencies(mode);
     |                        ++++++++++++++

error[E0284]: type annotations needed for `Run<_>`
    --> research/chr-relational/tests/chr_constructors.rs:1081:17
     |
1081 |             let mut run = local::Run::with_dependencies(mode);
     |                 ^^^^^^^
...
1144 |                 run.equate(common, h);
     |                     ------ type must be known at this point
     |
note: required by a const generic parameter in `Run::<METRICS>::equate`
    --> research/chr-relational/tests/support/local_ports.rs:173:6
     |
 173 | impl<const METRICS: bool> Run<METRICS> {
     |      ^^^^^^^^^^^^^^^^^^^ required by this const generic parameter in `Run::<METRICS>::equate`
...
 223 |     pub fn equate(&mut self, left: usize, right: usize) {
     |            ------ required by a bound in this associated function
help: consider giving `run` an explicit type, where the value of const parameter `METRICS` is specified
     |
1081 |             let mut run: Run<METRICS> = local::Run::with_dependencies(mode);
     |                        ++++++++++++++

error[E0284]: type annotations needed for `Run<_>`
    --> research/chr-relational/tests/chr_constructors.rs:1081:17
     |
1081 |             let mut run = local::Run::with_dependencies(mode);
     |                 ^^^^^^^
...
1146 |             run.settle();
     |                 ------ type must be known at this point
     |
note: required by a const generic parameter in `Run::<METRICS>::settle`
    --> research/chr-relational/tests/support/local_ports.rs:173:6
     |
 173 | impl<const METRICS: bool> Run<METRICS> {
     |      ^^^^^^^^^^^^^^^^^^^ required by this const generic parameter in `Run::<METRICS>::settle`
...
 664 |     pub fn settle(&mut self) {
     |            ------ required by a bound in this associated function
help: consider giving `run` an explicit type, where the value of const parameter `METRICS` is specified
     |
1081 |             let mut run: Run<METRICS> = local::Run::with_dependencies(mode);
     |                        ++++++++++++++

error[E0284]: type annotations needed for `Run<_>`
    --> research/chr-relational/tests/chr_constructors.rs:1081:17
     |
1081 |             let mut run = local::Run::with_dependencies(mode);
     |                 ^^^^^^^
...
1147 |             run.assert_dependency_integrity();
     |                 --------------------------- type must be known at this point
     |
note: required by a const generic parameter in `Run::<METRICS>::assert_dependency_integrity`
    --> research/chr-relational/tests/support/local_ports.rs:173:6
     |
 173 | impl<const METRICS: bool> Run<METRICS> {
     |      ^^^^^^^^^^^^^^^^^^^ required by this const generic parameter in `Run::<METRICS>::assert_dependency_integrity`
...
 468 |     pub fn assert_dependency_integrity(&self) {
     |            --------------------------- required by a bound in this associated function
help: consider giving `run` an explicit type, where the value of const parameter `METRICS` is specified
     |
1081 |             let mut run: Run<METRICS> = local::Run::with_dependencies(mode);
     |                        ++++++++++++++

error[E0284]: type annotations needed for `Run<_>`
    --> research/chr-relational/tests/chr_constructors.rs:1081:17
     |
1081 |             let mut run = local::Run::with_dependencies(mode);
     |                 ^^^^^^^
...
1149 |             assert_eq!(run.subscriptions(), 0);
     |                            ------------- type must be known at this point
     |
note: required by a const generic parameter in `Run::<METRICS>::subscriptions`
    --> research/chr-relational/tests/support/local_ports.rs:173:6
     |
 173 | impl<const METRICS: bool> Run<METRICS> {
     |      ^^^^^^^^^^^^^^^^^^^ required by this const generic parameter in `Run::<METRICS>::subscriptions`
...
 199 |     pub fn subscriptions(&self) -> usize {
     |            ------------- required by a bound in this associated function
help: consider giving `run` an explicit type, where the value of const parameter `METRICS` is specified
     |
1081 |             let mut run: Run<METRICS> = local::Run::with_dependencies(mode);
     |                        ++++++++++++++

error[E0284]: type annotations needed for `Run<_>`
    --> research/chr-relational/tests/chr_constructors.rs:1081:17
     |
1081 |             let mut run = local::Run::with_dependencies(mode);
     |                 ^^^^^^^
...
1150 |             println!("WORK supplied {mode:?} {width} {}", run.work_json());
     |                                                               --------- type must be known at this point
     |
note: required by a const generic parameter in `Run::<METRICS>::work_json`
    --> research/chr-relational/tests/support/local_ports.rs:173:6
     |
 173 | impl<const METRICS: bool> Run<METRICS> {
     |      ^^^^^^^^^^^^^^^^^^^ required by this const generic parameter in `Run::<METRICS>::work_json`
...
 180 |     pub fn work_json(&self) -> String {
     |            --------- required by a bound in this associated function
help: consider giving `run` an explicit type, where the value of const parameter `METRICS` is specified
     |
1081 |             let mut run: Run<METRICS> = local::Run::with_dependencies(mode);
     |                        ++++++++++++++

error[E0284]: type annotations needed for `Run<_>`
    --> research/chr-relational/tests/chr_constructors.rs:1081:17
     |
1081 |             let mut run = local::Run::with_dependencies(mode);
     |                 ^^^^^^^
...
1151 |             assert!(untouched.subscriptions() > 0);
     |                               ------------- type must be known at this point
     |
note: required by a const generic parameter in `Run::<METRICS>::subscriptions`
    --> research/chr-relational/tests/support/local_ports.rs:173:6
     |
 173 | impl<const METRICS: bool> Run<METRICS> {
     |      ^^^^^^^^^^^^^^^^^^^ required by this const generic parameter in `Run::<METRICS>::subscriptions`
...
 199 |     pub fn subscriptions(&self) -> usize {
     |            ------------- required by a bound in this associated function
help: consider giving `run` an explicit type, where the value of const parameter `METRICS` is specified
     |
1081 |             let mut run: Run<METRICS> = local::Run::with_dependencies(mode);
     |                        ++++++++++++++

error[E0284]: type annotations needed for `Run<_>`
    --> research/chr-relational/tests/chr_constructors.rs:1081:17
     |
1081 |             let mut run = local::Run::with_dependencies(mode);
     |                 ^^^^^^^
...
1166 |                 run.answer(&outputs).into_iter().collect(),
     |                     ------ type must be known at this point
     |
note: required by a const generic parameter in `Run::<METRICS>::answer`
    --> research/chr-relational/tests/support/local_ports.rs:173:6
     |
 173 | impl<const METRICS: bool> Run<METRICS> {
     |      ^^^^^^^^^^^^^^^^^^^ required by this const generic parameter in `Run::<METRICS>::answer`
...
 740 |     pub fn answer(&self, outputs: &[usize]) -> Option<Answer> {
     |            ------ required by a bound in this associated function
help: consider giving `run` an explicit type, where the value of const parameter `METRICS` is specified
     |
1081 |             let mut run: Run<METRICS> = local::Run::with_dependencies(mode);
     |                        ++++++++++++++

error[E0284]: type annotations needed for `Run<_>`
    --> research/chr-relational/tests/chr_constructors.rs:1081:17
     |
1081 |             let mut run = local::Run::with_dependencies(mode);
     |                 ^^^^^^^
...
1171 |                 untouched.answer(&outputs).into_iter().collect(),
     |                           ------ type must be known at this point
     |
note: required by a const generic parameter in `Run::<METRICS>::answer`
    --> research/chr-relational/tests/support/local_ports.rs:173:6
     |
 173 | impl<const METRICS: bool> Run<METRICS> {
     |      ^^^^^^^^^^^^^^^^^^^ required by this const generic parameter in `Run::<METRICS>::answer`
...
 740 |     pub fn answer(&self, outputs: &[usize]) -> Option<Answer> {
     |            ------ required by a bound in this associated function
help: consider giving `run` an explicit type, where the value of const parameter `METRICS` is specified
     |
1081 |             let mut run: Run<METRICS> = local::Run::with_dependencies(mode);
     |                        ++++++++++++++

error[E0284]: type annotations needed for `Run<_>`
    --> research/chr-relational/tests/chr_constructors.rs:1189:9
     |
1189 |     let mut run = local::Run::with_dependencies(local::DependencyMode::Indexed);
     |         ^^^^^^^   ---------- type must be known at this point
     |
note: required by a const generic parameter in `Run`
    --> research/chr-relational/tests/support/local_ports.rs:153:16
     |
 153 | pub struct Run<const METRICS: bool = true> {
     |                ^^^^^^^^^^^^^^^^^^^^^^^^^^ required by this const generic parameter in `Run`
help: consider giving `run` an explicit type, where the value of const parameter `METRICS` is specified
     |
1189 |     let mut run: Run<METRICS> = local::Run::with_dependencies(local::DependencyMode::Indexed);
     |                ++++++++++++++

error[E0284]: type annotations needed for `Run<_>`
    --> research/chr-relational/tests/chr_constructors.rs:1189:9
     |
1189 |     let mut run = local::Run::with_dependencies(local::DependencyMode::Indexed);
     |         ^^^^^^^   ------------------------------------------------------------- type must be known at this point
     |
note: required by a const generic parameter in `Run::<METRICS>::with_dependencies`
    --> research/chr-relational/tests/support/local_ports.rs:173:6
     |
 173 | impl<const METRICS: bool> Run<METRICS> {
     |      ^^^^^^^^^^^^^^^^^^^ required by this const generic parameter in `Run::<METRICS>::with_dependencies`
 174 |     pub fn with_dependencies(mode: DependencyMode) -> Self {
     |            ----------------- required by a bound in this associated function
help: consider giving `run` an explicit type, where the value of const parameter `METRICS` is specified
     |
1189 |     let mut run: Run<METRICS> = local::Run::with_dependencies(local::DependencyMode::Indexed);
     |                ++++++++++++++

error[E0284]: type annotations needed for `Run<_>`
    --> research/chr-relational/tests/chr_constructors.rs:1189:9
     |
1189 |     let mut run = local::Run::with_dependencies(local::DependencyMode::Indexed);
     |         ^^^^^^^
1190 |     let a = run.value();
     |                 ----- type must be known at this point
     |
note: required by a const generic parameter in `Run::<METRICS>::value`
    --> research/chr-relational/tests/support/local_ports.rs:173:6
     |
 173 | impl<const METRICS: bool> Run<METRICS> {
     |      ^^^^^^^^^^^^^^^^^^^ required by this const generic parameter in `Run::<METRICS>::value`
...
 206 |     pub fn value(&mut self) -> usize {
     |            ----- required by a bound in this associated function
help: consider giving `run` an explicit type, where the value of const parameter `METRICS` is specified
     |
1189 |     let mut run: Run<METRICS> = local::Run::with_dependencies(local::DependencyMode::Indexed);
     |                ++++++++++++++

error[E0284]: type annotations needed for `Run<_>`
    --> research/chr-relational/tests/chr_constructors.rs:1189:9
     |
1189 |     let mut run = local::Run::with_dependencies(local::DependencyMode::Indexed);
     |         ^^^^^^^
1190 |     let a = run.value();
1191 |     let b = run.value();
     |                 ----- type must be known at this point
     |
note: required by a const generic parameter in `Run::<METRICS>::value`
    --> research/chr-relational/tests/support/local_ports.rs:173:6
     |
 173 | impl<const METRICS: bool> Run<METRICS> {
     |      ^^^^^^^^^^^^^^^^^^^ required by this const generic parameter in `Run::<METRICS>::value`
...
 206 |     pub fn value(&mut self) -> usize {
     |            ----- required by a bound in this associated function
help: consider giving `run` an explicit type, where the value of const parameter `METRICS` is specified
     |
1189 |     let mut run: Run<METRICS> = local::Run::with_dependencies(local::DependencyMode::Indexed);
     |                ++++++++++++++

error[E0284]: type annotations needed for `Run<_>`
    --> research/chr-relational/tests/chr_constructors.rs:1189:9
     |
1189 |     let mut run = local::Run::with_dependencies(local::DependencyMode::Indexed);
     |         ^^^^^^^
...
1192 |     let out = run.value();
     |                   ----- type must be known at this point
     |
note: required by a const generic parameter in `Run::<METRICS>::value`
    --> research/chr-relational/tests/support/local_ports.rs:173:6
     |
 173 | impl<const METRICS: bool> Run<METRICS> {
     |      ^^^^^^^^^^^^^^^^^^^ required by this const generic parameter in `Run::<METRICS>::value`
...
 206 |     pub fn value(&mut self) -> usize {
     |            ----- required by a bound in this associated function
help: consider giving `run` an explicit type, where the value of const parameter `METRICS` is specified
     |
1189 |     let mut run: Run<METRICS> = local::Run::with_dependencies(local::DependencyMode::Indexed);
     |                ++++++++++++++

error[E0284]: type annotations needed for `Run<_>`
    --> research/chr-relational/tests/chr_constructors.rs:1189:9
     |
1189 |     let mut run = local::Run::with_dependencies(local::DependencyMode::Indexed);
     |         ^^^^^^^
...
1193 |     let input = run.value();
     |                     ----- type must be known at this point
     |
note: required by a const generic parameter in `Run::<METRICS>::value`
    --> research/chr-relational/tests/support/local_ports.rs:173:6
     |
 173 | impl<const METRICS: bool> Run<METRICS> {
     |      ^^^^^^^^^^^^^^^^^^^ required by this const generic parameter in `Run::<METRICS>::value`
...
 206 |     pub fn value(&mut self) -> usize {
     |            ----- required by a bound in this associated function
help: consider giving `run` an explicit type, where the value of const parameter `METRICS` is specified
     |
1189 |     let mut run: Run<METRICS> = local::Run::with_dependencies(local::DependencyMode::Indexed);
     |                ++++++++++++++

error[E0284]: type annotations needed for `Run<_>`
    --> research/chr-relational/tests/chr_constructors.rs:1189:9
     |
1189 |     let mut run = local::Run::with_dependencies(local::DependencyMode::Indexed);
     |         ^^^^^^^
...
1194 |     run.describe(input, "pair", vec![a, b]);
     |         -------- type must be known at this point
     |
note: required by a const generic parameter in `Run::<METRICS>::describe`
    --> research/chr-relational/tests/support/local_ports.rs:173:6
     |
 173 | impl<const METRICS: bool> Run<METRICS> {
     |      ^^^^^^^^^^^^^^^^^^^ required by this const generic parameter in `Run::<METRICS>::describe`
...
 215 |     pub fn describe(&mut self, value: usize, name: &str, children: Vec<usize>) {
     |            -------- required by a bound in this associated function
help: consider giving `run` an explicit type, where the value of const parameter `METRICS` is specified
     |
1189 |     let mut run: Run<METRICS> = local::Run::with_dependencies(local::DependencyMode::Indexed);
     |                ++++++++++++++

error[E0284]: type annotations needed for `Run<_>`
    --> research/chr-relational/tests/chr_constructors.rs:1189:9
     |
1189 |     let mut run = local::Run::with_dependencies(local::DependencyMode::Indexed);
     |         ^^^^^^^
...
1195 |     run.settle();
     |         ------ type must be known at this point
     |
note: required by a const generic parameter in `Run::<METRICS>::settle`
    --> research/chr-relational/tests/support/local_ports.rs:173:6
     |
 173 | impl<const METRICS: bool> Run<METRICS> {
     |      ^^^^^^^^^^^^^^^^^^^ required by this const generic parameter in `Run::<METRICS>::settle`
...
 664 |     pub fn settle(&mut self) {
     |            ------ required by a bound in this associated function
help: consider giving `run` an explicit type, where the value of const parameter `METRICS` is specified
     |
1189 |     let mut run: Run<METRICS> = local::Run::with_dependencies(local::DependencyMode::Indexed);
     |                ++++++++++++++

error[E0284]: type annotations needed for `Run<_>`
    --> research/chr-relational/tests/chr_constructors.rs:1189:9
     |
1189 |     let mut run = local::Run::with_dependencies(local::DependencyMode::Indexed);
     |         ^^^^^^^
...
1196 |     run.post(&plan, input, out);
     |         ---- type must be known at this point
     |
note: required by a const generic parameter in `Run::<METRICS>::post`
    --> research/chr-relational/tests/support/local_ports.rs:173:6
     |
 173 | impl<const METRICS: bool> Run<METRICS> {
     |      ^^^^^^^^^^^^^^^^^^^ required by this const generic parameter in `Run::<METRICS>::post`
...
 226 |     pub fn post(&mut self, plan: &Arc<Plan>, input: usize, output: usize) {
     |            ---- required by a bound in this associated function
help: consider giving `run` an explicit type, where the value of const parameter `METRICS` is specified
     |
1189 |     let mut run: Run<METRICS> = local::Run::with_dependencies(local::DependencyMode::Indexed);
     |                ++++++++++++++

error[E0284]: type annotations needed for `Run<_>`
    --> research/chr-relational/tests/chr_constructors.rs:1189:9
     |
1189 |     let mut run = local::Run::with_dependencies(local::DependencyMode::Indexed);
     |         ^^^^^^^
...
1197 |     run.token();
     |         ----- type must be known at this point
     |
note: required by a const generic parameter in `Run::<METRICS>::token`
    --> research/chr-relational/tests/support/local_ports.rs:173:6
     |
 173 | impl<const METRICS: bool> Run<METRICS> {
     |      ^^^^^^^^^^^^^^^^^^^ required by this const generic parameter in `Run::<METRICS>::token`
...
 239 |     pub fn token(&mut self) {
     |            ----- required by a bound in this associated function
help: consider giving `run` an explicit type, where the value of const parameter `METRICS` is specified
     |
1189 |     let mut run: Run<METRICS> = local::Run::with_dependencies(local::DependencyMode::Indexed);
     |                ++++++++++++++

error[E0284]: type annotations needed for `Run<_>`
    --> research/chr-relational/tests/chr_constructors.rs:1189:9
     |
1189 |     let mut run = local::Run::with_dependencies(local::DependencyMode::Indexed);
     |         ^^^^^^^
...
1198 |     run.settle();
     |         ------ type must be known at this point
     |
note: required by a const generic parameter in `Run::<METRICS>::settle`
    --> research/chr-relational/tests/support/local_ports.rs:173:6
     |
 173 | impl<const METRICS: bool> Run<METRICS> {
     |      ^^^^^^^^^^^^^^^^^^^ required by this const generic parameter in `Run::<METRICS>::settle`
...
 664 |     pub fn settle(&mut self) {
     |            ------ required by a bound in this associated function
help: consider giving `run` an explicit type, where the value of const parameter `METRICS` is specified
     |
1189 |     let mut run: Run<METRICS> = local::Run::with_dependencies(local::DependencyMode::Indexed);
     |                ++++++++++++++

error[E0284]: type annotations needed for `Run<_>`
    --> research/chr-relational/tests/chr_constructors.rs:1189:9
     |
1189 |     let mut run = local::Run::with_dependencies(local::DependencyMode::Indexed);
     |         ^^^^^^^
...
1200 |     run.equate(a, b);
     |         ------ type must be known at this point
     |
note: required by a const generic parameter in `Run::<METRICS>::equate`
    --> research/chr-relational/tests/support/local_ports.rs:173:6
     |
 173 | impl<const METRICS: bool> Run<METRICS> {
     |      ^^^^^^^^^^^^^^^^^^^ required by this const generic parameter in `Run::<METRICS>::equate`
...
 223 |     pub fn equate(&mut self, left: usize, right: usize) {
     |            ------ required by a bound in this associated function
help: consider giving `run` an explicit type, where the value of const parameter `METRICS` is specified
     |
1189 |     let mut run: Run<METRICS> = local::Run::with_dependencies(local::DependencyMode::Indexed);
     |                ++++++++++++++

error[E0284]: type annotations needed for `Run<_>`
    --> research/chr-relational/tests/chr_constructors.rs:1189:9
     |
1189 |     let mut run = local::Run::with_dependencies(local::DependencyMode::Indexed);
     |         ^^^^^^^
...
1201 |     run.settle();
     |         ------ type must be known at this point
     |
note: required by a const generic parameter in `Run::<METRICS>::settle`
    --> research/chr-relational/tests/support/local_ports.rs:173:6
     |
 173 | impl<const METRICS: bool> Run<METRICS> {
     |      ^^^^^^^^^^^^^^^^^^^ required by this const generic parameter in `Run::<METRICS>::settle`
...
 664 |     pub fn settle(&mut self) {
     |            ------ required by a bound in this associated function
help: consider giving `run` an explicit type, where the value of const parameter `METRICS` is specified
     |
1189 |     let mut run: Run<METRICS> = local::Run::with_dependencies(local::DependencyMode::Indexed);
     |                ++++++++++++++

error[E0284]: type annotations needed for `Run<_>`
    --> research/chr-relational/tests/chr_constructors.rs:1189:9
     |
1189 |     let mut run = local::Run::with_dependencies(local::DependencyMode::Indexed);
     |         ^^^^^^^
...
1203 |     assert_eq!(run.subscriptions(), 0);
     |                    ------------- type must be known at this point
     |
note: required by a const generic parameter in `Run::<METRICS>::subscriptions`
    --> research/chr-relational/tests/support/local_ports.rs:173:6
     |
 173 | impl<const METRICS: bool> Run<METRICS> {
     |      ^^^^^^^^^^^^^^^^^^^ required by this const generic parameter in `Run::<METRICS>::subscriptions`
...
 199 |     pub fn subscriptions(&self) -> usize {
     |            ------------- required by a bound in this associated function
help: consider giving `run` an explicit type, where the value of const parameter `METRICS` is specified
     |
1189 |     let mut run: Run<METRICS> = local::Run::with_dependencies(local::DependencyMode::Indexed);
     |                ++++++++++++++

error[E0284]: type annotations needed for `Run<_>`
    --> research/chr-relational/tests/chr_constructors.rs:1189:9
     |
1189 |     let mut run = local::Run::with_dependencies(local::DependencyMode::Indexed);
     |         ^^^^^^^
...
1221 |         run.answer(&[a, b, out]).into_iter().collect(),
     |             ------ type must be known at this point
     |
note: required by a const generic parameter in `Run::<METRICS>::answer`
    --> research/chr-relational/tests/support/local_ports.rs:173:6
     |
 173 | impl<const METRICS: bool> Run<METRICS> {
     |      ^^^^^^^^^^^^^^^^^^^ required by this const generic parameter in `Run::<METRICS>::answer`
...
 740 |     pub fn answer(&self, outputs: &[usize]) -> Option<Answer> {
     |            ------ required by a bound in this associated function
help: consider giving `run` an explicit type, where the value of const parameter `METRICS` is specified
     |
1189 |     let mut run: Run<METRICS> = local::Run::with_dependencies(local::DependencyMode::Indexed);
     |                ++++++++++++++

error[E0284]: type annotations needed for `Run<_>`
    --> research/chr-relational/tests/chr_constructors.rs:1243:17
     |
1243 |             let mut run = local::Run::with_dependencies(mode);
     |                 ^^^^^^^   ---------- type must be known at this point
     |
note: required by a const generic parameter in `Run`
    --> research/chr-relational/tests/support/local_ports.rs:153:16
     |
 153 | pub struct Run<const METRICS: bool = true> {
     |                ^^^^^^^^^^^^^^^^^^^^^^^^^^ required by this const generic parameter in `Run`
help: consider giving `run` an explicit type, where the value of const parameter `METRICS` is specified
     |
1243 |             let mut run: Run<METRICS> = local::Run::with_dependencies(mode);
     |                        ++++++++++++++

error[E0284]: type annotations needed for `Run<_>`
    --> research/chr-relational/tests/chr_constructors.rs:1243:17
     |
1243 |             let mut run = local::Run::with_dependencies(mode);
     |                 ^^^^^^^   ----------------------------------- type must be known at this point
     |
note: required by a const generic parameter in `Run::<METRICS>::with_dependencies`
    --> research/chr-relational/tests/support/local_ports.rs:173:6
     |
 173 | impl<const METRICS: bool> Run<METRICS> {
     |      ^^^^^^^^^^^^^^^^^^^ required by this const generic parameter in `Run::<METRICS>::with_dependencies`
 174 |     pub fn with_dependencies(mode: DependencyMode) -> Self {
     |            ----------------- required by a bound in this associated function
help: consider giving `run` an explicit type, where the value of const parameter `METRICS` is specified
     |
1243 |             let mut run: Run<METRICS> = local::Run::with_dependencies(mode);
     |                        ++++++++++++++

error[E0284]: type annotations needed for `Run<_>`
    --> research/chr-relational/tests/chr_constructors.rs:1243:17
     |
1243 |             let mut run = local::Run::with_dependencies(mode);
     |                 ^^^^^^^
1244 |             let common = run.value();
     |                              ----- type must be known at this point
     |
note: required by a const generic parameter in `Run::<METRICS>::value`
    --> research/chr-relational/tests/support/local_ports.rs:173:6
     |
 173 | impl<const METRICS: bool> Run<METRICS> {
     |      ^^^^^^^^^^^^^^^^^^^ required by this const generic parameter in `Run::<METRICS>::value`
...
 206 |     pub fn value(&mut self) -> usize {
     |            ----- required by a bound in this associated function
help: consider giving `run` an explicit type, where the value of const parameter `METRICS` is specified
     |
1243 |             let mut run: Run<METRICS> = local::Run::with_dependencies(mode);
     |                        ++++++++++++++

error[E0284]: type annotations needed for `Run<_>`
    --> research/chr-relational/tests/chr_constructors.rs:1243:17
     |
1243 |             let mut run = local::Run::with_dependencies(mode);
     |                 ^^^^^^^
1244 |             let common = run.value();
1245 |             let others = (0..width).map(|_| run.value()).collect::<Vec<_>>();
     |                                                 ----- type must be known at this point
     |
note: required by a const generic parameter in `Run::<METRICS>::value`
    --> research/chr-relational/tests/support/local_ports.rs:173:6
     |
 173 | impl<const METRICS: bool> Run<METRICS> {
     |      ^^^^^^^^^^^^^^^^^^^ required by this const generic parameter in `Run::<METRICS>::value`
...
 206 |     pub fn value(&mut self) -> usize {
     |            ----- required by a bound in this associated function
help: consider giving `run` an explicit type, where the value of const parameter `METRICS` is specified
     |
1243 |             let mut run: Run<METRICS> = local::Run::with_dependencies(mode);
     |                        ++++++++++++++

error[E0284]: type annotations needed for `Run<_>`
    --> research/chr-relational/tests/chr_constructors.rs:1243:17
     |
1243 |             let mut run = local::Run::with_dependencies(mode);
     |                 ^^^^^^^
...
1246 |             let child_a = run.value();
     |                               ----- type must be known at this point
     |
note: required by a const generic parameter in `Run::<METRICS>::value`
    --> research/chr-relational/tests/support/local_ports.rs:173:6
     |
 173 | impl<const METRICS: bool> Run<METRICS> {
     |      ^^^^^^^^^^^^^^^^^^^ required by this const generic parameter in `Run::<METRICS>::value`
...
 206 |     pub fn value(&mut self) -> usize {
     |            ----- required by a bound in this associated function
help: consider giving `run` an explicit type, where the value of const parameter `METRICS` is specified
     |
1243 |             let mut run: Run<METRICS> = local::Run::with_dependencies(mode);
     |                        ++++++++++++++

error[E0284]: type annotations needed for `Run<_>`
    --> research/chr-relational/tests/chr_constructors.rs:1243:17
     |
1243 |             let mut run = local::Run::with_dependencies(mode);
     |                 ^^^^^^^
...
1247 |             let child_b = run.value();
     |                               ----- type must be known at this point
     |
note: required by a const generic parameter in `Run::<METRICS>::value`
    --> research/chr-relational/tests/support/local_ports.rs:173:6
     |
 173 | impl<const METRICS: bool> Run<METRICS> {
     |      ^^^^^^^^^^^^^^^^^^^ required by this const generic parameter in `Run::<METRICS>::value`
...
 206 |     pub fn value(&mut self) -> usize {
     |            ----- required by a bound in this associated function
help: consider giving `run` an explicit type, where the value of const parameter `METRICS` is specified
     |
1243 |             let mut run: Run<METRICS> = local::Run::with_dependencies(mode);
     |                        ++++++++++++++

error[E0284]: type annotations needed for `Run<_>`
    --> research/chr-relational/tests/chr_constructors.rs:1243:17
     |
1243 |             let mut run = local::Run::with_dependencies(mode);
     |                 ^^^^^^^
...
1248 |             let outputs = (0..width).map(|_| run.value()).collect::<Vec<_>>();
     |                                                  ----- type must be known at this point
     |
note: required by a const generic parameter in `Run::<METRICS>::value`
    --> research/chr-relational/tests/support/local_ports.rs:173:6
     |
 173 | impl<const METRICS: bool> Run<METRICS> {
     |      ^^^^^^^^^^^^^^^^^^^ required by this const generic parameter in `Run::<METRICS>::value`
...
 206 |     pub fn value(&mut self) -> usize {
     |            ----- required by a bound in this associated function
help: consider giving `run` an explicit type, where the value of const parameter `METRICS` is specified
     |
1243 |             let mut run: Run<METRICS> = local::Run::with_dependencies(mode);
     |                        ++++++++++++++

error[E0284]: type annotations needed for `Run<_>`
    --> research/chr-relational/tests/chr_constructors.rs:1243:17
     |
1243 |             let mut run = local::Run::with_dependencies(mode);
     |                 ^^^^^^^
...
1250 |                 let input = run.value();
     |                                 ----- type must be known at this point
     |
note: required by a const generic parameter in `Run::<METRICS>::value`
    --> research/chr-relational/tests/support/local_ports.rs:173:6
     |
 173 | impl<const METRICS: bool> Run<METRICS> {
     |      ^^^^^^^^^^^^^^^^^^^ required by this const generic parameter in `Run::<METRICS>::value`
...
 206 |     pub fn value(&mut self) -> usize {
     |            ----- required by a bound in this associated function
help: consider giving `run` an explicit type, where the value of const parameter `METRICS` is specified
     |
1243 |             let mut run: Run<METRICS> = local::Run::with_dependencies(mode);
     |                        ++++++++++++++

error[E0284]: type annotations needed for `Run<_>`
    --> research/chr-relational/tests/chr_constructors.rs:1243:17
     |
1243 |             let mut run = local::Run::with_dependencies(mode);
     |                 ^^^^^^^
...
1251 |                 run.describe(input, "pair", vec![common, other]);
     |                     -------- type must be known at this point
     |
note: required by a const generic parameter in `Run::<METRICS>::describe`
    --> research/chr-relational/tests/support/local_ports.rs:173:6
     |
 173 | impl<const METRICS: bool> Run<METRICS> {
     |      ^^^^^^^^^^^^^^^^^^^ required by this const generic parameter in `Run::<METRICS>::describe`
...
 215 |     pub fn describe(&mut self, value: usize, name: &str, children: Vec<usize>) {
     |            -------- required by a bound in this associated function
help: consider giving `run` an explicit type, where the value of const parameter `METRICS` is specified
     |
1243 |             let mut run: Run<METRICS> = local::Run::with_dependencies(mode);
     |                        ++++++++++++++

error[E0284]: type annotations needed for `Run<_>`
    --> research/chr-relational/tests/chr_constructors.rs:1243:17
     |
1243 |             let mut run = local::Run::with_dependencies(mode);
     |                 ^^^^^^^
...
1252 |                 run.settle();
     |                     ------ type must be known at this point
     |
note: required by a const generic parameter in `Run::<METRICS>::settle`
    --> research/chr-relational/tests/support/local_ports.rs:173:6
     |
 173 | impl<const METRICS: bool> Run<METRICS> {
     |      ^^^^^^^^^^^^^^^^^^^ required by this const generic parameter in `Run::<METRICS>::settle`
...
 664 |     pub fn settle(&mut self) {
     |            ------ required by a bound in this associated function
help: consider giving `run` an explicit type, where the value of const parameter `METRICS` is specified
     |
1243 |             let mut run: Run<METRICS> = local::Run::with_dependencies(mode);
     |                        ++++++++++++++

error[E0284]: type annotations needed for `Run<_>`
    --> research/chr-relational/tests/chr_constructors.rs:1243:17
     |
1243 |             let mut run = local::Run::with_dependencies(mode);
     |                 ^^^^^^^
...
1253 |                 run.post(&plan, input, output);
     |                     ---- type must be known at this point
     |
note: required by a const generic parameter in `Run::<METRICS>::post`
    --> research/chr-relational/tests/support/local_ports.rs:173:6
     |
 173 | impl<const METRICS: bool> Run<METRICS> {
     |      ^^^^^^^^^^^^^^^^^^^ required by this const generic parameter in `Run::<METRICS>::post`
...
 226 |     pub fn post(&mut self, plan: &Arc<Plan>, input: usize, output: usize) {
     |            ---- required by a bound in this associated function
help: consider giving `run` an explicit type, where the value of const parameter `METRICS` is specified
     |
1243 |             let mut run: Run<METRICS> = local::Run::with_dependencies(mode);
     |                        ++++++++++++++

error[E0284]: type annotations needed for `Run<_>`
    --> research/chr-relational/tests/chr_constructors.rs:1243:17
     |
1243 |             let mut run = local::Run::with_dependencies(mode);
     |                 ^^^^^^^
...
1254 |                 run.token();
     |                     ----- type must be known at this point
     |
note: required by a const generic parameter in `Run::<METRICS>::token`
    --> research/chr-relational/tests/support/local_ports.rs:173:6
     |
 173 | impl<const METRICS: bool> Run<METRICS> {
     |      ^^^^^^^^^^^^^^^^^^^ required by this const generic parameter in `Run::<METRICS>::token`
...
 239 |     pub fn token(&mut self) {
     |            ----- required by a bound in this associated function
help: consider giving `run` an explicit type, where the value of const parameter `METRICS` is specified
     |
1243 |             let mut run: Run<METRICS> = local::Run::with_dependencies(mode);
     |                        ++++++++++++++

error[E0284]: type annotations needed for `Run<_>`
    --> research/chr-relational/tests/chr_constructors.rs:1243:17
     |
1243 |             let mut run = local::Run::with_dependencies(mode);
     |                 ^^^^^^^
...
1256 |             let bigger = run.value();
     |                              ----- type must be known at this point
     |
note: required by a const generic parameter in `Run::<METRICS>::value`
    --> research/chr-relational/tests/support/local_ports.rs:173:6
     |
 173 | impl<const METRICS: bool> Run<METRICS> {
     |      ^^^^^^^^^^^^^^^^^^^ required by this const generic parameter in `Run::<METRICS>::value`
...
 206 |     pub fn value(&mut self) -> usize {
     |            ----- required by a bound in this associated function
help: consider giving `run` an explicit type, where the value of const parameter `METRICS` is specified
     |
1243 |             let mut run: Run<METRICS> = local::Run::with_dependencies(mode);
     |                        ++++++++++++++

error[E0284]: type annotations needed for `Run<_>`
    --> research/chr-relational/tests/chr_constructors.rs:1243:17
     |
1243 |             let mut run = local::Run::with_dependencies(mode);
     |                 ^^^^^^^
...
1258 |                 let h = run.value();
     |                             ----- type must be known at this point
     |
note: required by a const generic parameter in `Run::<METRICS>::value`
    --> research/chr-relational/tests/support/local_ports.rs:173:6
     |
 173 | impl<const METRICS: bool> Run<METRICS> {
     |      ^^^^^^^^^^^^^^^^^^^ required by this const generic parameter in `Run::<METRICS>::value`
...
 206 |     pub fn value(&mut self) -> usize {
     |            ----- required by a bound in this associated function
help: consider giving `run` an explicit type, where the value of const parameter `METRICS` is specified
     |
1243 |             let mut run: Run<METRICS> = local::Run::with_dependencies(mode);
     |                        ++++++++++++++

error[E0284]: type annotations needed for `Run<_>`
    --> research/chr-relational/tests/chr_constructors.rs:1243:17
     |
1243 |             let mut run = local::Run::with_dependencies(mode);
     |                 ^^^^^^^
...
1259 |                 run.equate(bigger, h);
     |                     ------ type must be known at this point
     |
note: required by a const generic parameter in `Run::<METRICS>::equate`
    --> research/chr-relational/tests/support/local_ports.rs:173:6
     |
 173 | impl<const METRICS: bool> Run<METRICS> {
     |      ^^^^^^^^^^^^^^^^^^^ required by this const generic parameter in `Run::<METRICS>::equate`
...
 223 |     pub fn equate(&mut self, left: usize, right: usize) {
     |            ------ required by a bound in this associated function
help: consider giving `run` an explicit type, where the value of const parameter `METRICS` is specified
     |
1243 |             let mut run: Run<METRICS> = local::Run::with_dependencies(mode);
     |                        ++++++++++++++

error[E0284]: type annotations needed for `Run<_>`
    --> research/chr-relational/tests/chr_constructors.rs:1243:17
     |
1243 |             let mut run = local::Run::with_dependencies(mode);
     |                 ^^^^^^^
...
1261 |             run.settle();
     |                 ------ type must be known at this point
     |
note: required by a const generic parameter in `Run::<METRICS>::settle`
    --> research/chr-relational/tests/support/local_ports.rs:173:6
     |
 173 | impl<const METRICS: bool> Run<METRICS> {
     |      ^^^^^^^^^^^^^^^^^^^ required by this const generic parameter in `Run::<METRICS>::settle`
...
 664 |     pub fn settle(&mut self) {
     |            ------ required by a bound in this associated function
help: consider giving `run` an explicit type, where the value of const parameter `METRICS` is specified
     |
1243 |             let mut run: Run<METRICS> = local::Run::with_dependencies(mode);
     |                        ++++++++++++++

error[E0284]: type annotations needed for `Run<_>`
    --> research/chr-relational/tests/chr_constructors.rs:1243:17
     |
1243 |             let mut run = local::Run::with_dependencies(mode);
     |                 ^^^^^^^
...
1262 |             run.equate(common, bigger);
     |                 ------ type must be known at this point
     |
note: required by a const generic parameter in `Run::<METRICS>::equate`
    --> research/chr-relational/tests/support/local_ports.rs:173:6
     |
 173 | impl<const METRICS: bool> Run<METRICS> {
     |      ^^^^^^^^^^^^^^^^^^^ required by this const generic parameter in `Run::<METRICS>::equate`
...
 223 |     pub fn equate(&mut self, left: usize, right: usize) {
     |            ------ required by a bound in this associated function
help: consider giving `run` an explicit type, where the value of const parameter `METRICS` is specified
     |
1243 |             let mut run: Run<METRICS> = local::Run::with_dependencies(mode);
     |                        ++++++++++++++

error[E0284]: type annotations needed for `Run<_>`
    --> research/chr-relational/tests/chr_constructors.rs:1243:17
     |
1243 |             let mut run = local::Run::with_dependencies(mode);
     |                 ^^^^^^^
...
1263 |             run.settle();
     |                 ------ type must be known at this point
     |
note: required by a const generic parameter in `Run::<METRICS>::settle`
    --> research/chr-relational/tests/support/local_ports.rs:173:6
     |
 173 | impl<const METRICS: bool> Run<METRICS> {
     |      ^^^^^^^^^^^^^^^^^^^ required by this const generic parameter in `Run::<METRICS>::settle`
...
 664 |     pub fn settle(&mut self) {
     |            ------ required by a bound in this associated function
help: consider giving `run` an explicit type, where the value of const parameter `METRICS` is specified
     |
1243 |             let mut run: Run<METRICS> = local::Run::with_dependencies(mode);
     |                        ++++++++++++++

error[E0284]: type annotations needed for `Run<_>`
    --> research/chr-relational/tests/chr_constructors.rs:1243:17
     |
1243 |             let mut run = local::Run::with_dependencies(mode);
     |                 ^^^^^^^
...
1264 |             run.assert_dependency_integrity();
     |                 --------------------------- type must be known at this point
     |
note: required by a const generic parameter in `Run::<METRICS>::assert_dependency_integrity`
    --> research/chr-relational/tests/support/local_ports.rs:173:6
     |
 173 | impl<const METRICS: bool> Run<METRICS> {
     |      ^^^^^^^^^^^^^^^^^^^ required by this const generic parameter in `Run::<METRICS>::assert_dependency_integrity`
...
 468 |     pub fn assert_dependency_integrity(&self) {
     |            --------------------------- required by a bound in this associated function
help: consider giving `run` an explicit type, where the value of const parameter `METRICS` is specified
     |
1243 |             let mut run: Run<METRICS> = local::Run::with_dependencies(mode);
     |                        ++++++++++++++

error[E0284]: type annotations needed for `Run<_>`
    --> research/chr-relational/tests/chr_constructors.rs:1243:17
     |
1243 |             let mut run = local::Run::with_dependencies(mode);
     |                 ^^^^^^^
...
1270 |             println!("WORK relocated {mode:?} {width} {}", run.work_json());
     |                                                                --------- type must be known at this point
     |
note: required by a const generic parameter in `Run::<METRICS>::work_json`
    --> research/chr-relational/tests/support/local_ports.rs:173:6
     |
 173 | impl<const METRICS: bool> Run<METRICS> {
     |      ^^^^^^^^^^^^^^^^^^^ required by this const generic parameter in `Run::<METRICS>::work_json`
...
 180 |     pub fn work_json(&self) -> String {
     |            --------- required by a bound in this associated function
help: consider giving `run` an explicit type, where the value of const parameter `METRICS` is specified
     |
1243 |             let mut run: Run<METRICS> = local::Run::with_dependencies(mode);
     |                        ++++++++++++++

error[E0284]: type annotations needed for `Run<_>`
    --> research/chr-relational/tests/chr_constructors.rs:1243:17
     |
1243 |             let mut run = local::Run::with_dependencies(mode);
     |                 ^^^^^^^
...
1272 |                 run.equate(others[0], other);
     |                     ------ type must be known at this point
     |
note: required by a const generic parameter in `Run::<METRICS>::equate`
    --> research/chr-relational/tests/support/local_ports.rs:173:6
     |
 173 | impl<const METRICS: bool> Run<METRICS> {
     |      ^^^^^^^^^^^^^^^^^^^ required by this const generic parameter in `Run::<METRICS>::equate`
...
 223 |     pub fn equate(&mut self, left: usize, right: usize) {
     |            ------ required by a bound in this associated function
help: consider giving `run` an explicit type, where the value of const parameter `METRICS` is specified
     |
1243 |             let mut run: Run<METRICS> = local::Run::with_dependencies(mode);
     |                        ++++++++++++++

error[E0284]: type annotations needed for `Run<_>`
    --> research/chr-relational/tests/chr_constructors.rs:1243:17
     |
1243 |             let mut run = local::Run::with_dependencies(mode);
     |                 ^^^^^^^
...
1274 |             run.settle();
     |                 ------ type must be known at this point
     |
note: required by a const generic parameter in `Run::<METRICS>::settle`
    --> research/chr-relational/tests/support/local_ports.rs:173:6
     |
 173 | impl<const METRICS: bool> Run<METRICS> {
     |      ^^^^^^^^^^^^^^^^^^^ required by this const generic parameter in `Run::<METRICS>::settle`
...
 664 |     pub fn settle(&mut self) {
     |            ------ required by a bound in this associated function
help: consider giving `run` an explicit type, where the value of const parameter `METRICS` is specified
     |
1243 |             let mut run: Run<METRICS> = local::Run::with_dependencies(mode);
     |                        ++++++++++++++

error[E0284]: type annotations needed for `Run<_>`
    --> research/chr-relational/tests/chr_constructors.rs:1243:17
     |
1243 |             let mut run = local::Run::with_dependencies(mode);
     |                 ^^^^^^^
...
1275 |             run.assert_dependency_integrity();
     |                 --------------------------- type must be known at this point
     |
note: required by a const generic parameter in `Run::<METRICS>::assert_dependency_integrity`
    --> research/chr-relational/tests/support/local_ports.rs:173:6
     |
 173 | impl<const METRICS: bool> Run<METRICS> {
     |      ^^^^^^^^^^^^^^^^^^^ required by this const generic parameter in `Run::<METRICS>::assert_dependency_integrity`
...
 468 |     pub fn assert_dependency_integrity(&self) {
     |            --------------------------- required by a bound in this associated function
help: consider giving `run` an explicit type, where the value of const parameter `METRICS` is specified
     |
1243 |             let mut run: Run<METRICS> = local::Run::with_dependencies(mode);
     |                        ++++++++++++++

error[E0284]: type annotations needed for `Run<_>`
    --> research/chr-relational/tests/chr_constructors.rs:1243:17
     |
1243 |             let mut run = local::Run::with_dependencies(mode);
     |                 ^^^^^^^
...
1276 |             println!("WORK coalesced {mode:?} {width} {}", run.work_json());
     |                                                                --------- type must be known at this point
     |
note: required by a const generic parameter in `Run::<METRICS>::work_json`
    --> research/chr-relational/tests/support/local_ports.rs:173:6
     |
 173 | impl<const METRICS: bool> Run<METRICS> {
     |      ^^^^^^^^^^^^^^^^^^^ required by this const generic parameter in `Run::<METRICS>::work_json`
...
 180 |     pub fn work_json(&self) -> String {
     |            --------- required by a bound in this associated function
help: consider giving `run` an explicit type, where the value of const parameter `METRICS` is specified
     |
1243 |             let mut run: Run<METRICS> = local::Run::with_dependencies(mode);
     |                        ++++++++++++++

error[E0284]: type annotations needed for `Run<_>`
    --> research/chr-relational/tests/chr_constructors.rs:1243:17
     |
1243 |             let mut run = local::Run::with_dependencies(mode);
     |                 ^^^^^^^
...
1277 |             run.describe(common, "f", vec![child_a]);
     |                 -------- type must be known at this point
     |
note: required by a const generic parameter in `Run::<METRICS>::describe`
    --> research/chr-relational/tests/support/local_ports.rs:173:6
     |
 173 | impl<const METRICS: bool> Run<METRICS> {
     |      ^^^^^^^^^^^^^^^^^^^ required by this const generic parameter in `Run::<METRICS>::describe`
...
 215 |     pub fn describe(&mut self, value: usize, name: &str, children: Vec<usize>) {
     |            -------- required by a bound in this associated function
help: consider giving `run` an explicit type, where the value of const parameter `METRICS` is specified
     |
1243 |             let mut run: Run<METRICS> = local::Run::with_dependencies(mode);
     |                        ++++++++++++++

error[E0284]: type annotations needed for `Run<_>`
    --> research/chr-relational/tests/chr_constructors.rs:1243:17
     |
1243 |             let mut run = local::Run::with_dependencies(mode);
     |                 ^^^^^^^
...
1278 |             run.settle();
     |                 ------ type must be known at this point
     |
note: required by a const generic parameter in `Run::<METRICS>::settle`
    --> research/chr-relational/tests/support/local_ports.rs:173:6
     |
 173 | impl<const METRICS: bool> Run<METRICS> {
     |      ^^^^^^^^^^^^^^^^^^^ required by this const generic parameter in `Run::<METRICS>::settle`
...
 664 |     pub fn settle(&mut self) {
     |            ------ required by a bound in this associated function
help: consider giving `run` an explicit type, where the value of const parameter `METRICS` is specified
     |
1243 |             let mut run: Run<METRICS> = local::Run::with_dependencies(mode);
     |                        ++++++++++++++

error[E0284]: type annotations needed for `Run<_>`
    --> research/chr-relational/tests/chr_constructors.rs:1243:17
     |
1243 |             let mut run = local::Run::with_dependencies(mode);
     |                 ^^^^^^^
...
1279 |             run.assert_dependency_integrity();
     |                 --------------------------- type must be known at this point
     |
note: required by a const generic parameter in `Run::<METRICS>::assert_dependency_integrity`
    --> research/chr-relational/tests/support/local_ports.rs:173:6
     |
 173 | impl<const METRICS: bool> Run<METRICS> {
     |      ^^^^^^^^^^^^^^^^^^^ required by this const generic parameter in `Run::<METRICS>::assert_dependency_integrity`
...
 468 |     pub fn assert_dependency_integrity(&self) {
     |            --------------------------- required by a bound in this associated function
help: consider giving `run` an explicit type, where the value of const parameter `METRICS` is specified
     |
1243 |             let mut run: Run<METRICS> = local::Run::with_dependencies(mode);
     |                        ++++++++++++++

error[E0284]: type annotations needed for `Run<_>`
    --> research/chr-relational/tests/chr_constructors.rs:1243:17
     |
1243 |             let mut run = local::Run::with_dependencies(mode);
     |                 ^^^^^^^
...
1281 |             run.describe(others[0], "f", vec![child_b]);
     |                 -------- type must be known at this point
     |
note: required by a const generic parameter in `Run::<METRICS>::describe`
    --> research/chr-relational/tests/support/local_ports.rs:173:6
     |
 173 | impl<const METRICS: bool> Run<METRICS> {
     |      ^^^^^^^^^^^^^^^^^^^ required by this const generic parameter in `Run::<METRICS>::describe`
...
 215 |     pub fn describe(&mut self, value: usize, name: &str, children: Vec<usize>) {
     |            -------- required by a bound in this associated function
help: consider giving `run` an explicit type, where the value of const parameter `METRICS` is specified
     |
1243 |             let mut run: Run<METRICS> = local::Run::with_dependencies(mode);
     |                        ++++++++++++++

error[E0284]: type annotations needed for `Run<_>`
    --> research/chr-relational/tests/chr_constructors.rs:1243:17
     |
1243 |             let mut run = local::Run::with_dependencies(mode);
     |                 ^^^^^^^
...
1282 |             run.settle();
     |                 ------ type must be known at this point
     |
note: required by a const generic parameter in `Run::<METRICS>::settle`
    --> research/chr-relational/tests/support/local_ports.rs:173:6
     |
 173 | impl<const METRICS: bool> Run<METRICS> {
     |      ^^^^^^^^^^^^^^^^^^^ required by this const generic parameter in `Run::<METRICS>::settle`
...
 664 |     pub fn settle(&mut self) {
     |            ------ required by a bound in this associated function
help: consider giving `run` an explicit type, where the value of const parameter `METRICS` is specified
     |
1243 |             let mut run: Run<METRICS> = local::Run::with_dependencies(mode);
     |                        ++++++++++++++

error[E0284]: type annotations needed for `Run<_>`
    --> research/chr-relational/tests/chr_constructors.rs:1243:17
     |
1243 |             let mut run = local::Run::with_dependencies(mode);
     |                 ^^^^^^^
...
1283 |             run.assert_dependency_integrity();
     |                 --------------------------- type must be known at this point
     |
note: required by a const generic parameter in `Run::<METRICS>::assert_dependency_integrity`
    --> research/chr-relational/tests/support/local_ports.rs:173:6
     |
 173 | impl<const METRICS: bool> Run<METRICS> {
     |      ^^^^^^^^^^^^^^^^^^^ required by this const generic parameter in `Run::<METRICS>::assert_dependency_integrity`
...
 468 |     pub fn assert_dependency_integrity(&self) {
     |            --------------------------- required by a bound in this associated function
help: consider giving `run` an explicit type, where the value of const parameter `METRICS` is specified
     |
1243 |             let mut run: Run<METRICS> = local::Run::with_dependencies(mode);
     |                        ++++++++++++++

error[E0284]: type annotations needed for `Run<_>`
    --> research/chr-relational/tests/chr_constructors.rs:1243:17
     |
1243 |             let mut run = local::Run::with_dependencies(mode);
     |                 ^^^^^^^
...
1285 |             println!("WORK described {mode:?} {width} {}", run.work_json());
     |                                                                --------- type must be known at this point
     |
note: required by a const generic parameter in `Run::<METRICS>::work_json`
    --> research/chr-relational/tests/support/local_ports.rs:173:6
     |
 173 | impl<const METRICS: bool> Run<METRICS> {
     |      ^^^^^^^^^^^^^^^^^^^ required by this const generic parameter in `Run::<METRICS>::work_json`
...
 180 |     pub fn work_json(&self) -> String {
     |            --------- required by a bound in this associated function
help: consider giving `run` an explicit type, where the value of const parameter `METRICS` is specified
     |
1243 |             let mut run: Run<METRICS> = local::Run::with_dependencies(mode);
     |                        ++++++++++++++

error[E0284]: type annotations needed for `Run<_>`
    --> research/chr-relational/tests/chr_constructors.rs:1243:17
     |
1243 |             let mut run = local::Run::with_dependencies(mode);
     |                 ^^^^^^^
...
1286 |             let untouched = run.clone();
     |                                 ----- type must be known at this point
     |
note: required for `Run<_>` to implement `Clone`
    --> research/chr-relational/tests/support/local_ports.rs:153:12
     |
 152 | #[derive(Clone, Default)]
     |          ----- in this derive macro expansion
 153 | pub struct Run<const METRICS: bool = true> {
     |            ^^^ -------------------------- type parameter would need to implement `Clone`
     = help: consider manually implementing `Clone` to avoid undesired bounds
help: consider giving `run` an explicit type, where the value of const parameter `METRICS` is specified
     |
1243 |             let mut run: Run<METRICS> = local::Run::with_dependencies(mode);
     |                        ++++++++++++++

error[E0284]: type annotations needed for `Run<_>`
    --> research/chr-relational/tests/chr_constructors.rs:1243:17
     |
1243 |             let mut run = local::Run::with_dependencies(mode);
     |                 ^^^^^^^
...
1318 |                 untouched.answer(&outputs).into_iter().collect(),
     |                           ------ type must be known at this point
     |
note: required by a const generic parameter in `Run::<METRICS>::answer`
    --> research/chr-relational/tests/support/local_ports.rs:173:6
     |
 173 | impl<const METRICS: bool> Run<METRICS> {
     |      ^^^^^^^^^^^^^^^^^^^ required by this const generic parameter in `Run::<METRICS>::answer`
...
 740 |     pub fn answer(&self, outputs: &[usize]) -> Option<Answer> {
     |            ------ required by a bound in this associated function
help: consider giving `run` an explicit type, where the value of const parameter `METRICS` is specified
     |
1243 |             let mut run: Run<METRICS> = local::Run::with_dependencies(mode);
     |                        ++++++++++++++

error[E0284]: type annotations needed for `Run<_>`
    --> research/chr-relational/tests/chr_constructors.rs:1243:17
     |
1243 |             let mut run = local::Run::with_dependencies(mode);
     |                 ^^^^^^^
...
1321 |             run.equate(child_a, child_b);
     |                 ------ type must be known at this point
     |
note: required by a const generic parameter in `Run::<METRICS>::equate`
    --> research/chr-relational/tests/support/local_ports.rs:173:6
     |
 173 | impl<const METRICS: bool> Run<METRICS> {
     |      ^^^^^^^^^^^^^^^^^^^ required by this const generic parameter in `Run::<METRICS>::equate`
...
 223 |     pub fn equate(&mut self, left: usize, right: usize) {
     |            ------ required by a bound in this associated function
help: consider giving `run` an explicit type, where the value of const parameter `METRICS` is specified
     |
1243 |             let mut run: Run<METRICS> = local::Run::with_dependencies(mode);
     |                        ++++++++++++++

error[E0284]: type annotations needed for `Run<_>`
    --> research/chr-relational/tests/chr_constructors.rs:1243:17
     |
1243 |             let mut run = local::Run::with_dependencies(mode);
     |                 ^^^^^^^
...
1322 |             run.settle();
     |                 ------ type must be known at this point
     |
note: required by a const generic parameter in `Run::<METRICS>::settle`
    --> research/chr-relational/tests/support/local_ports.rs:173:6
     |
 173 | impl<const METRICS: bool> Run<METRICS> {
     |      ^^^^^^^^^^^^^^^^^^^ required by this const generic parameter in `Run::<METRICS>::settle`
...
 664 |     pub fn settle(&mut self) {
     |            ------ required by a bound in this associated function
help: consider giving `run` an explicit type, where the value of const parameter `METRICS` is specified
     |
1243 |             let mut run: Run<METRICS> = local::Run::with_dependencies(mode);
     |                        ++++++++++++++

error[E0284]: type annotations needed for `Run<_>`
    --> research/chr-relational/tests/chr_constructors.rs:1243:17
     |
1243 |             let mut run = local::Run::with_dependencies(mode);
     |                 ^^^^^^^
...
1323 |             run.assert_dependency_integrity();
     |                 --------------------------- type must be known at this point
     |
note: required by a const generic parameter in `Run::<METRICS>::assert_dependency_integrity`
    --> research/chr-relational/tests/support/local_ports.rs:173:6
     |
 173 | impl<const METRICS: bool> Run<METRICS> {
     |      ^^^^^^^^^^^^^^^^^^^ required by this const generic parameter in `Run::<METRICS>::assert_dependency_integrity`
...
 468 |     pub fn assert_dependency_integrity(&self) {
     |            --------------------------- required by a bound in this associated function
help: consider giving `run` an explicit type, where the value of const parameter `METRICS` is specified
     |
1243 |             let mut run: Run<METRICS> = local::Run::with_dependencies(mode);
     |                        ++++++++++++++

error[E0284]: type annotations needed for `Run<_>`
    --> research/chr-relational/tests/chr_constructors.rs:1243:17
     |
1243 |             let mut run = local::Run::with_dependencies(mode);
     |                 ^^^^^^^
...
1325 |             assert_eq!(run.subscriptions(), 0);
     |                            ------------- type must be known at this point
     |
note: required by a const generic parameter in `Run::<METRICS>::subscriptions`
    --> research/chr-relational/tests/support/local_ports.rs:173:6
     |
 173 | impl<const METRICS: bool> Run<METRICS> {
     |      ^^^^^^^^^^^^^^^^^^^ required by this const generic parameter in `Run::<METRICS>::subscriptions`
...
 199 |     pub fn subscriptions(&self) -> usize {
     |            ------------- required by a bound in this associated function
help: consider giving `run` an explicit type, where the value of const parameter `METRICS` is specified
     |
1243 |             let mut run: Run<METRICS> = local::Run::with_dependencies(mode);
     |                        ++++++++++++++

error[E0284]: type annotations needed for `Run<_>`
    --> research/chr-relational/tests/chr_constructors.rs:1243:17
     |
1243 |             let mut run = local::Run::with_dependencies(mode);
     |                 ^^^^^^^
...
1332 |                 run.answer(&outputs).into_iter().collect(),
     |                     ------ type must be known at this point
     |
note: required by a const generic parameter in `Run::<METRICS>::answer`
    --> research/chr-relational/tests/support/local_ports.rs:173:6
     |
 173 | impl<const METRICS: bool> Run<METRICS> {
     |      ^^^^^^^^^^^^^^^^^^^ required by this const generic parameter in `Run::<METRICS>::answer`
...
 740 |     pub fn answer(&self, outputs: &[usize]) -> Option<Answer> {
     |            ------ required by a bound in this associated function
help: consider giving `run` an explicit type, where the value of const parameter `METRICS` is specified
     |
1243 |             let mut run: Run<METRICS> = local::Run::with_dependencies(mode);
     |                        ++++++++++++++

error[E0284]: type annotations needed for `Run<_>`
    --> research/chr-relational/tests/chr_constructors.rs:1243:17
     |
1243 |             let mut run = local::Run::with_dependencies(mode);
     |                 ^^^^^^^
...
1335 |             untouched.assert_dependency_integrity();
     |                       --------------------------- type must be known at this point
     |
note: required by a const generic parameter in `Run::<METRICS>::assert_dependency_integrity`
    --> research/chr-relational/tests/support/local_ports.rs:173:6
     |
 173 | impl<const METRICS: bool> Run<METRICS> {
     |      ^^^^^^^^^^^^^^^^^^^ required by this const generic parameter in `Run::<METRICS>::assert_dependency_integrity`
...
 468 |     pub fn assert_dependency_integrity(&self) {
     |            --------------------------- required by a bound in this associated function
help: consider giving `run` an explicit type, where the value of const parameter `METRICS` is specified
     |
1243 |             let mut run: Run<METRICS> = local::Run::with_dependencies(mode);
     |                        ++++++++++++++

error[E0284]: type annotations needed for `Run<_>`
    --> research/chr-relational/tests/chr_constructors.rs:1243:17
     |
1243 |             let mut run = local::Run::with_dependencies(mode);
     |                 ^^^^^^^
...
1336 |             assert!(untouched.subscriptions() > 0);
     |                               ------------- type must be known at this point
     |
note: required by a const generic parameter in `Run::<METRICS>::subscriptions`
    --> research/chr-relational/tests/support/local_ports.rs:173:6
     |
 173 | impl<const METRICS: bool> Run<METRICS> {
     |      ^^^^^^^^^^^^^^^^^^^ required by this const generic parameter in `Run::<METRICS>::subscriptions`
...
 199 |     pub fn subscriptions(&self) -> usize {
     |            ------------- required by a bound in this associated function
help: consider giving `run` an explicit type, where the value of const parameter `METRICS` is specified
     |
1243 |             let mut run: Run<METRICS> = local::Run::with_dependencies(mode);
     |                        ++++++++++++++

error[E0284]: type annotations needed for `Run<_>`
    --> research/chr-relational/tests/chr_constructors.rs:1243:17
     |
1243 |             let mut run = local::Run::with_dependencies(mode);
     |                 ^^^^^^^
...
1337 |             println!("WORK completed {mode:?} {width} {}", run.work_json());
     |                                                                --------- type must be known at this point
     |
note: required by a const generic parameter in `Run::<METRICS>::work_json`
    --> research/chr-relational/tests/support/local_ports.rs:173:6
     |
 173 | impl<const METRICS: bool> Run<METRICS> {
     |      ^^^^^^^^^^^^^^^^^^^ required by this const generic parameter in `Run::<METRICS>::work_json`
...
 180 |     pub fn work_json(&self) -> String {
     |            --------- required by a bound in this associated function
help: consider giving `run` an explicit type, where the value of const parameter `METRICS` is specified
     |
1243 |             let mut run: Run<METRICS> = local::Run::with_dependencies(mode);
     |                        ++++++++++++++

error[E0284]: type annotations needed for `Run<_>`
    --> research/chr-relational/tests/chr_constructors.rs:1358:13
     |
1358 |         let mut run = local::Run::with_dependencies(mode);
     |             ^^^^^^^   ---------- type must be known at this point
     |
note: required by a const generic parameter in `Run`
    --> research/chr-relational/tests/support/local_ports.rs:153:16
     |
 153 | pub struct Run<const METRICS: bool = true> {
     |                ^^^^^^^^^^^^^^^^^^^^^^^^^^ required by this const generic parameter in `Run`
help: consider giving `run` an explicit type, where the value of const parameter `METRICS` is specified
     |
1358 |         let mut run: Run<METRICS> = local::Run::with_dependencies(mode);
     |                    ++++++++++++++

error[E0284]: type annotations needed for `Run<_>`
    --> research/chr-relational/tests/chr_constructors.rs:1358:13
     |
1358 |         let mut run = local::Run::with_dependencies(mode);
     |             ^^^^^^^   ----------------------------------- type must be known at this point
     |
note: required by a const generic parameter in `Run::<METRICS>::with_dependencies`
    --> research/chr-relational/tests/support/local_ports.rs:173:6
     |
 173 | impl<const METRICS: bool> Run<METRICS> {
     |      ^^^^^^^^^^^^^^^^^^^ required by this const generic parameter in `Run::<METRICS>::with_dependencies`
 174 |     pub fn with_dependencies(mode: DependencyMode) -> Self {
     |            ----------------- required by a bound in this associated function
help: consider giving `run` an explicit type, where the value of const parameter `METRICS` is specified
     |
1358 |         let mut run: Run<METRICS> = local::Run::with_dependencies(mode);
     |                    ++++++++++++++

error[E0284]: type annotations needed for `Run<_>`
    --> research/chr-relational/tests/chr_constructors.rs:1358:13
     |
1358 |         let mut run = local::Run::with_dependencies(mode);
     |             ^^^^^^^
1359 |         let x = run.value();
     |                     ----- type must be known at this point
     |
note: required by a const generic parameter in `Run::<METRICS>::value`
    --> research/chr-relational/tests/support/local_ports.rs:173:6
     |
 173 | impl<const METRICS: bool> Run<METRICS> {
     |      ^^^^^^^^^^^^^^^^^^^ required by this const generic parameter in `Run::<METRICS>::value`
...
 206 |     pub fn value(&mut self) -> usize {
     |            ----- required by a bound in this associated function
help: consider giving `run` an explicit type, where the value of const parameter `METRICS` is specified
     |
1358 |         let mut run: Run<METRICS> = local::Run::with_dependencies(mode);
     |                    ++++++++++++++

error[E0284]: type annotations needed for `Run<_>`
    --> research/chr-relational/tests/chr_constructors.rs:1358:13
     |
1358 |         let mut run = local::Run::with_dependencies(mode);
     |             ^^^^^^^
1359 |         let x = run.value();
1360 |         let y = run.value();
     |                     ----- type must be known at this point
     |
note: required by a const generic parameter in `Run::<METRICS>::value`
    --> research/chr-relational/tests/support/local_ports.rs:173:6
     |
 173 | impl<const METRICS: bool> Run<METRICS> {
     |      ^^^^^^^^^^^^^^^^^^^ required by this const generic parameter in `Run::<METRICS>::value`
...
 206 |     pub fn value(&mut self) -> usize {
     |            ----- required by a bound in this associated function
help: consider giving `run` an explicit type, where the value of const parameter `METRICS` is specified
     |
1358 |         let mut run: Run<METRICS> = local::Run::with_dependencies(mode);
     |                    ++++++++++++++

error[E0284]: type annotations needed for `Run<_>`
    --> research/chr-relational/tests/chr_constructors.rs:1358:13
     |
1358 |         let mut run = local::Run::with_dependencies(mode);
     |             ^^^^^^^
...
1361 |         let a = run.value();
     |                     ----- type must be known at this point
     |
note: required by a const generic parameter in `Run::<METRICS>::value`
    --> research/chr-relational/tests/support/local_ports.rs:173:6
     |
 173 | impl<const METRICS: bool> Run<METRICS> {
     |      ^^^^^^^^^^^^^^^^^^^ required by this const generic parameter in `Run::<METRICS>::value`
...
 206 |     pub fn value(&mut self) -> usize {
     |            ----- required by a bound in this associated function
help: consider giving `run` an explicit type, where the value of const parameter `METRICS` is specified
     |
1358 |         let mut run: Run<METRICS> = local::Run::with_dependencies(mode);
     |                    ++++++++++++++

error[E0284]: type annotations needed for `Run<_>`
    --> research/chr-relational/tests/chr_constructors.rs:1358:13
     |
1358 |         let mut run = local::Run::with_dependencies(mode);
     |             ^^^^^^^
...
1362 |         let b = run.value();
     |                     ----- type must be known at this point
     |
note: required by a const generic parameter in `Run::<METRICS>::value`
    --> research/chr-relational/tests/support/local_ports.rs:173:6
     |
 173 | impl<const METRICS: bool> Run<METRICS> {
     |      ^^^^^^^^^^^^^^^^^^^ required by this const generic parameter in `Run::<METRICS>::value`
...
 206 |     pub fn value(&mut self) -> usize {
     |            ----- required by a bound in this associated function
help: consider giving `run` an explicit type, where the value of const parameter `METRICS` is specified
     |
1358 |         let mut run: Run<METRICS> = local::Run::with_dependencies(mode);
     |                    ++++++++++++++

error[E0284]: type annotations needed for `Run<_>`
    --> research/chr-relational/tests/chr_constructors.rs:1358:13
     |
1358 |         let mut run = local::Run::with_dependencies(mode);
     |             ^^^^^^^
...
1363 |         let out = run.value();
     |                       ----- type must be known at this point
     |
note: required by a const generic parameter in `Run::<METRICS>::value`
    --> research/chr-relational/tests/support/local_ports.rs:173:6
     |
 173 | impl<const METRICS: bool> Run<METRICS> {
     |      ^^^^^^^^^^^^^^^^^^^ required by this const generic parameter in `Run::<METRICS>::value`
...
 206 |     pub fn value(&mut self) -> usize {
     |            ----- required by a bound in this associated function
help: consider giving `run` an explicit type, where the value of const parameter `METRICS` is specified
     |
1358 |         let mut run: Run<METRICS> = local::Run::with_dependencies(mode);
     |                    ++++++++++++++

error[E0284]: type annotations needed for `Run<_>`
    --> research/chr-relational/tests/chr_constructors.rs:1358:13
     |
1358 |         let mut run = local::Run::with_dependencies(mode);
     |             ^^^^^^^
...
1364 |         let known = run.value();
     |                         ----- type must be known at this point
     |
note: required by a const generic parameter in `Run::<METRICS>::value`
    --> research/chr-relational/tests/support/local_ports.rs:173:6
     |
 173 | impl<const METRICS: bool> Run<METRICS> {
     |      ^^^^^^^^^^^^^^^^^^^ required by this const generic parameter in `Run::<METRICS>::value`
...
 206 |     pub fn value(&mut self) -> usize {
     |            ----- required by a bound in this associated function
help: consider giving `run` an explicit type, where the value of const parameter `METRICS` is specified
     |
1358 |         let mut run: Run<METRICS> = local::Run::with_dependencies(mode);
     |                    ++++++++++++++

error[E0284]: type annotations needed for `Run<_>`
    --> research/chr-relational/tests/chr_constructors.rs:1358:13
     |
1358 |         let mut run = local::Run::with_dependencies(mode);
     |             ^^^^^^^
...
1365 |         run.describe(known, "f", vec![a]);
     |             -------- type must be known at this point
     |
note: required by a const generic parameter in `Run::<METRICS>::describe`
    --> research/chr-relational/tests/support/local_ports.rs:173:6
     |
 173 | impl<const METRICS: bool> Run<METRICS> {
     |      ^^^^^^^^^^^^^^^^^^^ required by this const generic parameter in `Run::<METRICS>::describe`
...
 215 |     pub fn describe(&mut self, value: usize, name: &str, children: Vec<usize>) {
     |            -------- required by a bound in this associated function
help: consider giving `run` an explicit type, where the value of const parameter `METRICS` is specified
     |
1358 |         let mut run: Run<METRICS> = local::Run::with_dependencies(mode);
     |                    ++++++++++++++

error[E0284]: type annotations needed for `Run<_>`
    --> research/chr-relational/tests/chr_constructors.rs:1358:13
     |
1358 |         let mut run = local::Run::with_dependencies(mode);
     |             ^^^^^^^
...
1366 |         run.describe(y, "f", vec![b]);
     |             -------- type must be known at this point
     |
note: required by a const generic parameter in `Run::<METRICS>::describe`
    --> research/chr-relational/tests/support/local_ports.rs:173:6
     |
 173 | impl<const METRICS: bool> Run<METRICS> {
     |      ^^^^^^^^^^^^^^^^^^^ required by this const generic parameter in `Run::<METRICS>::describe`
...
 215 |     pub fn describe(&mut self, value: usize, name: &str, children: Vec<usize>) {
     |            -------- required by a bound in this associated function
help: consider giving `run` an explicit type, where the value of const parameter `METRICS` is specified
     |
1358 |         let mut run: Run<METRICS> = local::Run::with_dependencies(mode);
     |                    ++++++++++++++

error[E0284]: type annotations needed for `Run<_>`
    --> research/chr-relational/tests/chr_constructors.rs:1358:13
     |
1358 |         let mut run = local::Run::with_dependencies(mode);
     |             ^^^^^^^
...
1368 |             let h = run.value();
     |                         ----- type must be known at this point
     |
note: required by a const generic parameter in `Run::<METRICS>::value`
    --> research/chr-relational/tests/support/local_ports.rs:173:6
     |
 173 | impl<const METRICS: bool> Run<METRICS> {
     |      ^^^^^^^^^^^^^^^^^^^ required by this const generic parameter in `Run::<METRICS>::value`
...
 206 |     pub fn value(&mut self) -> usize {
     |            ----- required by a bound in this associated function
help: consider giving `run` an explicit type, where the value of const parameter `METRICS` is specified
     |
1358 |         let mut run: Run<METRICS> = local::Run::with_dependencies(mode);
     |                    ++++++++++++++

error[E0284]: type annotations needed for `Run<_>`
    --> research/chr-relational/tests/chr_constructors.rs:1358:13
     |
1358 |         let mut run = local::Run::with_dependencies(mode);
     |             ^^^^^^^
...
1369 |             run.equate(known, h);
     |                 ------ type must be known at this point
     |
note: required by a const generic parameter in `Run::<METRICS>::equate`
    --> research/chr-relational/tests/support/local_ports.rs:173:6
     |
 173 | impl<const METRICS: bool> Run<METRICS> {
     |      ^^^^^^^^^^^^^^^^^^^ required by this const generic parameter in `Run::<METRICS>::equate`
...
 223 |     pub fn equate(&mut self, left: usize, right: usize) {
     |            ------ required by a bound in this associated function
help: consider giving `run` an explicit type, where the value of const parameter `METRICS` is specified
     |
1358 |         let mut run: Run<METRICS> = local::Run::with_dependencies(mode);
     |                    ++++++++++++++

error[E0284]: type annotations needed for `Run<_>`
    --> research/chr-relational/tests/chr_constructors.rs:1358:13
     |
1358 |         let mut run = local::Run::with_dependencies(mode);
     |             ^^^^^^^
...
1371 |         let input = run.value();
     |                         ----- type must be known at this point
     |
note: required by a const generic parameter in `Run::<METRICS>::value`
    --> research/chr-relational/tests/support/local_ports.rs:173:6
     |
 173 | impl<const METRICS: bool> Run<METRICS> {
     |      ^^^^^^^^^^^^^^^^^^^ required by this const generic parameter in `Run::<METRICS>::value`
...
 206 |     pub fn value(&mut self) -> usize {
     |            ----- required by a bound in this associated function
help: consider giving `run` an explicit type, where the value of const parameter `METRICS` is specified
     |
1358 |         let mut run: Run<METRICS> = local::Run::with_dependencies(mode);
     |                    ++++++++++++++

error[E0284]: type annotations needed for `Run<_>`
    --> research/chr-relational/tests/chr_constructors.rs:1358:13
     |
1358 |         let mut run = local::Run::with_dependencies(mode);
     |             ^^^^^^^
...
1372 |         run.describe(input, "pair", vec![x, y]);
     |             -------- type must be known at this point
     |
note: required by a const generic parameter in `Run::<METRICS>::describe`
    --> research/chr-relational/tests/support/local_ports.rs:173:6
     |
 173 | impl<const METRICS: bool> Run<METRICS> {
     |      ^^^^^^^^^^^^^^^^^^^ required by this const generic parameter in `Run::<METRICS>::describe`
...
 215 |     pub fn describe(&mut self, value: usize, name: &str, children: Vec<usize>) {
     |            -------- required by a bound in this associated function
help: consider giving `run` an explicit type, where the value of const parameter `METRICS` is specified
     |
1358 |         let mut run: Run<METRICS> = local::Run::with_dependencies(mode);
     |                    ++++++++++++++

error[E0284]: type annotations needed for `Run<_>`
    --> research/chr-relational/tests/chr_constructors.rs:1358:13
     |
1358 |         let mut run = local::Run::with_dependencies(mode);
     |             ^^^^^^^
...
1373 |         run.settle();
     |             ------ type must be known at this point
     |
note: required by a const generic parameter in `Run::<METRICS>::settle`
    --> research/chr-relational/tests/support/local_ports.rs:173:6
     |
 173 | impl<const METRICS: bool> Run<METRICS> {
     |      ^^^^^^^^^^^^^^^^^^^ required by this const generic parameter in `Run::<METRICS>::settle`
...
 664 |     pub fn settle(&mut self) {
     |            ------ required by a bound in this associated function
help: consider giving `run` an explicit type, where the value of const parameter `METRICS` is specified
     |
1358 |         let mut run: Run<METRICS> = local::Run::with_dependencies(mode);
     |                    ++++++++++++++

error[E0284]: type annotations needed for `Run<_>`
    --> research/chr-relational/tests/chr_constructors.rs:1358:13
     |
1358 |         let mut run = local::Run::with_dependencies(mode);
     |             ^^^^^^^
...
1374 |         run.post(&plan, input, out);
     |             ---- type must be known at this point
     |
note: required by a const generic parameter in `Run::<METRICS>::post`
    --> research/chr-relational/tests/support/local_ports.rs:173:6
     |
 173 | impl<const METRICS: bool> Run<METRICS> {
     |      ^^^^^^^^^^^^^^^^^^^ required by this const generic parameter in `Run::<METRICS>::post`
...
 226 |     pub fn post(&mut self, plan: &Arc<Plan>, input: usize, output: usize) {
     |            ---- required by a bound in this associated function
help: consider giving `run` an explicit type, where the value of const parameter `METRICS` is specified
     |
1358 |         let mut run: Run<METRICS> = local::Run::with_dependencies(mode);
     |                    ++++++++++++++

error[E0284]: type annotations needed for `Run<_>`
    --> research/chr-relational/tests/chr_constructors.rs:1358:13
     |
1358 |         let mut run = local::Run::with_dependencies(mode);
     |             ^^^^^^^
...
1375 |         run.token();
     |             ----- type must be known at this point
     |
note: required by a const generic parameter in `Run::<METRICS>::token`
    --> research/chr-relational/tests/support/local_ports.rs:173:6
     |
 173 | impl<const METRICS: bool> Run<METRICS> {
     |      ^^^^^^^^^^^^^^^^^^^ required by this const generic parameter in `Run::<METRICS>::token`
...
 239 |     pub fn token(&mut self) {
     |            ----- required by a bound in this associated function
help: consider giving `run` an explicit type, where the value of const parameter `METRICS` is specified
     |
1358 |         let mut run: Run<METRICS> = local::Run::with_dependencies(mode);
     |                    ++++++++++++++

error[E0284]: type annotations needed for `Run<_>`
    --> research/chr-relational/tests/chr_constructors.rs:1358:13
     |
1358 |         let mut run = local::Run::with_dependencies(mode);
     |             ^^^^^^^
...
1376 |         run.settle();
     |             ------ type must be known at this point
     |
note: required by a const generic parameter in `Run::<METRICS>::settle`
    --> research/chr-relational/tests/support/local_ports.rs:173:6
     |
 173 | impl<const METRICS: bool> Run<METRICS> {
     |      ^^^^^^^^^^^^^^^^^^^ required by this const generic parameter in `Run::<METRICS>::settle`
...
 664 |     pub fn settle(&mut self) {
     |            ------ required by a bound in this associated function
help: consider giving `run` an explicit type, where the value of const parameter `METRICS` is specified
     |
1358 |         let mut run: Run<METRICS> = local::Run::with_dependencies(mode);
     |                    ++++++++++++++

error[E0284]: type annotations needed for `Run<_>`
    --> research/chr-relational/tests/chr_constructors.rs:1358:13
     |
1358 |         let mut run = local::Run::with_dependencies(mode);
     |             ^^^^^^^
...
1377 |         run.equate(x, known);
     |             ------ type must be known at this point
     |
note: required by a const generic parameter in `Run::<METRICS>::equate`
    --> research/chr-relational/tests/support/local_ports.rs:173:6
     |
 173 | impl<const METRICS: bool> Run<METRICS> {
     |      ^^^^^^^^^^^^^^^^^^^ required by this const generic parameter in `Run::<METRICS>::equate`
...
 223 |     pub fn equate(&mut self, left: usize, right: usize) {
     |            ------ required by a bound in this associated function
help: consider giving `run` an explicit type, where the value of const parameter `METRICS` is specified
     |
1358 |         let mut run: Run<METRICS> = local::Run::with_dependencies(mode);
     |                    ++++++++++++++

error[E0284]: type annotations needed for `Run<_>`
    --> research/chr-relational/tests/chr_constructors.rs:1358:13
     |
1358 |         let mut run = local::Run::with_dependencies(mode);
     |             ^^^^^^^
...
1378 |         run.settle();
     |             ------ type must be known at this point
     |
note: required by a const generic parameter in `Run::<METRICS>::settle`
    --> research/chr-relational/tests/support/local_ports.rs:173:6
     |
 173 | impl<const METRICS: bool> Run<METRICS> {
     |      ^^^^^^^^^^^^^^^^^^^ required by this const generic parameter in `Run::<METRICS>::settle`
...
 664 |     pub fn settle(&mut self) {
     |            ------ required by a bound in this associated function
help: consider giving `run` an explicit type, where the value of const parameter `METRICS` is specified
     |
1358 |         let mut run: Run<METRICS> = local::Run::with_dependencies(mode);
     |                    ++++++++++++++

error[E0284]: type annotations needed for `Run<_>`
    --> research/chr-relational/tests/chr_constructors.rs:1358:13
     |
1358 |         let mut run = local::Run::with_dependencies(mode);
     |             ^^^^^^^
...
1379 |         run.assert_dependency_integrity();
     |             --------------------------- type must be known at this point
     |
note: required by a const generic parameter in `Run::<METRICS>::assert_dependency_integrity`
    --> research/chr-relational/tests/support/local_ports.rs:173:6
     |
 173 | impl<const METRICS: bool> Run<METRICS> {
     |      ^^^^^^^^^^^^^^^^^^^ required by this const generic parameter in `Run::<METRICS>::assert_dependency_integrity`
...
 468 |     pub fn assert_dependency_integrity(&self) {
     |            --------------------------- required by a bound in this associated function
help: consider giving `run` an explicit type, where the value of const parameter `METRICS` is specified
     |
1358 |         let mut run: Run<METRICS> = local::Run::with_dependencies(mode);
     |                    ++++++++++++++

error[E0284]: type annotations needed for `Run<_>`
    --> research/chr-relational/tests/chr_constructors.rs:1358:13
     |
1358 |         let mut run = local::Run::with_dependencies(mode);
     |             ^^^^^^^
...
1382 |         run.equate(a, b);
     |             ------ type must be known at this point
     |
note: required by a const generic parameter in `Run::<METRICS>::equate`
    --> research/chr-relational/tests/support/local_ports.rs:173:6
     |
 173 | impl<const METRICS: bool> Run<METRICS> {
     |      ^^^^^^^^^^^^^^^^^^^ required by this const generic parameter in `Run::<METRICS>::equate`
...
 223 |     pub fn equate(&mut self, left: usize, right: usize) {
     |            ------ required by a bound in this associated function
help: consider giving `run` an explicit type, where the value of const parameter `METRICS` is specified
     |
1358 |         let mut run: Run<METRICS> = local::Run::with_dependencies(mode);
     |                    ++++++++++++++

error[E0284]: type annotations needed for `Run<_>`
    --> research/chr-relational/tests/chr_constructors.rs:1358:13
     |
1358 |         let mut run = local::Run::with_dependencies(mode);
     |             ^^^^^^^
...
1383 |         run.settle();
     |             ------ type must be known at this point
     |
note: required by a const generic parameter in `Run::<METRICS>::settle`
    --> research/chr-relational/tests/support/local_ports.rs:173:6
     |
 173 | impl<const METRICS: bool> Run<METRICS> {
     |      ^^^^^^^^^^^^^^^^^^^ required by this const generic parameter in `Run::<METRICS>::settle`
...
 664 |     pub fn settle(&mut self) {
     |            ------ required by a bound in this associated function
help: consider giving `run` an explicit type, where the value of const parameter `METRICS` is specified
     |
1358 |         let mut run: Run<METRICS> = local::Run::with_dependencies(mode);
     |                    ++++++++++++++

error[E0284]: type annotations needed for `Run<_>`
    --> research/chr-relational/tests/chr_constructors.rs:1358:13
     |
1358 |         let mut run = local::Run::with_dependencies(mode);
     |             ^^^^^^^
...
1384 |         run.assert_dependency_integrity();
     |             --------------------------- type must be known at this point
     |
note: required by a const generic parameter in `Run::<METRICS>::assert_dependency_integrity`
    --> research/chr-relational/tests/support/local_ports.rs:173:6
     |
 173 | impl<const METRICS: bool> Run<METRICS> {
     |      ^^^^^^^^^^^^^^^^^^^ required by this const generic parameter in `Run::<METRICS>::assert_dependency_integrity`
...
 468 |     pub fn assert_dependency_integrity(&self) {
     |            --------------------------- required by a bound in this associated function
help: consider giving `run` an explicit type, where the value of const parameter `METRICS` is specified
     |
1358 |         let mut run: Run<METRICS> = local::Run::with_dependencies(mode);
     |                    ++++++++++++++

error[E0284]: type annotations needed for `Run<_>`
    --> research/chr-relational/tests/chr_constructors.rs:1358:13
     |
1358 |         let mut run = local::Run::with_dependencies(mode);
     |             ^^^^^^^
...
1386 |         assert_eq!(run.subscriptions(), 0);
     |                        ------------- type must be known at this point
     |
note: required by a const generic parameter in `Run::<METRICS>::subscriptions`
    --> research/chr-relational/tests/support/local_ports.rs:173:6
     |
 173 | impl<const METRICS: bool> Run<METRICS> {
     |      ^^^^^^^^^^^^^^^^^^^ required by this const generic parameter in `Run::<METRICS>::subscriptions`
...
 199 |     pub fn subscriptions(&self) -> usize {
     |            ------------- required by a bound in this associated function
help: consider giving `run` an explicit type, where the value of const parameter `METRICS` is specified
     |
1358 |         let mut run: Run<METRICS> = local::Run::with_dependencies(mode);
     |                    ++++++++++++++

error[E0284]: type annotations needed for `Run<_>`
    --> research/chr-relational/tests/chr_constructors.rs:1358:13
     |
1358 |         let mut run = local::Run::with_dependencies(mode);
     |             ^^^^^^^
...
1408 |             run.answer(&[out]).into_iter().collect(),
     |                 ------ type must be known at this point
     |
note: required by a const generic parameter in `Run::<METRICS>::answer`
    --> research/chr-relational/tests/support/local_ports.rs:173:6
     |
 173 | impl<const METRICS: bool> Run<METRICS> {
     |      ^^^^^^^^^^^^^^^^^^^ required by this const generic parameter in `Run::<METRICS>::answer`
...
 740 |     pub fn answer(&self, outputs: &[usize]) -> Option<Answer> {
     |            ------ required by a bound in this associated function
help: consider giving `run` an explicit type, where the value of const parameter `METRICS` is specified
     |
1358 |         let mut run: Run<METRICS> = local::Run::with_dependencies(mode);
     |                    ++++++++++++++

For more information about this error, try `rustc --explain E0284`.
error: could not compile `chr-relational` (test "chr_constructors") due to 270 previous errors
