   Compiling chr-compiled v0.1.0 (/home/ahart/Documents/CHRLang/research/chr-compiled)
    Finished `test` profile [unoptimized + debuginfo] target(s) in 1.25s
     Running tests/partner_order.rs (target/debug/deps/partner_order-4488116ed26474a3)

running 2 tests
PARTNER,id=0,n=8,right=false,missing=false,reverse=false,policy=Global,access=Scan,order=false,target=0,metrics=true,candidate=75,pool=89,structural=93,index=0,probe_starts=0,probe_visits=0,probe_candidates=0
PARTNER_SENTINEL,validated=4
PARTNER,id=1,n=8,right=false,missing=false,reverse=false,policy=Global,access=Scan,order=false,target=7,metrics=true,candidate=152,pool=152,structural=184,index=0,probe_starts=0,probe_visits=0,probe_candidates=0
test competing_matches_expose_order_contract ... ok
PARTNER,id=2,n=8,right=false,missing=false,reverse=false,policy=Global,access=Scan,order=true,target=0,metrics=true,candidate=75,pool=89,structural=149,index=0,probe_starts=0,probe_visits=0,probe_candidates=0
PARTNER,id=3,n=8,right=false,missing=false,reverse=false,policy=Global,access=Scan,order=true,target=7,metrics=true,candidate=152,pool=152,structural=296,index=0,probe_starts=0,probe_visits=0,probe_candidates=0
PARTNER,id=4,n=8,right=false,missing=false,reverse=false,policy=Global,access=Indexed,order=false,target=0,metrics=true,candidate=19,pool=16,structural=37,index=54,probe_starts=0,probe_visits=0,probe_candidates=0
PARTNER,id=5,n=8,right=false,missing=false,reverse=false,policy=Global,access=Indexed,order=false,target=7,metrics=true,candidate=33,pool=16,structural=65,index=96,probe_starts=0,probe_visits=0,probe_candidates=0
PARTNER,id=6,n=8,right=false,missing=false,reverse=false,policy=Global,access=Indexed,order=true,target=0,metrics=true,candidate=19,pool=16,structural=37,index=54,probe_starts=0,probe_visits=0,probe_candidates=0
PARTNER,id=7,n=8,right=false,missing=false,reverse=false,policy=Global,access=Indexed,order=true,target=7,metrics=true,candidate=33,pool=16,structural=65,index=96,probe_starts=0,probe_visits=0,probe_candidates=0
PARTNER,id=8,n=8,right=false,missing=false,reverse=false,policy=Active,access=Scan,order=false,target=0,metrics=true,candidate=155,pool=137,structural=253,index=0,probe_starts=0,probe_visits=0,probe_candidates=0
PARTNER,id=9,n=8,right=false,missing=false,reverse=false,policy=Active,access=Scan,order=false,target=7,metrics=true,candidate=176,pool=151,structural=274,index=0,probe_starts=0,probe_visits=0,probe_candidates=0
PARTNER,id=10,n=8,right=false,missing=false,reverse=false,policy=Active,access=Scan,order=true,target=0,metrics=true,candidate=156,pool=137,structural=255,index=0,probe_starts=0,probe_visits=0,probe_candidates=0
PARTNER,id=11,n=8,right=false,missing=false,reverse=false,policy=Active,access=Scan,order=true,target=7,metrics=true,candidate=177,pool=151,structural=276,index=0,probe_starts=0,probe_visits=0,probe_candidates=0
PARTNER,id=12,n=8,right=false,missing=false,reverse=false,policy=Active,access=Indexed,order=false,target=0,metrics=true,candidate=43,pool=0,structural=85,index=102,probe_starts=0,probe_visits=0,probe_candidates=0
PARTNER,id=13,n=8,right=false,missing=false,reverse=false,policy=Active,access=Indexed,order=false,target=7,metrics=true,candidate=43,pool=0,structural=85,index=102,probe_starts=0,probe_visits=0,probe_candidates=0
PARTNER,id=14,n=8,right=false,missing=false,reverse=false,policy=Active,access=Indexed,order=true,target=0,metrics=true,candidate=44,pool=0,structural=87,index=102,probe_starts=0,probe_visits=0,probe_candidates=0
PARTNER,id=15,n=8,right=false,missing=false,reverse=false,policy=Active,access=Indexed,order=true,target=7,metrics=true,candidate=44,pool=0,structural=87,index=102,probe_starts=0,probe_visits=0,probe_candidates=0
PARTNER,id=16,n=8,right=false,missing=false,reverse=true,policy=Global,access=Scan,order=false,target=0,metrics=true,candidate=152,pool=152,structural=184,index=0,probe_starts=0,probe_visits=0,probe_candidates=0
PARTNER,id=17,n=8,right=false,missing=false,reverse=true,policy=Global,access=Scan,order=false,target=7,metrics=true,candidate=75,pool=89,structural=93,index=0,probe_starts=0,probe_visits=0,probe_candidates=0
PARTNER,id=18,n=8,right=false,missing=false,reverse=true,policy=Global,access=Scan,order=true,target=0,metrics=true,candidate=152,pool=152,structural=296,index=0,probe_starts=0,probe_visits=0,probe_candidates=0
PARTNER,id=19,n=8,right=false,missing=false,reverse=true,policy=Global,access=Scan,order=true,target=7,metrics=true,candidate=75,pool=89,structural=149,index=0,probe_starts=0,probe_visits=0,probe_candidates=0
PARTNER,id=20,n=8,right=false,missing=false,reverse=true,policy=Global,access=Indexed,order=false,target=0,metrics=true,candidate=33,pool=16,structural=65,index=96,probe_starts=0,probe_visits=0,probe_candidates=0
PARTNER,id=21,n=8,right=false,missing=false,reverse=true,policy=Global,access=Indexed,order=false,target=7,metrics=true,candidate=19,pool=16,structural=37,index=54,probe_starts=0,probe_visits=0,probe_candidates=0
PARTNER,id=22,n=8,right=false,missing=false,reverse=true,policy=Global,access=Indexed,order=true,target=0,metrics=true,candidate=33,pool=16,structural=65,index=96,probe_starts=0,probe_visits=0,probe_candidates=0
PARTNER,id=23,n=8,right=false,missing=false,reverse=true,policy=Global,access=Indexed,order=true,target=7,metrics=true,candidate=19,pool=16,structural=37,index=54,probe_starts=0,probe_visits=0,probe_candidates=0
PARTNER,id=24,n=8,right=false,missing=false,reverse=true,policy=Active,access=Scan,order=false,target=0,metrics=true,candidate=177,pool=151,structural=283,index=0,probe_starts=0,probe_visits=0,probe_candidates=0
PARTNER,id=25,n=8,right=false,missing=false,reverse=true,policy=Active,access=Scan,order=false,target=7,metrics=true,candidate=156,pool=137,structural=255,index=0,probe_starts=0,probe_visits=0,probe_candidates=0
PARTNER,id=26,n=8,right=false,missing=false,reverse=true,policy=Active,access=Scan,order=true,target=0,metrics=true,candidate=176,pool=151,structural=281,index=0,probe_starts=0,probe_visits=0,probe_candidates=0
PARTNER,id=27,n=8,right=false,missing=false,reverse=true,policy=Active,access=Scan,order=true,target=7,metrics=true,candidate=155,pool=137,structural=253,index=0,probe_starts=0,probe_visits=0,probe_candidates=0
PARTNER,id=28,n=8,right=false,missing=false,reverse=true,policy=Active,access=Indexed,order=false,target=0,metrics=true,candidate=44,pool=0,structural=87,index=102,probe_starts=0,probe_visits=0,probe_candidates=0
PARTNER,id=29,n=8,right=false,missing=false,reverse=true,policy=Active,access=Indexed,order=false,target=7,metrics=true,candidate=44,pool=0,structural=87,index=102,probe_starts=0,probe_visits=0,probe_candidates=0
PARTNER,id=30,n=8,right=false,missing=false,reverse=true,policy=Active,access=Indexed,order=true,target=0,metrics=true,candidate=43,pool=0,structural=85,index=102,probe_starts=0,probe_visits=0,probe_candidates=0
PARTNER,id=31,n=8,right=false,missing=false,reverse=true,policy=Active,access=Indexed,order=true,target=7,metrics=true,candidate=43,pool=0,structural=85,index=102,probe_starts=0,probe_visits=0,probe_candidates=0
PARTNER,id=32,n=8,right=false,missing=true,reverse=false,policy=Global,access=Scan,order=false,target=0,metrics=true,candidate=80,pool=80,structural=96,index=0,probe_starts=0,probe_visits=0,probe_candidates=0
PARTNER,id=33,n=8,right=false,missing=true,reverse=false,policy=Global,access=Scan,order=false,target=7,metrics=true,candidate=80,pool=80,structural=96,index=0,probe_starts=0,probe_visits=0,probe_candidates=0
PARTNER,id=34,n=8,right=false,missing=true,reverse=false,policy=Global,access=Scan,order=true,target=0,metrics=true,candidate=80,pool=80,structural=152,index=0,probe_starts=0,probe_visits=0,probe_candidates=0
PARTNER,id=35,n=8,right=false,missing=true,reverse=false,policy=Global,access=Scan,order=true,target=7,metrics=true,candidate=80,pool=80,structural=152,index=0,probe_starts=0,probe_visits=0,probe_candidates=0
PARTNER,id=36,n=8,right=false,missing=true,reverse=false,policy=Global,access=Indexed,order=false,target=0,metrics=true,candidate=16,pool=8,structural=32,index=48,probe_starts=0,probe_visits=0,probe_candidates=0
PARTNER,id=37,n=8,right=false,missing=true,reverse=false,policy=Global,access=Indexed,order=false,target=7,metrics=true,candidate=16,pool=8,structural=32,index=48,probe_starts=0,probe_visits=0,probe_candidates=0
PARTNER,id=38,n=8,right=false,missing=true,reverse=false,policy=Global,access=Indexed,order=true,target=0,metrics=true,candidate=16,pool=8,structural=32,index=48,probe_starts=0,probe_visits=0,probe_candidates=0
PARTNER,id=39,n=8,right=false,missing=true,reverse=false,policy=Global,access=Indexed,order=true,target=7,metrics=true,candidate=16,pool=8,structural=32,index=48,probe_starts=0,probe_visits=0,probe_candidates=0
PARTNER,id=40,n=8,right=false,missing=true,reverse=false,policy=Active,access=Scan,order=false,target=0,metrics=true,candidate=177,pool=152,structural=273,index=0,probe_starts=0,probe_visits=0,probe_candidates=0
PARTNER,id=41,n=8,right=false,missing=true,reverse=false,policy=Active,access=Scan,order=false,target=7,metrics=true,candidate=177,pool=152,structural=273,index=0,probe_starts=0,probe_visits=0,probe_candidates=0
PARTNER,id=42,n=8,right=false,missing=true,reverse=false,policy=Active,access=Scan,order=true,target=0,metrics=true,candidate=241,pool=216,structural=345,index=0,probe_starts=0,probe_visits=0,probe_candidates=0
PARTNER,id=43,n=8,right=false,missing=true,reverse=false,policy=Active,access=Scan,order=true,target=7,metrics=true,candidate=241,pool=216,structural=345,index=0,probe_starts=0,probe_visits=0,probe_candidates=0
PARTNER,id=44,n=8,right=false,missing=true,reverse=false,policy=Active,access=Indexed,order=false,target=0,metrics=true,candidate=41,pool=0,structural=81,index=99,probe_starts=0,probe_visits=0,probe_candidates=0
PARTNER,id=45,n=8,right=false,missing=true,reverse=false,policy=Active,access=Indexed,order=false,target=7,metrics=true,candidate=41,pool=0,structural=81,index=99,probe_starts=0,probe_visits=0,probe_candidates=0
PARTNER,id=46,n=8,right=false,missing=true,reverse=false,policy=Active,access=Indexed,order=true,target=0,metrics=true,candidate=41,pool=0,structural=81,index=99,probe_starts=1,probe_visits=0,probe_candidates=0
PARTNER,id=47,n=8,right=false,missing=true,reverse=false,policy=Active,access=Indexed,order=true,target=7,metrics=true,candidate=41,pool=0,structural=81,index=99,probe_starts=1,probe_visits=0,probe_candidates=0
PARTNER,id=48,n=8,right=false,missing=true,reverse=true,policy=Global,access=Scan,order=false,target=0,metrics=true,candidate=80,pool=80,structural=96,index=0,probe_starts=0,probe_visits=0,probe_candidates=0
PARTNER,id=49,n=8,right=false,missing=true,reverse=true,policy=Global,access=Scan,order=false,target=7,metrics=true,candidate=80,pool=80,structural=96,index=0,probe_starts=0,probe_visits=0,probe_candidates=0
PARTNER,id=50,n=8,right=false,missing=true,reverse=true,policy=Global,access=Scan,order=true,target=0,metrics=true,candidate=80,pool=80,structural=152,index=0,probe_starts=0,probe_visits=0,probe_candidates=0
PARTNER,id=51,n=8,right=false,missing=true,reverse=true,policy=Global,access=Scan,order=true,target=7,metrics=true,candidate=80,pool=80,structural=152,index=0,probe_starts=0,probe_visits=0,probe_candidates=0
PARTNER,id=52,n=8,right=false,missing=true,reverse=true,policy=Global,access=Indexed,order=false,target=0,metrics=true,candidate=16,pool=8,structural=32,index=48,probe_starts=0,probe_visits=0,probe_candidates=0
PARTNER,id=53,n=8,right=false,missing=true,reverse=true,policy=Global,access=Indexed,order=false,target=7,metrics=true,candidate=16,pool=8,structural=32,index=48,probe_starts=0,probe_visits=0,probe_candidates=0
PARTNER,id=54,n=8,right=false,missing=true,reverse=true,policy=Global,access=Indexed,order=true,target=0,metrics=true,candidate=16,pool=8,structural=32,index=48,probe_starts=0,probe_visits=0,probe_candidates=0
PARTNER,id=55,n=8,right=false,missing=true,reverse=true,policy=Global,access=Indexed,order=true,target=7,metrics=true,candidate=16,pool=8,structural=32,index=48,probe_starts=0,probe_visits=0,probe_candidates=0
PARTNER,id=56,n=8,right=false,missing=true,reverse=true,policy=Active,access=Scan,order=false,target=0,metrics=true,candidate=177,pool=152,structural=273,index=0,probe_starts=0,probe_visits=0,probe_candidates=0
PARTNER,id=57,n=8,right=false,missing=true,reverse=true,policy=Active,access=Scan,order=false,target=7,metrics=true,candidate=177,pool=152,structural=273,index=0,probe_starts=0,probe_visits=0,probe_candidates=0
PARTNER,id=58,n=8,right=false,missing=true,reverse=true,policy=Active,access=Scan,order=true,target=0,metrics=true,candidate=241,pool=216,structural=345,index=0,probe_starts=0,probe_visits=0,probe_candidates=0
PARTNER,id=59,n=8,right=false,missing=true,reverse=true,policy=Active,access=Scan,order=true,target=7,metrics=true,candidate=241,pool=216,structural=345,index=0,probe_starts=0,probe_visits=0,probe_candidates=0
PARTNER,id=60,n=8,right=false,missing=true,reverse=true,policy=Active,access=Indexed,order=false,target=0,metrics=true,candidate=41,pool=0,structural=81,index=99,probe_starts=0,probe_visits=0,probe_candidates=0
PARTNER,id=61,n=8,right=false,missing=true,reverse=true,policy=Active,access=Indexed,order=false,target=7,metrics=true,candidate=41,pool=0,structural=81,index=99,probe_starts=0,probe_visits=0,probe_candidates=0
PARTNER,id=62,n=8,right=false,missing=true,reverse=true,policy=Active,access=Indexed,order=true,target=0,metrics=true,candidate=41,pool=0,structural=81,index=99,probe_starts=1,probe_visits=0,probe_candidates=0
PARTNER,id=63,n=8,right=false,missing=true,reverse=true,policy=Active,access=Indexed,order=true,target=7,metrics=true,candidate=41,pool=0,structural=81,index=99,probe_starts=1,probe_visits=0,probe_candidates=0
PARTNER,id=64,n=8,right=true,missing=false,reverse=false,policy=Global,access=Scan,order=false,target=0,metrics=true,candidate=75,pool=89,structural=93,index=0,probe_starts=0,probe_visits=0,probe_candidates=0
PARTNER,id=65,n=8,right=true,missing=false,reverse=false,policy=Global,access=Scan,order=false,target=7,metrics=true,candidate=152,pool=152,structural=184,index=0,probe_starts=0,probe_visits=0,probe_candidates=0
PARTNER,id=66,n=8,right=true,missing=false,reverse=false,policy=Global,access=Scan,order=true,target=0,metrics=true,candidate=75,pool=89,structural=149,index=0,probe_starts=0,probe_visits=0,probe_candidates=0
PARTNER,id=67,n=8,right=true,missing=false,reverse=false,policy=Global,access=Scan,order=true,target=7,metrics=true,candidate=152,pool=152,structural=296,index=0,probe_starts=0,probe_visits=0,probe_candidates=0
PARTNER,id=68,n=8,right=true,missing=false,reverse=false,policy=Global,access=Indexed,order=false,target=0,metrics=true,candidate=19,pool=16,structural=37,index=54,probe_starts=0,probe_visits=0,probe_candidates=0
PARTNER,id=69,n=8,right=true,missing=false,reverse=false,policy=Global,access=Indexed,order=false,target=7,metrics=true,candidate=33,pool=16,structural=65,index=96,probe_starts=0,probe_visits=0,probe_candidates=0
PARTNER,id=70,n=8,right=true,missing=false,reverse=false,policy=Global,access=Indexed,order=true,target=0,metrics=true,candidate=19,pool=16,structural=37,index=54,probe_starts=0,probe_visits=0,probe_candidates=0
PARTNER,id=71,n=8,right=true,missing=false,reverse=false,policy=Global,access=Indexed,order=true,target=7,metrics=true,candidate=33,pool=16,structural=65,index=96,probe_starts=0,probe_visits=0,probe_candidates=0
PARTNER,id=72,n=8,right=true,missing=false,reverse=false,policy=Active,access=Scan,order=false,target=0,metrics=true,candidate=155,pool=137,structural=253,index=0,probe_starts=0,probe_visits=0,probe_candidates=0
PARTNER,id=73,n=8,right=true,missing=false,reverse=false,policy=Active,access=Scan,order=false,target=7,metrics=true,candidate=176,pool=151,structural=274,index=0,probe_starts=0,probe_visits=0,probe_candidates=0
PARTNER,id=74,n=8,right=true,missing=false,reverse=false,policy=Active,access=Scan,order=true,target=0,metrics=true,candidate=156,pool=137,structural=255,index=0,probe_starts=0,probe_visits=0,probe_candidates=0
PARTNER,id=75,n=8,right=true,missing=false,reverse=false,policy=Active,access=Scan,order=true,target=7,metrics=true,candidate=177,pool=151,structural=276,index=0,probe_starts=0,probe_visits=0,probe_candidates=0
PARTNER,id=76,n=8,right=true,missing=false,reverse=false,policy=Active,access=Indexed,order=false,target=0,metrics=true,candidate=43,pool=0,structural=85,index=102,probe_starts=0,probe_visits=0,probe_candidates=0
PARTNER,id=77,n=8,right=true,missing=false,reverse=false,policy=Active,access=Indexed,order=false,target=7,metrics=true,candidate=43,pool=0,structural=85,index=102,probe_starts=0,probe_visits=0,probe_candidates=0
PARTNER,id=78,n=8,right=true,missing=false,reverse=false,policy=Active,access=Indexed,order=true,target=0,metrics=true,candidate=44,pool=0,structural=87,index=102,probe_starts=0,probe_visits=0,probe_candidates=0
PARTNER,id=79,n=8,right=true,missing=false,reverse=false,policy=Active,access=Indexed,order=true,target=7,metrics=true,candidate=44,pool=0,structural=87,index=102,probe_starts=0,probe_visits=0,probe_candidates=0
PARTNER,id=80,n=8,right=true,missing=false,reverse=true,policy=Global,access=Scan,order=false,target=0,metrics=true,candidate=152,pool=152,structural=184,index=0,probe_starts=0,probe_visits=0,probe_candidates=0
PARTNER,id=81,n=8,right=true,missing=false,reverse=true,policy=Global,access=Scan,order=false,target=7,metrics=true,candidate=75,pool=89,structural=93,index=0,probe_starts=0,probe_visits=0,probe_candidates=0
PARTNER,id=82,n=8,right=true,missing=false,reverse=true,policy=Global,access=Scan,order=true,target=0,metrics=true,candidate=152,pool=152,structural=296,index=0,probe_starts=0,probe_visits=0,probe_candidates=0
PARTNER,id=83,n=8,right=true,missing=false,reverse=true,policy=Global,access=Scan,order=true,target=7,metrics=true,candidate=75,pool=89,structural=149,index=0,probe_starts=0,probe_visits=0,probe_candidates=0
PARTNER,id=84,n=8,right=true,missing=false,reverse=true,policy=Global,access=Indexed,order=false,target=0,metrics=true,candidate=33,pool=16,structural=65,index=96,probe_starts=0,probe_visits=0,probe_candidates=0
PARTNER,id=85,n=8,right=true,missing=false,reverse=true,policy=Global,access=Indexed,order=false,target=7,metrics=true,candidate=19,pool=16,structural=37,index=54,probe_starts=0,probe_visits=0,probe_candidates=0
PARTNER,id=86,n=8,right=true,missing=false,reverse=true,policy=Global,access=Indexed,order=true,target=0,metrics=true,candidate=33,pool=16,structural=65,index=96,probe_starts=0,probe_visits=0,probe_candidates=0
PARTNER,id=87,n=8,right=true,missing=false,reverse=true,policy=Global,access=Indexed,order=true,target=7,metrics=true,candidate=19,pool=16,structural=37,index=54,probe_starts=0,probe_visits=0,probe_candidates=0
PARTNER,id=88,n=8,right=true,missing=false,reverse=true,policy=Active,access=Scan,order=false,target=0,metrics=true,candidate=177,pool=151,structural=283,index=0,probe_starts=0,probe_visits=0,probe_candidates=0
PARTNER,id=89,n=8,right=true,missing=false,reverse=true,policy=Active,access=Scan,order=false,target=7,metrics=true,candidate=156,pool=137,structural=255,index=0,probe_starts=0,probe_visits=0,probe_candidates=0
PARTNER,id=90,n=8,right=true,missing=false,reverse=true,policy=Active,access=Scan,order=true,target=0,metrics=true,candidate=176,pool=151,structural=281,index=0,probe_starts=0,probe_visits=0,probe_candidates=0
PARTNER,id=91,n=8,right=true,missing=false,reverse=true,policy=Active,access=Scan,order=true,target=7,metrics=true,candidate=155,pool=137,structural=253,index=0,probe_starts=0,probe_visits=0,probe_candidates=0
PARTNER,id=92,n=8,right=true,missing=false,reverse=true,policy=Active,access=Indexed,order=false,target=0,metrics=true,candidate=44,pool=0,structural=87,index=102,probe_starts=0,probe_visits=0,probe_candidates=0
PARTNER,id=93,n=8,right=true,missing=false,reverse=true,policy=Active,access=Indexed,order=false,target=7,metrics=true,candidate=44,pool=0,structural=87,index=102,probe_starts=0,probe_visits=0,probe_candidates=0
PARTNER,id=94,n=8,right=true,missing=false,reverse=true,policy=Active,access=Indexed,order=true,target=0,metrics=true,candidate=43,pool=0,structural=85,index=102,probe_starts=0,probe_visits=0,probe_candidates=0
PARTNER,id=95,n=8,right=true,missing=false,reverse=true,policy=Active,access=Indexed,order=true,target=7,metrics=true,candidate=43,pool=0,structural=85,index=102,probe_starts=0,probe_visits=0,probe_candidates=0
PARTNER,id=96,n=8,right=true,missing=true,reverse=false,policy=Global,access=Scan,order=false,target=0,metrics=true,candidate=80,pool=80,structural=96,index=0,probe_starts=0,probe_visits=0,probe_candidates=0
PARTNER,id=97,n=8,right=true,missing=true,reverse=false,policy=Global,access=Scan,order=false,target=7,metrics=true,candidate=80,pool=80,structural=96,index=0,probe_starts=0,probe_visits=0,probe_candidates=0
PARTNER,id=98,n=8,right=true,missing=true,reverse=false,policy=Global,access=Scan,order=true,target=0,metrics=true,candidate=80,pool=80,structural=152,index=0,probe_starts=0,probe_visits=0,probe_candidates=0
PARTNER,id=99,n=8,right=true,missing=true,reverse=false,policy=Global,access=Scan,order=true,target=7,metrics=true,candidate=80,pool=80,structural=152,index=0,probe_starts=0,probe_visits=0,probe_candidates=0
PARTNER,id=100,n=8,right=true,missing=true,reverse=false,policy=Global,access=Indexed,order=false,target=0,metrics=true,candidate=16,pool=8,structural=32,index=48,probe_starts=0,probe_visits=0,probe_candidates=0
PARTNER,id=101,n=8,right=true,missing=true,reverse=false,policy=Global,access=Indexed,order=false,target=7,metrics=true,candidate=16,pool=8,structural=32,index=48,probe_starts=0,probe_visits=0,probe_candidates=0
PARTNER,id=102,n=8,right=true,missing=true,reverse=false,policy=Global,access=Indexed,order=true,target=0,metrics=true,candidate=16,pool=8,structural=32,index=48,probe_starts=0,probe_visits=0,probe_candidates=0
PARTNER,id=103,n=8,right=true,missing=true,reverse=false,policy=Global,access=Indexed,order=true,target=7,metrics=true,candidate=16,pool=8,structural=32,index=48,probe_starts=0,probe_visits=0,probe_candidates=0
PARTNER,id=104,n=8,right=true,missing=true,reverse=false,policy=Active,access=Scan,order=false,target=0,metrics=true,candidate=241,pool=216,structural=353,index=0,probe_starts=0,probe_visits=0,probe_candidates=0
PARTNER,id=105,n=8,right=true,missing=true,reverse=false,policy=Active,access=Scan,order=false,target=7,metrics=true,candidate=241,pool=216,structural=353,index=0,probe_starts=0,probe_visits=0,probe_candidates=0
PARTNER,id=106,n=8,right=true,missing=true,reverse=false,policy=Active,access=Scan,order=true,target=0,metrics=true,candidate=177,pool=152,structural=281,index=0,probe_starts=0,probe_visits=0,probe_candidates=0
PARTNER,id=107,n=8,right=true,missing=true,reverse=false,policy=Active,access=Scan,order=true,target=7,metrics=true,candidate=177,pool=152,structural=281,index=0,probe_starts=0,probe_visits=0,probe_candidates=0
PARTNER,id=108,n=8,right=true,missing=true,reverse=false,policy=Active,access=Indexed,order=false,target=0,metrics=true,candidate=41,pool=0,structural=81,index=99,probe_starts=1,probe_visits=0,probe_candidates=0
PARTNER,id=109,n=8,right=true,missing=true,reverse=false,policy=Active,access=Indexed,order=false,target=7,metrics=true,candidate=41,pool=0,structural=81,index=99,probe_starts=1,probe_visits=0,probe_candidates=0
PARTNER,id=110,n=8,right=true,missing=true,reverse=false,policy=Active,access=Indexed,order=true,target=0,metrics=true,candidate=41,pool=0,structural=81,index=99,probe_starts=0,probe_visits=0,probe_candidates=0
PARTNER,id=111,n=8,right=true,missing=true,reverse=false,policy=Active,access=Indexed,order=true,target=7,metrics=true,candidate=41,pool=0,structural=81,index=99,probe_starts=0,probe_visits=0,probe_candidates=0
PARTNER,id=112,n=8,right=true,missing=true,reverse=true,policy=Global,access=Scan,order=false,target=0,metrics=true,candidate=80,pool=80,structural=96,index=0,probe_starts=0,probe_visits=0,probe_candidates=0
PARTNER,id=113,n=8,right=true,missing=true,reverse=true,policy=Global,access=Scan,order=false,target=7,metrics=true,candidate=80,pool=80,structural=96,index=0,probe_starts=0,probe_visits=0,probe_candidates=0
PARTNER,id=114,n=8,right=true,missing=true,reverse=true,policy=Global,access=Scan,order=true,target=0,metrics=true,candidate=80,pool=80,structural=152,index=0,probe_starts=0,probe_visits=0,probe_candidates=0
PARTNER,id=115,n=8,right=true,missing=true,reverse=true,policy=Global,access=Scan,order=true,target=7,metrics=true,candidate=80,pool=80,structural=152,index=0,probe_starts=0,probe_visits=0,probe_candidates=0
PARTNER,id=116,n=8,right=true,missing=true,reverse=true,policy=Global,access=Indexed,order=false,target=0,metrics=true,candidate=16,pool=8,structural=32,index=48,probe_starts=0,probe_visits=0,probe_candidates=0
PARTNER,id=117,n=8,right=true,missing=true,reverse=true,policy=Global,access=Indexed,order=false,target=7,metrics=true,candidate=16,pool=8,structural=32,index=48,probe_starts=0,probe_visits=0,probe_candidates=0
PARTNER,id=118,n=8,right=true,missing=true,reverse=true,policy=Global,access=Indexed,order=true,target=0,metrics=true,candidate=16,pool=8,structural=32,index=48,probe_starts=0,probe_visits=0,probe_candidates=0
PARTNER,id=119,n=8,right=true,missing=true,reverse=true,policy=Global,access=Indexed,order=true,target=7,metrics=true,candidate=16,pool=8,structural=32,index=48,probe_starts=0,probe_visits=0,probe_candidates=0
PARTNER,id=120,n=8,right=true,missing=true,reverse=true,policy=Active,access=Scan,order=false,target=0,metrics=true,candidate=241,pool=216,structural=353,index=0,probe_starts=0,probe_visits=0,probe_candidates=0
PARTNER,id=121,n=8,right=true,missing=true,reverse=true,policy=Active,access=Scan,order=false,target=7,metrics=true,candidate=241,pool=216,structural=353,index=0,probe_starts=0,probe_visits=0,probe_candidates=0
PARTNER,id=122,n=8,right=true,missing=true,reverse=true,policy=Active,access=Scan,order=true,target=0,metrics=true,candidate=177,pool=152,structural=281,index=0,probe_starts=0,probe_visits=0,probe_candidates=0
PARTNER,id=123,n=8,right=true,missing=true,reverse=true,policy=Active,access=Scan,order=true,target=7,metrics=true,candidate=177,pool=152,structural=281,index=0,probe_starts=0,probe_visits=0,probe_candidates=0
PARTNER,id=124,n=8,right=true,missing=true,reverse=true,policy=Active,access=Indexed,order=false,target=0,metrics=true,candidate=41,pool=0,structural=81,index=99,probe_starts=1,probe_visits=0,probe_candidates=0
PARTNER,id=125,n=8,right=true,missing=true,reverse=true,policy=Active,access=Indexed,order=false,target=7,metrics=true,candidate=41,pool=0,structural=81,index=99,probe_starts=1,probe_visits=0,probe_candidates=0
PARTNER,id=126,n=8,right=true,missing=true,reverse=true,policy=Active,access=Indexed,order=true,target=0,metrics=true,candidate=41,pool=0,structural=81,index=99,probe_starts=0,probe_visits=0,probe_candidates=0
PARTNER,id=127,n=8,right=true,missing=true,reverse=true,policy=Active,access=Indexed,order=true,target=7,metrics=true,candidate=41,pool=0,structural=81,index=99,probe_starts=0,probe_visits=0,probe_candidates=0
PARTNER,id=128,n=32,right=false,missing=false,reverse=false,policy=Global,access=Scan,order=false,target=0,metrics=true,candidate=1059,pool=1121,structural=1125,index=0,probe_starts=0,probe_visits=0,probe_candidates=0
PARTNER,id=129,n=32,right=false,missing=false,reverse=false,policy=Global,access=Scan,order=false,target=31,metrics=true,candidate=2144,pool=2144,structural=2272,index=0,probe_starts=0,probe_visits=0,probe_candidates=0
PARTNER,id=130,n=32,right=false,missing=false,reverse=false,policy=Global,access=Scan,order=true,target=0,metrics=true,candidate=1059,pool=1121,structural=2117,index=0,probe_starts=0,probe_visits=0,probe_candidates=0
PARTNER,id=131,n=32,right=false,missing=false,reverse=false,policy=Global,access=Scan,order=true,target=31,metrics=true,candidate=2144,pool=2144,structural=4256,index=0,probe_starts=0,probe_visits=0,probe_candidates=0
PARTNER,id=132,n=32,right=false,missing=false,reverse=false,policy=Global,access=Indexed,order=false,target=0,metrics=true,candidate=67,pool=64,structural=133,index=198,probe_starts=0,probe_visits=0,probe_candidates=0
PARTNER,id=133,n=32,right=false,missing=false,reverse=false,policy=Global,access=Indexed,order=false,target=31,metrics=true,candidate=129,pool=64,structural=257,index=384,probe_starts=0,probe_visits=0,probe_candidates=0
PARTNER,id=134,n=32,right=false,missing=false,reverse=false,policy=Global,access=Indexed,order=true,target=0,metrics=true,candidate=67,pool=64,structural=133,index=198,probe_starts=0,probe_visits=0,probe_candidates=0
PARTNER,id=135,n=32,right=false,missing=false,reverse=false,policy=Global,access=Indexed,order=true,target=31,metrics=true,candidate=129,pool=64,structural=257,index=384,probe_starts=0,probe_visits=0,probe_candidates=0
PARTNER,id=136,n=32,right=false,missing=false,reverse=false,policy=Active,access=Scan,order=false,target=0,metrics=true,candidate=2147,pool=2081,structural=3301,index=0,probe_starts=0,probe_visits=0,probe_candidates=0
PARTNER,id=137,n=32,right=false,missing=false,reverse=false,policy=Active,access=Scan,order=false,target=31,metrics=true,candidate=2240,pool=2143,structural=3394,index=0,probe_starts=0,probe_visits=0,probe_candidates=0
PARTNER,id=138,n=32,right=false,missing=false,reverse=false,policy=Active,access=Scan,order=true,target=0,metrics=true,candidate=2148,pool=2081,structural=3303,index=0,probe_starts=0,probe_visits=0,probe_candidates=0
PARTNER,id=139,n=32,right=false,missing=false,reverse=false,policy=Active,access=Scan,order=true,target=31,metrics=true,candidate=2241,pool=2143,structural=3396,index=0,probe_starts=0,probe_visits=0,probe_candidates=0
PARTNER,id=140,n=32,right=false,missing=false,reverse=false,policy=Active,access=Indexed,order=false,target=0,metrics=true,candidate=163,pool=0,structural=325,index=390,probe_starts=0,probe_visits=0,probe_candidates=0
PARTNER,id=141,n=32,right=false,missing=false,reverse=false,policy=Active,access=Indexed,order=false,target=31,metrics=true,candidate=163,pool=0,structural=325,index=390,probe_starts=0,probe_visits=0,probe_candidates=0
PARTNER,id=142,n=32,right=false,missing=false,reverse=false,policy=Active,access=Indexed,order=true,target=0,metrics=true,candidate=164,pool=0,structural=327,index=390,probe_starts=0,probe_visits=0,probe_candidates=0
PARTNER,id=143,n=32,right=false,missing=false,reverse=false,policy=Active,access=Indexed,order=true,target=31,metrics=true,candidate=164,pool=0,structural=327,index=390,probe_starts=0,probe_visits=0,probe_candidates=0
PARTNER,id=144,n=32,right=false,missing=false,reverse=true,policy=Global,access=Scan,order=false,target=0,metrics=true,candidate=2144,pool=2144,structural=2272,index=0,probe_starts=0,probe_visits=0,probe_candidates=0
PARTNER,id=145,n=32,right=false,missing=false,reverse=true,policy=Global,access=Scan,order=false,target=31,metrics=true,candidate=1059,pool=1121,structural=1125,index=0,probe_starts=0,probe_visits=0,probe_candidates=0
PARTNER,id=146,n=32,right=false,missing=false,reverse=true,policy=Global,access=Scan,order=true,target=0,metrics=true,candidate=2144,pool=2144,structural=4256,index=0,probe_starts=0,probe_visits=0,probe_candidates=0
PARTNER,id=147,n=32,right=false,missing=false,reverse=true,policy=Global,access=Scan,order=true,target=31,metrics=true,candidate=1059,pool=1121,structural=2117,index=0,probe_starts=0,probe_visits=0,probe_candidates=0
PARTNER,id=148,n=32,right=false,missing=false,reverse=true,policy=Global,access=Indexed,order=false,target=0,metrics=true,candidate=129,pool=64,structural=257,index=384,probe_starts=0,probe_visits=0,probe_candidates=0
PARTNER,id=149,n=32,right=false,missing=false,reverse=true,policy=Global,access=Indexed,order=false,target=31,metrics=true,candidate=67,pool=64,structural=133,index=198,probe_starts=0,probe_visits=0,probe_candidates=0
PARTNER,id=150,n=32,right=false,missing=false,reverse=true,policy=Global,access=Indexed,order=true,target=0,metrics=true,candidate=129,pool=64,structural=257,index=384,probe_starts=0,probe_visits=0,probe_candidates=0
PARTNER,id=151,n=32,right=false,missing=false,reverse=true,policy=Global,access=Indexed,order=true,target=31,metrics=true,candidate=67,pool=64,structural=133,index=198,probe_starts=0,probe_visits=0,probe_candidates=0
PARTNER,id=152,n=32,right=false,missing=false,reverse=true,policy=Active,access=Scan,order=false,target=0,metrics=true,candidate=2241,pool=2143,structural=3427,index=0,probe_starts=0,probe_visits=0,probe_candidates=0
PARTNER,id=153,n=32,right=false,missing=false,reverse=true,policy=Active,access=Scan,order=false,target=31,metrics=true,candidate=2148,pool=2081,structural=3303,index=0,probe_starts=0,probe_visits=0,probe_candidates=0
PARTNER,id=154,n=32,right=false,missing=false,reverse=true,policy=Active,access=Scan,order=true,target=0,metrics=true,candidate=2240,pool=2143,structural=3425,index=0,probe_starts=0,probe_visits=0,probe_candidates=0
PARTNER,id=155,n=32,right=false,missing=false,reverse=true,policy=Active,access=Scan,order=true,target=31,metrics=true,candidate=2147,pool=2081,structural=3301,index=0,probe_starts=0,probe_visits=0,probe_candidates=0
PARTNER,id=156,n=32,right=false,missing=false,reverse=true,policy=Active,access=Indexed,order=false,target=0,metrics=true,candidate=164,pool=0,structural=327,index=390,probe_starts=0,probe_visits=0,probe_candidates=0
PARTNER,id=157,n=32,right=false,missing=false,reverse=true,policy=Active,access=Indexed,order=false,target=31,metrics=true,candidate=164,pool=0,structural=327,index=390,probe_starts=0,probe_visits=0,probe_candidates=0
PARTNER,id=158,n=32,right=false,missing=false,reverse=true,policy=Active,access=Indexed,order=true,target=0,metrics=true,candidate=163,pool=0,structural=325,index=390,probe_starts=0,probe_visits=0,probe_candidates=0
PARTNER,id=159,n=32,right=false,missing=false,reverse=true,policy=Active,access=Indexed,order=true,target=31,metrics=true,candidate=163,pool=0,structural=325,index=390,probe_starts=0,probe_visits=0,probe_candidates=0
PARTNER,id=160,n=32,right=false,missing=true,reverse=false,policy=Global,access=Scan,order=false,target=0,metrics=true,candidate=1088,pool=1088,structural=1152,index=0,probe_starts=0,probe_visits=0,probe_candidates=0
PARTNER,id=161,n=32,right=false,missing=true,reverse=false,policy=Global,access=Scan,order=false,target=31,metrics=true,candidate=1088,pool=1088,structural=1152,index=0,probe_starts=0,probe_visits=0,probe_candidates=0
PARTNER,id=162,n=32,right=false,missing=true,reverse=false,policy=Global,access=Scan,order=true,target=0,metrics=true,candidate=1088,pool=1088,structural=2144,index=0,probe_starts=0,probe_visits=0,probe_candidates=0
PARTNER,id=163,n=32,right=false,missing=true,reverse=false,policy=Global,access=Scan,order=true,target=31,metrics=true,candidate=1088,pool=1088,structural=2144,index=0,probe_starts=0,probe_visits=0,probe_candidates=0
PARTNER,id=164,n=32,right=false,missing=true,reverse=false,policy=Global,access=Indexed,order=false,target=0,metrics=true,candidate=64,pool=32,structural=128,index=192,probe_starts=0,probe_visits=0,probe_candidates=0
PARTNER,id=165,n=32,right=false,missing=true,reverse=false,policy=Global,access=Indexed,order=false,target=31,metrics=true,candidate=64,pool=32,structural=128,index=192,probe_starts=0,probe_visits=0,probe_candidates=0
PARTNER,id=166,n=32,right=false,missing=true,reverse=false,policy=Global,access=Indexed,order=true,target=0,metrics=true,candidate=64,pool=32,structural=128,index=192,probe_starts=0,probe_visits=0,probe_candidates=0
PARTNER,id=167,n=32,right=false,missing=true,reverse=false,policy=Global,access=Indexed,order=true,target=31,metrics=true,candidate=64,pool=32,structural=128,index=192,probe_starts=0,probe_visits=0,probe_candidates=0
PARTNER,id=168,n=32,right=false,missing=true,reverse=false,policy=Active,access=Scan,order=false,target=0,metrics=true,candidate=2241,pool=2144,structural=3393,index=0,probe_starts=0,probe_visits=0,probe_candidates=0
PARTNER,id=169,n=32,right=false,missing=true,reverse=false,policy=Active,access=Scan,order=false,target=31,metrics=true,candidate=2241,pool=2144,structural=3393,index=0,probe_starts=0,probe_visits=0,probe_candidates=0
PARTNER,id=170,n=32,right=false,missing=true,reverse=false,policy=Active,access=Scan,order=true,target=0,metrics=true,candidate=3265,pool=3168,structural=4449,index=0,probe_starts=0,probe_visits=0,probe_candidates=0
PARTNER,id=171,n=32,right=false,missing=true,reverse=false,policy=Active,access=Scan,order=true,target=31,metrics=true,candidate=3265,pool=3168,structural=4449,index=0,probe_starts=0,probe_visits=0,probe_candidates=0
PARTNER,id=172,n=32,right=false,missing=true,reverse=false,policy=Active,access=Indexed,order=false,target=0,metrics=true,candidate=161,pool=0,structural=321,index=387,probe_starts=0,probe_visits=0,probe_candidates=0
PARTNER,id=173,n=32,right=false,missing=true,reverse=false,policy=Active,access=Indexed,order=false,target=31,metrics=true,candidate=161,pool=0,structural=321,index=387,probe_starts=0,probe_visits=0,probe_candidates=0
PARTNER,id=174,n=32,right=false,missing=true,reverse=false,policy=Active,access=Indexed,order=true,target=0,metrics=true,candidate=161,pool=0,structural=321,index=387,probe_starts=1,probe_visits=0,probe_candidates=0
PARTNER,id=175,n=32,right=false,missing=true,reverse=false,policy=Active,access=Indexed,order=true,target=31,metrics=true,candidate=161,pool=0,structural=321,index=387,probe_starts=1,probe_visits=0,probe_candidates=0
PARTNER,id=176,n=32,right=false,missing=true,reverse=true,policy=Global,access=Scan,order=false,target=0,metrics=true,candidate=1088,pool=1088,structural=1152,index=0,probe_starts=0,probe_visits=0,probe_candidates=0
PARTNER,id=177,n=32,right=false,missing=true,reverse=true,policy=Global,access=Scan,order=false,target=31,metrics=true,candidate=1088,pool=1088,structural=1152,index=0,probe_starts=0,probe_visits=0,probe_candidates=0
PARTNER,id=178,n=32,right=false,missing=true,reverse=true,policy=Global,access=Scan,order=true,target=0,metrics=true,candidate=1088,pool=1088,structural=2144,index=0,probe_starts=0,probe_visits=0,probe_candidates=0
PARTNER,id=179,n=32,right=false,missing=true,reverse=true,policy=Global,access=Scan,order=true,target=31,metrics=true,candidate=1088,pool=1088,structural=2144,index=0,probe_starts=0,probe_visits=0,probe_candidates=0
PARTNER,id=180,n=32,right=false,missing=true,reverse=true,policy=Global,access=Indexed,order=false,target=0,metrics=true,candidate=64,pool=32,structural=128,index=192,probe_starts=0,probe_visits=0,probe_candidates=0
PARTNER,id=181,n=32,right=false,missing=true,reverse=true,policy=Global,access=Indexed,order=false,target=31,metrics=true,candidate=64,pool=32,structural=128,index=192,probe_starts=0,probe_visits=0,probe_candidates=0
PARTNER,id=182,n=32,right=false,missing=true,reverse=true,policy=Global,access=Indexed,order=true,target=0,metrics=true,candidate=64,pool=32,structural=128,index=192,probe_starts=0,probe_visits=0,probe_candidates=0
PARTNER,id=183,n=32,right=false,missing=true,reverse=true,policy=Global,access=Indexed,order=true,target=31,metrics=true,candidate=64,pool=32,structural=128,index=192,probe_starts=0,probe_visits=0,probe_candidates=0
PARTNER,id=184,n=32,right=false,missing=true,reverse=true,policy=Active,access=Scan,order=false,target=0,metrics=true,candidate=2241,pool=2144,structural=3393,index=0,probe_starts=0,probe_visits=0,probe_candidates=0
PARTNER,id=185,n=32,right=false,missing=true,reverse=true,policy=Active,access=Scan,order=false,target=31,metrics=true,candidate=2241,pool=2144,structural=3393,index=0,probe_starts=0,probe_visits=0,probe_candidates=0
PARTNER,id=186,n=32,right=false,missing=true,reverse=true,policy=Active,access=Scan,order=true,target=0,metrics=true,candidate=3265,pool=3168,structural=4449,index=0,probe_starts=0,probe_visits=0,probe_candidates=0
PARTNER,id=187,n=32,right=false,missing=true,reverse=true,policy=Active,access=Scan,order=true,target=31,metrics=true,candidate=3265,pool=3168,structural=4449,index=0,probe_starts=0,probe_visits=0,probe_candidates=0
PARTNER,id=188,n=32,right=false,missing=true,reverse=true,policy=Active,access=Indexed,order=false,target=0,metrics=true,candidate=161,pool=0,structural=321,index=387,probe_starts=0,probe_visits=0,probe_candidates=0
PARTNER,id=189,n=32,right=false,missing=true,reverse=true,policy=Active,access=Indexed,order=false,target=31,metrics=true,candidate=161,pool=0,structural=321,index=387,probe_starts=0,probe_visits=0,probe_candidates=0
PARTNER,id=190,n=32,right=false,missing=true,reverse=true,policy=Active,access=Indexed,order=true,target=0,metrics=true,candidate=161,pool=0,structural=321,index=387,probe_starts=1,probe_visits=0,probe_candidates=0
PARTNER,id=191,n=32,right=false,missing=true,reverse=true,policy=Active,access=Indexed,order=true,target=31,metrics=true,candidate=161,pool=0,structural=321,index=387,probe_starts=1,probe_visits=0,probe_candidates=0
PARTNER,id=192,n=32,right=true,missing=false,reverse=false,policy=Global,access=Scan,order=false,target=0,metrics=true,candidate=1059,pool=1121,structural=1125,index=0,probe_starts=0,probe_visits=0,probe_candidates=0
PARTNER,id=193,n=32,right=true,missing=false,reverse=false,policy=Global,access=Scan,order=false,target=31,metrics=true,candidate=2144,pool=2144,structural=2272,index=0,probe_starts=0,probe_visits=0,probe_candidates=0
PARTNER,id=194,n=32,right=true,missing=false,reverse=false,policy=Global,access=Scan,order=true,target=0,metrics=true,candidate=1059,pool=1121,structural=2117,index=0,probe_starts=0,probe_visits=0,probe_candidates=0
PARTNER,id=195,n=32,right=true,missing=false,reverse=false,policy=Global,access=Scan,order=true,target=31,metrics=true,candidate=2144,pool=2144,structural=4256,index=0,probe_starts=0,probe_visits=0,probe_candidates=0
PARTNER,id=196,n=32,right=true,missing=false,reverse=false,policy=Global,access=Indexed,order=false,target=0,metrics=true,candidate=67,pool=64,structural=133,index=198,probe_starts=0,probe_visits=0,probe_candidates=0
PARTNER,id=197,n=32,right=true,missing=false,reverse=false,policy=Global,access=Indexed,order=false,target=31,metrics=true,candidate=129,pool=64,structural=257,index=384,probe_starts=0,probe_visits=0,probe_candidates=0
PARTNER,id=198,n=32,right=true,missing=false,reverse=false,policy=Global,access=Indexed,order=true,target=0,metrics=true,candidate=67,pool=64,structural=133,index=198,probe_starts=0,probe_visits=0,probe_candidates=0
PARTNER,id=199,n=32,right=true,missing=false,reverse=false,policy=Global,access=Indexed,order=true,target=31,metrics=true,candidate=129,pool=64,structural=257,index=384,probe_starts=0,probe_visits=0,probe_candidates=0
PARTNER,id=200,n=32,right=true,missing=false,reverse=false,policy=Active,access=Scan,order=false,target=0,metrics=true,candidate=2147,pool=2081,structural=3301,index=0,probe_starts=0,probe_visits=0,probe_candidates=0
PARTNER,id=201,n=32,right=true,missing=false,reverse=false,policy=Active,access=Scan,order=false,target=31,metrics=true,candidate=2240,pool=2143,structural=3394,index=0,probe_starts=0,probe_visits=0,probe_candidates=0
PARTNER,id=202,n=32,right=true,missing=false,reverse=false,policy=Active,access=Scan,order=true,target=0,metrics=true,candidate=2148,pool=2081,structural=3303,index=0,probe_starts=0,probe_visits=0,probe_candidates=0
PARTNER,id=203,n=32,right=true,missing=false,reverse=false,policy=Active,access=Scan,order=true,target=31,metrics=true,candidate=2241,pool=2143,structural=3396,index=0,probe_starts=0,probe_visits=0,probe_candidates=0
PARTNER,id=204,n=32,right=true,missing=false,reverse=false,policy=Active,access=Indexed,order=false,target=0,metrics=true,candidate=163,pool=0,structural=325,index=390,probe_starts=0,probe_visits=0,probe_candidates=0
PARTNER,id=205,n=32,right=true,missing=false,reverse=false,policy=Active,access=Indexed,order=false,target=31,metrics=true,candidate=163,pool=0,structural=325,index=390,probe_starts=0,probe_visits=0,probe_candidates=0
PARTNER,id=206,n=32,right=true,missing=false,reverse=false,policy=Active,access=Indexed,order=true,target=0,metrics=true,candidate=164,pool=0,structural=327,index=390,probe_starts=0,probe_visits=0,probe_candidates=0
PARTNER,id=207,n=32,right=true,missing=false,reverse=false,policy=Active,access=Indexed,order=true,target=31,metrics=true,candidate=164,pool=0,structural=327,index=390,probe_starts=0,probe_visits=0,probe_candidates=0
PARTNER,id=208,n=32,right=true,missing=false,reverse=true,policy=Global,access=Scan,order=false,target=0,metrics=true,candidate=2144,pool=2144,structural=2272,index=0,probe_starts=0,probe_visits=0,probe_candidates=0
PARTNER,id=209,n=32,right=true,missing=false,reverse=true,policy=Global,access=Scan,order=false,target=31,metrics=true,candidate=1059,pool=1121,structural=1125,index=0,probe_starts=0,probe_visits=0,probe_candidates=0
PARTNER,id=210,n=32,right=true,missing=false,reverse=true,policy=Global,access=Scan,order=true,target=0,metrics=true,candidate=2144,pool=2144,structural=4256,index=0,probe_starts=0,probe_visits=0,probe_candidates=0
PARTNER,id=211,n=32,right=true,missing=false,reverse=true,policy=Global,access=Scan,order=true,target=31,metrics=true,candidate=1059,pool=1121,structural=2117,index=0,probe_starts=0,probe_visits=0,probe_candidates=0
PARTNER,id=212,n=32,right=true,missing=false,reverse=true,policy=Global,access=Indexed,order=false,target=0,metrics=true,candidate=129,pool=64,structural=257,index=384,probe_starts=0,probe_visits=0,probe_candidates=0
PARTNER,id=213,n=32,right=true,missing=false,reverse=true,policy=Global,access=Indexed,order=false,target=31,metrics=true,candidate=67,pool=64,structural=133,index=198,probe_starts=0,probe_visits=0,probe_candidates=0
PARTNER,id=214,n=32,right=true,missing=false,reverse=true,policy=Global,access=Indexed,order=true,target=0,metrics=true,candidate=129,pool=64,structural=257,index=384,probe_starts=0,probe_visits=0,probe_candidates=0
PARTNER,id=215,n=32,right=true,missing=false,reverse=true,policy=Global,access=Indexed,order=true,target=31,metrics=true,candidate=67,pool=64,structural=133,index=198,probe_starts=0,probe_visits=0,probe_candidates=0
PARTNER,id=216,n=32,right=true,missing=false,reverse=true,policy=Active,access=Scan,order=false,target=0,metrics=true,candidate=2241,pool=2143,structural=3427,index=0,probe_starts=0,probe_visits=0,probe_candidates=0
PARTNER,id=217,n=32,right=true,missing=false,reverse=true,policy=Active,access=Scan,order=false,target=31,metrics=true,candidate=2148,pool=2081,structural=3303,index=0,probe_starts=0,probe_visits=0,probe_candidates=0
PARTNER,id=218,n=32,right=true,missing=false,reverse=true,policy=Active,access=Scan,order=true,target=0,metrics=true,candidate=2240,pool=2143,structural=3425,index=0,probe_starts=0,probe_visits=0,probe_candidates=0
PARTNER,id=219,n=32,right=true,missing=false,reverse=true,policy=Active,access=Scan,order=true,target=31,metrics=true,candidate=2147,pool=2081,structural=3301,index=0,probe_starts=0,probe_visits=0,probe_candidates=0
PARTNER,id=220,n=32,right=true,missing=false,reverse=true,policy=Active,access=Indexed,order=false,target=0,metrics=true,candidate=164,pool=0,structural=327,index=390,probe_starts=0,probe_visits=0,probe_candidates=0
PARTNER,id=221,n=32,right=true,missing=false,reverse=true,policy=Active,access=Indexed,order=false,target=31,metrics=true,candidate=164,pool=0,structural=327,index=390,probe_starts=0,probe_visits=0,probe_candidates=0
PARTNER,id=222,n=32,right=true,missing=false,reverse=true,policy=Active,access=Indexed,order=true,target=0,metrics=true,candidate=163,pool=0,structural=325,index=390,probe_starts=0,probe_visits=0,probe_candidates=0
PARTNER,id=223,n=32,right=true,missing=false,reverse=true,policy=Active,access=Indexed,order=true,target=31,metrics=true,candidate=163,pool=0,structural=325,index=390,probe_starts=0,probe_visits=0,probe_candidates=0
PARTNER,id=224,n=32,right=true,missing=true,reverse=false,policy=Global,access=Scan,order=false,target=0,metrics=true,candidate=1088,pool=1088,structural=1152,index=0,probe_starts=0,probe_visits=0,probe_candidates=0
PARTNER,id=225,n=32,right=true,missing=true,reverse=false,policy=Global,access=Scan,order=false,target=31,metrics=true,candidate=1088,pool=1088,structural=1152,index=0,probe_starts=0,probe_visits=0,probe_candidates=0
PARTNER,id=226,n=32,right=true,missing=true,reverse=false,policy=Global,access=Scan,order=true,target=0,metrics=true,candidate=1088,pool=1088,structural=2144,index=0,probe_starts=0,probe_visits=0,probe_candidates=0
PARTNER,id=227,n=32,right=true,missing=true,reverse=false,policy=Global,access=Scan,order=true,target=31,metrics=true,candidate=1088,pool=1088,structural=2144,index=0,probe_starts=0,probe_visits=0,probe_candidates=0
PARTNER,id=228,n=32,right=true,missing=true,reverse=false,policy=Global,access=Indexed,order=false,target=0,metrics=true,candidate=64,pool=32,structural=128,index=192,probe_starts=0,probe_visits=0,probe_candidates=0
PARTNER,id=229,n=32,right=true,missing=true,reverse=false,policy=Global,access=Indexed,order=false,target=31,metrics=true,candidate=64,pool=32,structural=128,index=192,probe_starts=0,probe_visits=0,probe_candidates=0
PARTNER,id=230,n=32,right=true,missing=true,reverse=false,policy=Global,access=Indexed,order=true,target=0,metrics=true,candidate=64,pool=32,structural=128,index=192,probe_starts=0,probe_visits=0,probe_candidates=0
PARTNER,id=231,n=32,right=true,missing=true,reverse=false,policy=Global,access=Indexed,order=true,target=31,metrics=true,candidate=64,pool=32,structural=128,index=192,probe_starts=0,probe_visits=0,probe_candidates=0
PARTNER,id=232,n=32,right=true,missing=true,reverse=false,policy=Active,access=Scan,order=false,target=0,metrics=true,candidate=3265,pool=3168,structural=4481,index=0,probe_starts=0,probe_visits=0,probe_candidates=0
PARTNER,id=233,n=32,right=true,missing=true,reverse=false,policy=Active,access=Scan,order=false,target=31,metrics=true,candidate=3265,pool=3168,structural=4481,index=0,probe_starts=0,probe_visits=0,probe_candidates=0
PARTNER,id=234,n=32,right=true,missing=true,reverse=false,policy=Active,access=Scan,order=true,target=0,metrics=true,candidate=2241,pool=2144,structural=3425,index=0,probe_starts=0,probe_visits=0,probe_candidates=0
PARTNER,id=235,n=32,right=true,missing=true,reverse=false,policy=Active,access=Scan,order=true,target=31,metrics=true,candidate=2241,pool=2144,structural=3425,index=0,probe_starts=0,probe_visits=0,probe_candidates=0
PARTNER,id=236,n=32,right=true,missing=true,reverse=false,policy=Active,access=Indexed,order=false,target=0,metrics=true,candidate=161,pool=0,structural=321,index=387,probe_starts=1,probe_visits=0,probe_candidates=0
PARTNER,id=237,n=32,right=true,missing=true,reverse=false,policy=Active,access=Indexed,order=false,target=31,metrics=true,candidate=161,pool=0,structural=321,index=387,probe_starts=1,probe_visits=0,probe_candidates=0
PARTNER,id=238,n=32,right=true,missing=true,reverse=false,policy=Active,access=Indexed,order=true,target=0,metrics=true,candidate=161,pool=0,structural=321,index=387,probe_starts=0,probe_visits=0,probe_candidates=0
PARTNER,id=239,n=32,right=true,missing=true,reverse=false,policy=Active,access=Indexed,order=true,target=31,metrics=true,candidate=161,pool=0,structural=321,index=387,probe_starts=0,probe_visits=0,probe_candidates=0
PARTNER,id=240,n=32,right=true,missing=true,reverse=true,policy=Global,access=Scan,order=false,target=0,metrics=true,candidate=1088,pool=1088,structural=1152,index=0,probe_starts=0,probe_visits=0,probe_candidates=0
PARTNER,id=241,n=32,right=true,missing=true,reverse=true,policy=Global,access=Scan,order=false,target=31,metrics=true,candidate=1088,pool=1088,structural=1152,index=0,probe_starts=0,probe_visits=0,probe_candidates=0
PARTNER,id=242,n=32,right=true,missing=true,reverse=true,policy=Global,access=Scan,order=true,target=0,metrics=true,candidate=1088,pool=1088,structural=2144,index=0,probe_starts=0,probe_visits=0,probe_candidates=0
PARTNER,id=243,n=32,right=true,missing=true,reverse=true,policy=Global,access=Scan,order=true,target=31,metrics=true,candidate=1088,pool=1088,structural=2144,index=0,probe_starts=0,probe_visits=0,probe_candidates=0
PARTNER,id=244,n=32,right=true,missing=true,reverse=true,policy=Global,access=Indexed,order=false,target=0,metrics=true,candidate=64,pool=32,structural=128,index=192,probe_starts=0,probe_visits=0,probe_candidates=0
PARTNER,id=245,n=32,right=true,missing=true,reverse=true,policy=Global,access=Indexed,order=false,target=31,metrics=true,candidate=64,pool=32,structural=128,index=192,probe_starts=0,probe_visits=0,probe_candidates=0
PARTNER,id=246,n=32,right=true,missing=true,reverse=true,policy=Global,access=Indexed,order=true,target=0,metrics=true,candidate=64,pool=32,structural=128,index=192,probe_starts=0,probe_visits=0,probe_candidates=0
PARTNER,id=247,n=32,right=true,missing=true,reverse=true,policy=Global,access=Indexed,order=true,target=31,metrics=true,candidate=64,pool=32,structural=128,index=192,probe_starts=0,probe_visits=0,probe_candidates=0
PARTNER,id=248,n=32,right=true,missing=true,reverse=true,policy=Active,access=Scan,order=false,target=0,metrics=true,candidate=3265,pool=3168,structural=4481,index=0,probe_starts=0,probe_visits=0,probe_candidates=0
PARTNER,id=249,n=32,right=true,missing=true,reverse=true,policy=Active,access=Scan,order=false,target=31,metrics=true,candidate=3265,pool=3168,structural=4481,index=0,probe_starts=0,probe_visits=0,probe_candidates=0
PARTNER,id=250,n=32,right=true,missing=true,reverse=true,policy=Active,access=Scan,order=true,target=0,metrics=true,candidate=2241,pool=2144,structural=3425,index=0,probe_starts=0,probe_visits=0,probe_candidates=0
PARTNER,id=251,n=32,right=true,missing=true,reverse=true,policy=Active,access=Scan,order=true,target=31,metrics=true,candidate=2241,pool=2144,structural=3425,index=0,probe_starts=0,probe_visits=0,probe_candidates=0
PARTNER,id=252,n=32,right=true,missing=true,reverse=true,policy=Active,access=Indexed,order=false,target=0,metrics=true,candidate=161,pool=0,structural=321,index=387,probe_starts=1,probe_visits=0,probe_candidates=0
PARTNER,id=253,n=32,right=true,missing=true,reverse=true,policy=Active,access=Indexed,order=false,target=31,metrics=true,candidate=161,pool=0,structural=321,index=387,probe_starts=1,probe_visits=0,probe_candidates=0
PARTNER,id=254,n=32,right=true,missing=true,reverse=true,policy=Active,access=Indexed,order=true,target=0,metrics=true,candidate=161,pool=0,structural=321,index=387,probe_starts=0,probe_visits=0,probe_candidates=0
PARTNER,id=255,n=32,right=true,missing=true,reverse=true,policy=Active,access=Indexed,order=true,target=31,metrics=true,candidate=161,pool=0,structural=321,index=387,probe_starts=0,probe_visits=0,probe_candidates=0
PARTNER,id=256,n=128,right=false,missing=false,reverse=false,policy=Global,access=Scan,order=false,target=0,metrics=true,candidate=16515,pool=16769,structural=16773,index=0,probe_starts=0,probe_visits=0,probe_candidates=0
PARTNER,id=257,n=128,right=false,missing=false,reverse=false,policy=Global,access=Scan,order=false,target=127,metrics=true,candidate=33152,pool=33152,structural=33664,index=0,probe_starts=0,probe_visits=0,probe_candidates=0
PARTNER,id=258,n=128,right=false,missing=false,reverse=false,policy=Global,access=Scan,order=true,target=0,metrics=true,candidate=16515,pool=16769,structural=33029,index=0,probe_starts=0,probe_visits=0,probe_candidates=0
PARTNER,id=259,n=128,right=false,missing=false,reverse=false,policy=Global,access=Scan,order=true,target=127,metrics=true,candidate=33152,pool=33152,structural=66176,index=0,probe_starts=0,probe_visits=0,probe_candidates=0
PARTNER,id=260,n=128,right=false,missing=false,reverse=false,policy=Global,access=Indexed,order=false,target=0,metrics=true,candidate=259,pool=256,structural=517,index=774,probe_starts=0,probe_visits=0,probe_candidates=0
PARTNER,id=261,n=128,right=false,missing=false,reverse=false,policy=Global,access=Indexed,order=false,target=127,metrics=true,candidate=513,pool=256,structural=1025,index=1536,probe_starts=0,probe_visits=0,probe_candidates=0
PARTNER,id=262,n=128,right=false,missing=false,reverse=false,policy=Global,access=Indexed,order=true,target=0,metrics=true,candidate=259,pool=256,structural=517,index=774,probe_starts=0,probe_visits=0,probe_candidates=0
PARTNER,id=263,n=128,right=false,missing=false,reverse=false,policy=Global,access=Indexed,order=true,target=127,metrics=true,candidate=513,pool=256,structural=1025,index=1536,probe_starts=0,probe_visits=0,probe_candidates=0
PARTNER,id=264,n=128,right=false,missing=false,reverse=false,policy=Active,access=Scan,order=false,target=0,metrics=true,candidate=33155,pool=32897,structural=50053,index=0,probe_starts=0,probe_visits=0,probe_candidates=0
PARTNER,id=265,n=128,right=false,missing=false,reverse=false,policy=Active,access=Scan,order=false,target=127,metrics=true,candidate=33536,pool=33151,structural=50434,index=0,probe_starts=0,probe_visits=0,probe_candidates=0
PARTNER,id=266,n=128,right=false,missing=false,reverse=false,policy=Active,access=Scan,order=true,target=0,metrics=true,candidate=33156,pool=32897,structural=50055,index=0,probe_starts=0,probe_visits=0,probe_candidates=0
PARTNER,id=267,n=128,right=false,missing=false,reverse=false,policy=Active,access=Scan,order=true,target=127,metrics=true,candidate=33537,pool=33151,structural=50436,index=0,probe_starts=0,probe_visits=0,probe_candidates=0
PARTNER,id=268,n=128,right=false,missing=false,reverse=false,policy=Active,access=Indexed,order=false,target=0,metrics=true,candidate=643,pool=0,structural=1285,index=1542,probe_starts=0,probe_visits=0,probe_candidates=0
PARTNER,id=269,n=128,right=false,missing=false,reverse=false,policy=Active,access=Indexed,order=false,target=127,metrics=true,candidate=643,pool=0,structural=1285,index=1542,probe_starts=0,probe_visits=0,probe_candidates=0
PARTNER,id=270,n=128,right=false,missing=false,reverse=false,policy=Active,access=Indexed,order=true,target=0,metrics=true,candidate=644,pool=0,structural=1287,index=1542,probe_starts=0,probe_visits=0,probe_candidates=0
PARTNER,id=271,n=128,right=false,missing=false,reverse=false,policy=Active,access=Indexed,order=true,target=127,metrics=true,candidate=644,pool=0,structural=1287,index=1542,probe_starts=0,probe_visits=0,probe_candidates=0
PARTNER,id=272,n=128,right=false,missing=false,reverse=true,policy=Global,access=Scan,order=false,target=0,metrics=true,candidate=33152,pool=33152,structural=33664,index=0,probe_starts=0,probe_visits=0,probe_candidates=0
PARTNER,id=273,n=128,right=false,missing=false,reverse=true,policy=Global,access=Scan,order=false,target=127,metrics=true,candidate=16515,pool=16769,structural=16773,index=0,probe_starts=0,probe_visits=0,probe_candidates=0
PARTNER,id=274,n=128,right=false,missing=false,reverse=true,policy=Global,access=Scan,order=true,target=0,metrics=true,candidate=33152,pool=33152,structural=66176,index=0,probe_starts=0,probe_visits=0,probe_candidates=0
PARTNER,id=275,n=128,right=false,missing=false,reverse=true,policy=Global,access=Scan,order=true,target=127,metrics=true,candidate=16515,pool=16769,structural=33029,index=0,probe_starts=0,probe_visits=0,probe_candidates=0
PARTNER,id=276,n=128,right=false,missing=false,reverse=true,policy=Global,access=Indexed,order=false,target=0,metrics=true,candidate=513,pool=256,structural=1025,index=1536,probe_starts=0,probe_visits=0,probe_candidates=0
PARTNER,id=277,n=128,right=false,missing=false,reverse=true,policy=Global,access=Indexed,order=false,target=127,metrics=true,candidate=259,pool=256,structural=517,index=774,probe_starts=0,probe_visits=0,probe_candidates=0
PARTNER,id=278,n=128,right=false,missing=false,reverse=true,policy=Global,access=Indexed,order=true,target=0,metrics=true,candidate=513,pool=256,structural=1025,index=1536,probe_starts=0,probe_visits=0,probe_candidates=0
PARTNER,id=279,n=128,right=false,missing=false,reverse=true,policy=Global,access=Indexed,order=true,target=127,metrics=true,candidate=259,pool=256,structural=517,index=774,probe_starts=0,probe_visits=0,probe_candidates=0
PARTNER,id=280,n=128,right=false,missing=false,reverse=true,policy=Active,access=Scan,order=false,target=0,metrics=true,candidate=33537,pool=33151,structural=50563,index=0,probe_starts=0,probe_visits=0,probe_candidates=0
PARTNER,id=281,n=128,right=false,missing=false,reverse=true,policy=Active,access=Scan,order=false,target=127,metrics=true,candidate=33156,pool=32897,structural=50055,index=0,probe_starts=0,probe_visits=0,probe_candidates=0
PARTNER,id=282,n=128,right=false,missing=false,reverse=true,policy=Active,access=Scan,order=true,target=0,metrics=true,candidate=33536,pool=33151,structural=50561,index=0,probe_starts=0,probe_visits=0,probe_candidates=0
PARTNER,id=283,n=128,right=false,missing=false,reverse=true,policy=Active,access=Scan,order=true,target=127,metrics=true,candidate=33155,pool=32897,structural=50053,index=0,probe_starts=0,probe_visits=0,probe_candidates=0
PARTNER,id=284,n=128,right=false,missing=false,reverse=true,policy=Active,access=Indexed,order=false,target=0,metrics=true,candidate=644,pool=0,structural=1287,index=1542,probe_starts=0,probe_visits=0,probe_candidates=0
PARTNER,id=285,n=128,right=false,missing=false,reverse=true,policy=Active,access=Indexed,order=false,target=127,metrics=true,candidate=644,pool=0,structural=1287,index=1542,probe_starts=0,probe_visits=0,probe_candidates=0
PARTNER,id=286,n=128,right=false,missing=false,reverse=true,policy=Active,access=Indexed,order=true,target=0,metrics=true,candidate=643,pool=0,structural=1285,index=1542,probe_starts=0,probe_visits=0,probe_candidates=0
PARTNER,id=287,n=128,right=false,missing=false,reverse=true,policy=Active,access=Indexed,order=true,target=127,metrics=true,candidate=643,pool=0,structural=1285,index=1542,probe_starts=0,probe_visits=0,probe_candidates=0
PARTNER,id=288,n=128,right=false,missing=true,reverse=false,policy=Global,access=Scan,order=false,target=0,metrics=true,candidate=16640,pool=16640,structural=16896,index=0,probe_starts=0,probe_visits=0,probe_candidates=0
PARTNER,id=289,n=128,right=false,missing=true,reverse=false,policy=Global,access=Scan,order=false,target=127,metrics=true,candidate=16640,pool=16640,structural=16896,index=0,probe_starts=0,probe_visits=0,probe_candidates=0
PARTNER,id=290,n=128,right=false,missing=true,reverse=false,policy=Global,access=Scan,order=true,target=0,metrics=true,candidate=16640,pool=16640,structural=33152,index=0,probe_starts=0,probe_visits=0,probe_candidates=0
PARTNER,id=291,n=128,right=false,missing=true,reverse=false,policy=Global,access=Scan,order=true,target=127,metrics=true,candidate=16640,pool=16640,structural=33152,index=0,probe_starts=0,probe_visits=0,probe_candidates=0
PARTNER,id=292,n=128,right=false,missing=true,reverse=false,policy=Global,access=Indexed,order=false,target=0,metrics=true,candidate=256,pool=128,structural=512,index=768,probe_starts=0,probe_visits=0,probe_candidates=0
PARTNER,id=293,n=128,right=false,missing=true,reverse=false,policy=Global,access=Indexed,order=false,target=127,metrics=true,candidate=256,pool=128,structural=512,index=768,probe_starts=0,probe_visits=0,probe_candidates=0
PARTNER,id=294,n=128,right=false,missing=true,reverse=false,policy=Global,access=Indexed,order=true,target=0,metrics=true,candidate=256,pool=128,structural=512,index=768,probe_starts=0,probe_visits=0,probe_candidates=0
PARTNER,id=295,n=128,right=false,missing=true,reverse=false,policy=Global,access=Indexed,order=true,target=127,metrics=true,candidate=256,pool=128,structural=512,index=768,probe_starts=0,probe_visits=0,probe_candidates=0
PARTNER,id=296,n=128,right=false,missing=true,reverse=false,policy=Active,access=Scan,order=false,target=0,metrics=true,candidate=33537,pool=33152,structural=50433,index=0,probe_starts=0,probe_visits=0,probe_candidates=0
PARTNER,id=297,n=128,right=false,missing=true,reverse=false,policy=Active,access=Scan,order=false,target=127,metrics=true,candidate=33537,pool=33152,structural=50433,index=0,probe_starts=0,probe_visits=0,probe_candidates=0
PARTNER,id=298,n=128,right=false,missing=true,reverse=false,policy=Active,access=Scan,order=true,target=0,metrics=true,candidate=49921,pool=49536,structural=66945,index=0,probe_starts=0,probe_visits=0,probe_candidates=0
PARTNER,id=299,n=128,right=false,missing=true,reverse=false,policy=Active,access=Scan,order=true,target=127,metrics=true,candidate=49921,pool=49536,structural=66945,index=0,probe_starts=0,probe_visits=0,probe_candidates=0
PARTNER,id=300,n=128,right=false,missing=true,reverse=false,policy=Active,access=Indexed,order=false,target=0,metrics=true,candidate=641,pool=0,structural=1281,index=1539,probe_starts=0,probe_visits=0,probe_candidates=0
PARTNER,id=301,n=128,right=false,missing=true,reverse=false,policy=Active,access=Indexed,order=false,target=127,metrics=true,candidate=641,pool=0,structural=1281,index=1539,probe_starts=0,probe_visits=0,probe_candidates=0
PARTNER,id=302,n=128,right=false,missing=true,reverse=false,policy=Active,access=Indexed,order=true,target=0,metrics=true,candidate=641,pool=0,structural=1281,index=1539,probe_starts=1,probe_visits=0,probe_candidates=0
PARTNER,id=303,n=128,right=false,missing=true,reverse=false,policy=Active,access=Indexed,order=true,target=127,metrics=true,candidate=641,pool=0,structural=1281,index=1539,probe_starts=1,probe_visits=0,probe_candidates=0
PARTNER,id=304,n=128,right=false,missing=true,reverse=true,policy=Global,access=Scan,order=false,target=0,metrics=true,candidate=16640,pool=16640,structural=16896,index=0,probe_starts=0,probe_visits=0,probe_candidates=0
PARTNER,id=305,n=128,right=false,missing=true,reverse=true,policy=Global,access=Scan,order=false,target=127,metrics=true,candidate=16640,pool=16640,structural=16896,index=0,probe_starts=0,probe_visits=0,probe_candidates=0
PARTNER,id=306,n=128,right=false,missing=true,reverse=true,policy=Global,access=Scan,order=true,target=0,metrics=true,candidate=16640,pool=16640,structural=33152,index=0,probe_starts=0,probe_visits=0,probe_candidates=0
PARTNER,id=307,n=128,right=false,missing=true,reverse=true,policy=Global,access=Scan,order=true,target=127,metrics=true,candidate=16640,pool=16640,structural=33152,index=0,probe_starts=0,probe_visits=0,probe_candidates=0
PARTNER,id=308,n=128,right=false,missing=true,reverse=true,policy=Global,access=Indexed,order=false,target=0,metrics=true,candidate=256,pool=128,structural=512,index=768,probe_starts=0,probe_visits=0,probe_candidates=0
PARTNER,id=309,n=128,right=false,missing=true,reverse=true,policy=Global,access=Indexed,order=false,target=127,metrics=true,candidate=256,pool=128,structural=512,index=768,probe_starts=0,probe_visits=0,probe_candidates=0
PARTNER,id=310,n=128,right=false,missing=true,reverse=true,policy=Global,access=Indexed,order=true,target=0,metrics=true,candidate=256,pool=128,structural=512,index=768,probe_starts=0,probe_visits=0,probe_candidates=0
PARTNER,id=311,n=128,right=false,missing=true,reverse=true,policy=Global,access=Indexed,order=true,target=127,metrics=true,candidate=256,pool=128,structural=512,index=768,probe_starts=0,probe_visits=0,probe_candidates=0
PARTNER,id=312,n=128,right=false,missing=true,reverse=true,policy=Active,access=Scan,order=false,target=0,metrics=true,candidate=33537,pool=33152,structural=50433,index=0,probe_starts=0,probe_visits=0,probe_candidates=0
PARTNER,id=313,n=128,right=false,missing=true,reverse=true,policy=Active,access=Scan,order=false,target=127,metrics=true,candidate=33537,pool=33152,structural=50433,index=0,probe_starts=0,probe_visits=0,probe_candidates=0
PARTNER,id=314,n=128,right=false,missing=true,reverse=true,policy=Active,access=Scan,order=true,target=0,metrics=true,candidate=49921,pool=49536,structural=66945,index=0,probe_starts=0,probe_visits=0,probe_candidates=0
PARTNER,id=315,n=128,right=false,missing=true,reverse=true,policy=Active,access=Scan,order=true,target=127,metrics=true,candidate=49921,pool=49536,structural=66945,index=0,probe_starts=0,probe_visits=0,probe_candidates=0
PARTNER,id=316,n=128,right=false,missing=true,reverse=true,policy=Active,access=Indexed,order=false,target=0,metrics=true,candidate=641,pool=0,structural=1281,index=1539,probe_starts=0,probe_visits=0,probe_candidates=0
PARTNER,id=317,n=128,right=false,missing=true,reverse=true,policy=Active,access=Indexed,order=false,target=127,metrics=true,candidate=641,pool=0,structural=1281,index=1539,probe_starts=0,probe_visits=0,probe_candidates=0
PARTNER,id=318,n=128,right=false,missing=true,reverse=true,policy=Active,access=Indexed,order=true,target=0,metrics=true,candidate=641,pool=0,structural=1281,index=1539,probe_starts=1,probe_visits=0,probe_candidates=0
PARTNER,id=319,n=128,right=false,missing=true,reverse=true,policy=Active,access=Indexed,order=true,target=127,metrics=true,candidate=641,pool=0,structural=1281,index=1539,probe_starts=1,probe_visits=0,probe_candidates=0
PARTNER,id=320,n=128,right=true,missing=false,reverse=false,policy=Global,access=Scan,order=false,target=0,metrics=true,candidate=16515,pool=16769,structural=16773,index=0,probe_starts=0,probe_visits=0,probe_candidates=0
PARTNER,id=321,n=128,right=true,missing=false,reverse=false,policy=Global,access=Scan,order=false,target=127,metrics=true,candidate=33152,pool=33152,structural=33664,index=0,probe_starts=0,probe_visits=0,probe_candidates=0
PARTNER,id=322,n=128,right=true,missing=false,reverse=false,policy=Global,access=Scan,order=true,target=0,metrics=true,candidate=16515,pool=16769,structural=33029,index=0,probe_starts=0,probe_visits=0,probe_candidates=0
PARTNER,id=323,n=128,right=true,missing=false,reverse=false,policy=Global,access=Scan,order=true,target=127,metrics=true,candidate=33152,pool=33152,structural=66176,index=0,probe_starts=0,probe_visits=0,probe_candidates=0
PARTNER,id=324,n=128,right=true,missing=false,reverse=false,policy=Global,access=Indexed,order=false,target=0,metrics=true,candidate=259,pool=256,structural=517,index=774,probe_starts=0,probe_visits=0,probe_candidates=0
PARTNER,id=325,n=128,right=true,missing=false,reverse=false,policy=Global,access=Indexed,order=false,target=127,metrics=true,candidate=513,pool=256,structural=1025,index=1536,probe_starts=0,probe_visits=0,probe_candidates=0
PARTNER,id=326,n=128,right=true,missing=false,reverse=false,policy=Global,access=Indexed,order=true,target=0,metrics=true,candidate=259,pool=256,structural=517,index=774,probe_starts=0,probe_visits=0,probe_candidates=0
PARTNER,id=327,n=128,right=true,missing=false,reverse=false,policy=Global,access=Indexed,order=true,target=127,metrics=true,candidate=513,pool=256,structural=1025,index=1536,probe_starts=0,probe_visits=0,probe_candidates=0
PARTNER,id=328,n=128,right=true,missing=false,reverse=false,policy=Active,access=Scan,order=false,target=0,metrics=true,candidate=33155,pool=32897,structural=50053,index=0,probe_starts=0,probe_visits=0,probe_candidates=0
PARTNER,id=329,n=128,right=true,missing=false,reverse=false,policy=Active,access=Scan,order=false,target=127,metrics=true,candidate=33536,pool=33151,structural=50434,index=0,probe_starts=0,probe_visits=0,probe_candidates=0
PARTNER,id=330,n=128,right=true,missing=false,reverse=false,policy=Active,access=Scan,order=true,target=0,metrics=true,candidate=33156,pool=32897,structural=50055,index=0,probe_starts=0,probe_visits=0,probe_candidates=0
PARTNER,id=331,n=128,right=true,missing=false,reverse=false,policy=Active,access=Scan,order=true,target=127,metrics=true,candidate=33537,pool=33151,structural=50436,index=0,probe_starts=0,probe_visits=0,probe_candidates=0
PARTNER,id=332,n=128,right=true,missing=false,reverse=false,policy=Active,access=Indexed,order=false,target=0,metrics=true,candidate=643,pool=0,structural=1285,index=1542,probe_starts=0,probe_visits=0,probe_candidates=0
PARTNER,id=333,n=128,right=true,missing=false,reverse=false,policy=Active,access=Indexed,order=false,target=127,metrics=true,candidate=643,pool=0,structural=1285,index=1542,probe_starts=0,probe_visits=0,probe_candidates=0
PARTNER,id=334,n=128,right=true,missing=false,reverse=false,policy=Active,access=Indexed,order=true,target=0,metrics=true,candidate=644,pool=0,structural=1287,index=1542,probe_starts=0,probe_visits=0,probe_candidates=0
PARTNER,id=335,n=128,right=true,missing=false,reverse=false,policy=Active,access=Indexed,order=true,target=127,metrics=true,candidate=644,pool=0,structural=1287,index=1542,probe_starts=0,probe_visits=0,probe_candidates=0
PARTNER,id=336,n=128,right=true,missing=false,reverse=true,policy=Global,access=Scan,order=false,target=0,metrics=true,candidate=33152,pool=33152,structural=33664,index=0,probe_starts=0,probe_visits=0,probe_candidates=0
PARTNER,id=337,n=128,right=true,missing=false,reverse=true,policy=Global,access=Scan,order=false,target=127,metrics=true,candidate=16515,pool=16769,structural=16773,index=0,probe_starts=0,probe_visits=0,probe_candidates=0
PARTNER,id=338,n=128,right=true,missing=false,reverse=true,policy=Global,access=Scan,order=true,target=0,metrics=true,candidate=33152,pool=33152,structural=66176,index=0,probe_starts=0,probe_visits=0,probe_candidates=0
PARTNER,id=339,n=128,right=true,missing=false,reverse=true,policy=Global,access=Scan,order=true,target=127,metrics=true,candidate=16515,pool=16769,structural=33029,index=0,probe_starts=0,probe_visits=0,probe_candidates=0
PARTNER,id=340,n=128,right=true,missing=false,reverse=true,policy=Global,access=Indexed,order=false,target=0,metrics=true,candidate=513,pool=256,structural=1025,index=1536,probe_starts=0,probe_visits=0,probe_candidates=0
PARTNER,id=341,n=128,right=true,missing=false,reverse=true,policy=Global,access=Indexed,order=false,target=127,metrics=true,candidate=259,pool=256,structural=517,index=774,probe_starts=0,probe_visits=0,probe_candidates=0
PARTNER,id=342,n=128,right=true,missing=false,reverse=true,policy=Global,access=Indexed,order=true,target=0,metrics=true,candidate=513,pool=256,structural=1025,index=1536,probe_starts=0,probe_visits=0,probe_candidates=0
PARTNER,id=343,n=128,right=true,missing=false,reverse=true,policy=Global,access=Indexed,order=true,target=127,metrics=true,candidate=259,pool=256,structural=517,index=774,probe_starts=0,probe_visits=0,probe_candidates=0
PARTNER,id=344,n=128,right=true,missing=false,reverse=true,policy=Active,access=Scan,order=false,target=0,metrics=true,candidate=33537,pool=33151,structural=50563,index=0,probe_starts=0,probe_visits=0,probe_candidates=0
PARTNER,id=345,n=128,right=true,missing=false,reverse=true,policy=Active,access=Scan,order=false,target=127,metrics=true,candidate=33156,pool=32897,structural=50055,index=0,probe_starts=0,probe_visits=0,probe_candidates=0
PARTNER,id=346,n=128,right=true,missing=false,reverse=true,policy=Active,access=Scan,order=true,target=0,metrics=true,candidate=33536,pool=33151,structural=50561,index=0,probe_starts=0,probe_visits=0,probe_candidates=0
PARTNER,id=347,n=128,right=true,missing=false,reverse=true,policy=Active,access=Scan,order=true,target=127,metrics=true,candidate=33155,pool=32897,structural=50053,index=0,probe_starts=0,probe_visits=0,probe_candidates=0
PARTNER,id=348,n=128,right=true,missing=false,reverse=true,policy=Active,access=Indexed,order=false,target=0,metrics=true,candidate=644,pool=0,structural=1287,index=1542,probe_starts=0,probe_visits=0,probe_candidates=0
PARTNER,id=349,n=128,right=true,missing=false,reverse=true,policy=Active,access=Indexed,order=false,target=127,metrics=true,candidate=644,pool=0,structural=1287,index=1542,probe_starts=0,probe_visits=0,probe_candidates=0
PARTNER,id=350,n=128,right=true,missing=false,reverse=true,policy=Active,access=Indexed,order=true,target=0,metrics=true,candidate=643,pool=0,structural=1285,index=1542,probe_starts=0,probe_visits=0,probe_candidates=0
PARTNER,id=351,n=128,right=true,missing=false,reverse=true,policy=Active,access=Indexed,order=true,target=127,metrics=true,candidate=643,pool=0,structural=1285,index=1542,probe_starts=0,probe_visits=0,probe_candidates=0
PARTNER,id=352,n=128,right=true,missing=true,reverse=false,policy=Global,access=Scan,order=false,target=0,metrics=true,candidate=16640,pool=16640,structural=16896,index=0,probe_starts=0,probe_visits=0,probe_candidates=0
PARTNER,id=353,n=128,right=true,missing=true,reverse=false,policy=Global,access=Scan,order=false,target=127,metrics=true,candidate=16640,pool=16640,structural=16896,index=0,probe_starts=0,probe_visits=0,probe_candidates=0
PARTNER,id=354,n=128,right=true,missing=true,reverse=false,policy=Global,access=Scan,order=true,target=0,metrics=true,candidate=16640,pool=16640,structural=33152,index=0,probe_starts=0,probe_visits=0,probe_candidates=0
PARTNER,id=355,n=128,right=true,missing=true,reverse=false,policy=Global,access=Scan,order=true,target=127,metrics=true,candidate=16640,pool=16640,structural=33152,index=0,probe_starts=0,probe_visits=0,probe_candidates=0
PARTNER,id=356,n=128,right=true,missing=true,reverse=false,policy=Global,access=Indexed,order=false,target=0,metrics=true,candidate=256,pool=128,structural=512,index=768,probe_starts=0,probe_visits=0,probe_candidates=0
PARTNER,id=357,n=128,right=true,missing=true,reverse=false,policy=Global,access=Indexed,order=false,target=127,metrics=true,candidate=256,pool=128,structural=512,index=768,probe_starts=0,probe_visits=0,probe_candidates=0
PARTNER,id=358,n=128,right=true,missing=true,reverse=false,policy=Global,access=Indexed,order=true,target=0,metrics=true,candidate=256,pool=128,structural=512,index=768,probe_starts=0,probe_visits=0,probe_candidates=0
PARTNER,id=359,n=128,right=true,missing=true,reverse=false,policy=Global,access=Indexed,order=true,target=127,metrics=true,candidate=256,pool=128,structural=512,index=768,probe_starts=0,probe_visits=0,probe_candidates=0
PARTNER,id=360,n=128,right=true,missing=true,reverse=false,policy=Active,access=Scan,order=false,target=0,metrics=true,candidate=49921,pool=49536,structural=67073,index=0,probe_starts=0,probe_visits=0,probe_candidates=0
PARTNER,id=361,n=128,right=true,missing=true,reverse=false,policy=Active,access=Scan,order=false,target=127,metrics=true,candidate=49921,pool=49536,structural=67073,index=0,probe_starts=0,probe_visits=0,probe_candidates=0
PARTNER,id=362,n=128,right=true,missing=true,reverse=false,policy=Active,access=Scan,order=true,target=0,metrics=true,candidate=33537,pool=33152,structural=50561,index=0,probe_starts=0,probe_visits=0,probe_candidates=0
PARTNER,id=363,n=128,right=true,missing=true,reverse=false,policy=Active,access=Scan,order=true,target=127,metrics=true,candidate=33537,pool=33152,structural=50561,index=0,probe_starts=0,probe_visits=0,probe_candidates=0
PARTNER,id=364,n=128,right=true,missing=true,reverse=false,policy=Active,access=Indexed,order=false,target=0,metrics=true,candidate=641,pool=0,structural=1281,index=1539,probe_starts=1,probe_visits=0,probe_candidates=0
PARTNER,id=365,n=128,right=true,missing=true,reverse=false,policy=Active,access=Indexed,order=false,target=127,metrics=true,candidate=641,pool=0,structural=1281,index=1539,probe_starts=1,probe_visits=0,probe_candidates=0
PARTNER,id=366,n=128,right=true,missing=true,reverse=false,policy=Active,access=Indexed,order=true,target=0,metrics=true,candidate=641,pool=0,structural=1281,index=1539,probe_starts=0,probe_visits=0,probe_candidates=0
PARTNER,id=367,n=128,right=true,missing=true,reverse=false,policy=Active,access=Indexed,order=true,target=127,metrics=true,candidate=641,pool=0,structural=1281,index=1539,probe_starts=0,probe_visits=0,probe_candidates=0
PARTNER,id=368,n=128,right=true,missing=true,reverse=true,policy=Global,access=Scan,order=false,target=0,metrics=true,candidate=16640,pool=16640,structural=16896,index=0,probe_starts=0,probe_visits=0,probe_candidates=0
PARTNER,id=369,n=128,right=true,missing=true,reverse=true,policy=Global,access=Scan,order=false,target=127,metrics=true,candidate=16640,pool=16640,structural=16896,index=0,probe_starts=0,probe_visits=0,probe_candidates=0
PARTNER,id=370,n=128,right=true,missing=true,reverse=true,policy=Global,access=Scan,order=true,target=0,metrics=true,candidate=16640,pool=16640,structural=33152,index=0,probe_starts=0,probe_visits=0,probe_candidates=0
PARTNER,id=371,n=128,right=true,missing=true,reverse=true,policy=Global,access=Scan,order=true,target=127,metrics=true,candidate=16640,pool=16640,structural=33152,index=0,probe_starts=0,probe_visits=0,probe_candidates=0
PARTNER,id=372,n=128,right=true,missing=true,reverse=true,policy=Global,access=Indexed,order=false,target=0,metrics=true,candidate=256,pool=128,structural=512,index=768,probe_starts=0,probe_visits=0,probe_candidates=0
PARTNER,id=373,n=128,right=true,missing=true,reverse=true,policy=Global,access=Indexed,order=false,target=127,metrics=true,candidate=256,pool=128,structural=512,index=768,probe_starts=0,probe_visits=0,probe_candidates=0
PARTNER,id=374,n=128,right=true,missing=true,reverse=true,policy=Global,access=Indexed,order=true,target=0,metrics=true,candidate=256,pool=128,structural=512,index=768,probe_starts=0,probe_visits=0,probe_candidates=0
PARTNER,id=375,n=128,right=true,missing=true,reverse=true,policy=Global,access=Indexed,order=true,target=127,metrics=true,candidate=256,pool=128,structural=512,index=768,probe_starts=0,probe_visits=0,probe_candidates=0
PARTNER,id=376,n=128,right=true,missing=true,reverse=true,policy=Active,access=Scan,order=false,target=0,metrics=true,candidate=49921,pool=49536,structural=67073,index=0,probe_starts=0,probe_visits=0,probe_candidates=0
PARTNER,id=377,n=128,right=true,missing=true,reverse=true,policy=Active,access=Scan,order=false,target=127,metrics=true,candidate=49921,pool=49536,structural=67073,index=0,probe_starts=0,probe_visits=0,probe_candidates=0
PARTNER,id=378,n=128,right=true,missing=true,reverse=true,policy=Active,access=Scan,order=true,target=0,metrics=true,candidate=33537,pool=33152,structural=50561,index=0,probe_starts=0,probe_visits=0,probe_candidates=0
PARTNER,id=379,n=128,right=true,missing=true,reverse=true,policy=Active,access=Scan,order=true,target=127,metrics=true,candidate=33537,pool=33152,structural=50561,index=0,probe_starts=0,probe_visits=0,probe_candidates=0
PARTNER,id=380,n=128,right=true,missing=true,reverse=true,policy=Active,access=Indexed,order=false,target=0,metrics=true,candidate=641,pool=0,structural=1281,index=1539,probe_starts=1,probe_visits=0,probe_candidates=0
PARTNER,id=381,n=128,right=true,missing=true,reverse=true,policy=Active,access=Indexed,order=false,target=127,metrics=true,candidate=641,pool=0,structural=1281,index=1539,probe_starts=1,probe_visits=0,probe_candidates=0
PARTNER,id=382,n=128,right=true,missing=true,reverse=true,policy=Active,access=Indexed,order=true,target=0,metrics=true,candidate=641,pool=0,structural=1281,index=1539,probe_starts=0,probe_visits=0,probe_candidates=0
PARTNER,id=383,n=128,right=true,missing=true,reverse=true,policy=Active,access=Indexed,order=true,target=127,metrics=true,candidate=641,pool=0,structural=1281,index=1539,probe_starts=0,probe_visits=0,probe_candidates=0
test opposite_keys_preserve_complete_unique_answers ... ok

test result: ok. 2 passed; 0 failed; 0 ignored; 0 measured; 0 filtered out; finished in 1.63s

     Running tests/partner_order_bound.rs (target/debug/deps/partner_order_bound-23a436f08e0c7346)

running 2 tests
PARTNER,id=0,n=8,right=false,missing=false,reverse=false,policy=Global,access=Scan,order=false,target=0,metrics=true,candidate=21,pool=35,structural=24,index=0,probe_starts=0,probe_visits=0,probe_candidates=0
PARTNER,id=1,n=8,right=false,missing=false,reverse=false,policy=Global,access=Scan,order=false,target=7,metrics=true,candidate=35,pool=35,structural=38,index=0,probe_starts=0,probe_visits=0,probe_candidates=0
PARTNER,id=2,n=8,right=false,missing=false,reverse=false,policy=Global,access=Scan,order=true,target=0,metrics=true,candidate=77,pool=91,structural=94,index=0,probe_starts=0,probe_visits=0,probe_candidates=0
PARTNER_SENTINEL,validated=4
test competing_matches_expose_order_contract ... ok
PARTNER,id=3,n=8,right=false,missing=false,reverse=false,policy=Global,access=Scan,order=true,target=7,metrics=true,candidate=147,pool=147,structural=178,index=0,probe_starts=0,probe_visits=0,probe_candidates=0
PARTNER,id=4,n=8,right=false,missing=false,reverse=false,policy=Global,access=Indexed,order=false,target=0,metrics=true,candidate=7,pool=3,structural=10,index=12,probe_starts=0,probe_visits=0,probe_candidates=0
PARTNER,id=5,n=8,right=false,missing=false,reverse=false,policy=Global,access=Indexed,order=false,target=7,metrics=true,candidate=7,pool=3,structural=10,index=12,probe_starts=0,probe_visits=0,probe_candidates=0
PARTNER,id=6,n=8,right=false,missing=false,reverse=false,policy=Global,access=Indexed,order=true,target=0,metrics=true,candidate=7,pool=3,structural=14,index=20,probe_starts=2,probe_visits=2,probe_candidates=2
PARTNER,id=7,n=8,right=false,missing=false,reverse=false,policy=Global,access=Indexed,order=true,target=7,metrics=true,candidate=7,pool=3,structural=14,index=20,probe_starts=2,probe_visits=2,probe_candidates=2
PARTNER,id=8,n=8,right=false,missing=false,reverse=false,policy=Active,access=Scan,order=false,target=0,metrics=true,candidate=128,pool=114,structural=159,index=0,probe_starts=0,probe_visits=0,probe_candidates=0
PARTNER,id=9,n=8,right=false,missing=false,reverse=false,policy=Active,access=Scan,order=false,target=7,metrics=true,candidate=135,pool=114,structural=166,index=0,probe_starts=0,probe_visits=0,probe_candidates=0
PARTNER,id=10,n=8,right=false,missing=false,reverse=false,policy=Active,access=Scan,order=true,target=0,metrics=true,candidate=191,pool=170,structural=243,index=0,probe_starts=0,probe_visits=0,probe_candidates=0
PARTNER,id=11,n=8,right=false,missing=false,reverse=false,policy=Active,access=Scan,order=true,target=7,metrics=true,candidate=198,pool=170,structural=250,index=0,probe_starts=0,probe_visits=0,probe_candidates=0
PARTNER,id=12,n=8,right=false,missing=false,reverse=false,policy=Active,access=Indexed,order=false,target=0,metrics=true,candidate=44,pool=9,structural=75,index=87,probe_starts=0,probe_visits=0,probe_candidates=0
PARTNER,id=13,n=8,right=false,missing=false,reverse=false,policy=Active,access=Indexed,order=false,target=7,metrics=true,candidate=44,pool=9,structural=75,index=87,probe_starts=0,probe_visits=0,probe_candidates=0
PARTNER,id=14,n=8,right=false,missing=false,reverse=false,policy=Active,access=Indexed,order=true,target=0,metrics=true,candidate=51,pool=9,structural=91,index=91,probe_starts=1,probe_visits=1,probe_candidates=1
PARTNER,id=15,n=8,right=false,missing=false,reverse=false,policy=Active,access=Indexed,order=true,target=7,metrics=true,candidate=51,pool=9,structural=91,index=91,probe_starts=1,probe_visits=1,probe_candidates=1
PARTNER,id=16,n=8,right=false,missing=false,reverse=true,policy=Global,access=Scan,order=false,target=0,metrics=true,candidate=35,pool=35,structural=38,index=0,probe_starts=0,probe_visits=0,probe_candidates=0
PARTNER,id=17,n=8,right=false,missing=false,reverse=true,policy=Global,access=Scan,order=false,target=7,metrics=true,candidate=21,pool=35,structural=24,index=0,probe_starts=0,probe_visits=0,probe_candidates=0
PARTNER,id=18,n=8,right=false,missing=false,reverse=true,policy=Global,access=Scan,order=true,target=0,metrics=true,candidate=147,pool=147,structural=178,index=0,probe_starts=0,probe_visits=0,probe_candidates=0
PARTNER,id=19,n=8,right=false,missing=false,reverse=true,policy=Global,access=Scan,order=true,target=7,metrics=true,candidate=77,pool=91,structural=94,index=0,probe_starts=0,probe_visits=0,probe_candidates=0
PARTNER,id=20,n=8,right=false,missing=false,reverse=true,policy=Global,access=Indexed,order=false,target=0,metrics=true,candidate=7,pool=3,structural=10,index=12,probe_starts=0,probe_visits=0,probe_candidates=0
PARTNER,id=21,n=8,right=false,missing=false,reverse=true,policy=Global,access=Indexed,order=false,target=7,metrics=true,candidate=7,pool=3,structural=10,index=12,probe_starts=0,probe_visits=0,probe_candidates=0
PARTNER,id=22,n=8,right=false,missing=false,reverse=true,policy=Global,access=Indexed,order=true,target=0,metrics=true,candidate=7,pool=3,structural=14,index=20,probe_starts=2,probe_visits=2,probe_candidates=2
PARTNER,id=23,n=8,right=false,missing=false,reverse=true,policy=Global,access=Indexed,order=true,target=7,metrics=true,candidate=7,pool=3,structural=14,index=20,probe_starts=2,probe_visits=2,probe_candidates=2
PARTNER,id=24,n=8,right=false,missing=false,reverse=true,policy=Active,access=Scan,order=false,target=0,metrics=true,candidate=135,pool=114,structural=166,index=0,probe_starts=0,probe_visits=0,probe_candidates=0
PARTNER,id=25,n=8,right=false,missing=false,reverse=true,policy=Active,access=Scan,order=false,target=7,metrics=true,candidate=128,pool=114,structural=159,index=0,probe_starts=0,probe_visits=0,probe_candidates=0
PARTNER,id=26,n=8,right=false,missing=false,reverse=true,policy=Active,access=Scan,order=true,target=0,metrics=true,candidate=198,pool=170,structural=250,index=0,probe_starts=0,probe_visits=0,probe_candidates=0
PARTNER,id=27,n=8,right=false,missing=false,reverse=true,policy=Active,access=Scan,order=true,target=7,metrics=true,candidate=191,pool=170,structural=243,index=0,probe_starts=0,probe_visits=0,probe_candidates=0
PARTNER,id=28,n=8,right=false,missing=false,reverse=true,policy=Active,access=Indexed,order=false,target=0,metrics=true,candidate=44,pool=10,structural=75,index=87,probe_starts=0,probe_visits=0,probe_candidates=0
PARTNER,id=29,n=8,right=false,missing=false,reverse=true,policy=Active,access=Indexed,order=false,target=7,metrics=true,candidate=44,pool=10,structural=75,index=87,probe_starts=0,probe_visits=0,probe_candidates=0
PARTNER,id=30,n=8,right=false,missing=false,reverse=true,policy=Active,access=Indexed,order=true,target=0,metrics=true,candidate=51,pool=10,structural=91,index=91,probe_starts=1,probe_visits=1,probe_candidates=1
PARTNER,id=31,n=8,right=false,missing=false,reverse=true,policy=Active,access=Indexed,order=true,target=7,metrics=true,candidate=51,pool=10,structural=91,index=91,probe_starts=1,probe_visits=1,probe_candidates=1
PARTNER,id=32,n=8,right=false,missing=true,reverse=false,policy=Global,access=Scan,order=false,target=0,metrics=true,candidate=9,pool=9,structural=9,index=0,probe_starts=0,probe_visits=0,probe_candidates=0
PARTNER,id=33,n=8,right=false,missing=true,reverse=false,policy=Global,access=Scan,order=false,target=7,metrics=true,candidate=9,pool=9,structural=9,index=0,probe_starts=0,probe_visits=0,probe_candidates=0
PARTNER,id=34,n=8,right=false,missing=true,reverse=false,policy=Global,access=Scan,order=true,target=0,metrics=true,candidate=73,pool=73,structural=81,index=0,probe_starts=0,probe_visits=0,probe_candidates=0
PARTNER,id=35,n=8,right=false,missing=true,reverse=false,policy=Global,access=Scan,order=true,target=7,metrics=true,candidate=73,pool=73,structural=81,index=0,probe_starts=0,probe_visits=0,probe_candidates=0
PARTNER,id=36,n=8,right=false,missing=true,reverse=false,policy=Global,access=Indexed,order=false,target=0,metrics=true,candidate=1,pool=1,structural=1,index=3,probe_starts=0,probe_visits=0,probe_candidates=0
PARTNER,id=37,n=8,right=false,missing=true,reverse=false,policy=Global,access=Indexed,order=false,target=7,metrics=true,candidate=1,pool=1,structural=1,index=3,probe_starts=0,probe_visits=0,probe_candidates=0
PARTNER,id=38,n=8,right=false,missing=true,reverse=false,policy=Global,access=Indexed,order=true,target=0,metrics=true,candidate=1,pool=1,structural=1,index=3,probe_starts=1,probe_visits=0,probe_candidates=0
PARTNER,id=39,n=8,right=false,missing=true,reverse=false,policy=Global,access=Indexed,order=true,target=7,metrics=true,candidate=1,pool=1,structural=1,index=3,probe_starts=1,probe_visits=0,probe_candidates=0
PARTNER,id=40,n=8,right=false,missing=true,reverse=false,policy=Active,access=Scan,order=false,target=0,metrics=true,candidate=115,pool=97,structural=130,index=0,probe_starts=0,probe_visits=0,probe_candidates=0
PARTNER,id=41,n=8,right=false,missing=true,reverse=false,policy=Active,access=Scan,order=false,target=7,metrics=true,candidate=115,pool=97,structural=130,index=0,probe_starts=0,probe_visits=0,probe_candidates=0
PARTNER,id=42,n=8,right=false,missing=true,reverse=false,policy=Active,access=Scan,order=true,target=0,metrics=true,candidate=251,pool=225,structural=290,index=0,probe_starts=0,probe_visits=0,probe_candidates=0
PARTNER,id=43,n=8,right=false,missing=true,reverse=false,policy=Active,access=Scan,order=true,target=7,metrics=true,candidate=251,pool=225,structural=290,index=0,probe_starts=0,probe_visits=0,probe_candidates=0
PARTNER,id=44,n=8,right=false,missing=true,reverse=false,policy=Active,access=Indexed,order=false,target=0,metrics=true,candidate=27,pool=9,structural=42,index=62,probe_starts=0,probe_visits=0,probe_candidates=0
PARTNER,id=45,n=8,right=false,missing=true,reverse=false,policy=Active,access=Indexed,order=false,target=7,metrics=true,candidate=27,pool=9,structural=42,index=62,probe_starts=0,probe_visits=0,probe_candidates=0
PARTNER,id=46,n=8,right=false,missing=true,reverse=false,policy=Active,access=Indexed,order=true,target=0,metrics=true,candidate=35,pool=9,structural=58,index=62,probe_starts=2,probe_visits=0,probe_candidates=0
PARTNER,id=47,n=8,right=false,missing=true,reverse=false,policy=Active,access=Indexed,order=true,target=7,metrics=true,candidate=35,pool=9,structural=58,index=62,probe_starts=2,probe_visits=0,probe_candidates=0
PARTNER,id=48,n=8,right=false,missing=true,reverse=true,policy=Global,access=Scan,order=false,target=0,metrics=true,candidate=9,pool=9,structural=9,index=0,probe_starts=0,probe_visits=0,probe_candidates=0
PARTNER,id=49,n=8,right=false,missing=true,reverse=true,policy=Global,access=Scan,order=false,target=7,metrics=true,candidate=9,pool=9,structural=9,index=0,probe_starts=0,probe_visits=0,probe_candidates=0
PARTNER,id=50,n=8,right=false,missing=true,reverse=true,policy=Global,access=Scan,order=true,target=0,metrics=true,candidate=73,pool=73,structural=81,index=0,probe_starts=0,probe_visits=0,probe_candidates=0
PARTNER,id=51,n=8,right=false,missing=true,reverse=true,policy=Global,access=Scan,order=true,target=7,metrics=true,candidate=73,pool=73,structural=81,index=0,probe_starts=0,probe_visits=0,probe_candidates=0
PARTNER,id=52,n=8,right=false,missing=true,reverse=true,policy=Global,access=Indexed,order=false,target=0,metrics=true,candidate=1,pool=1,structural=1,index=3,probe_starts=0,probe_visits=0,probe_candidates=0
PARTNER,id=53,n=8,right=false,missing=true,reverse=true,policy=Global,access=Indexed,order=false,target=7,metrics=true,candidate=1,pool=1,structural=1,index=3,probe_starts=0,probe_visits=0,probe_candidates=0
PARTNER,id=54,n=8,right=false,missing=true,reverse=true,policy=Global,access=Indexed,order=true,target=0,metrics=true,candidate=1,pool=1,structural=1,index=3,probe_starts=1,probe_visits=0,probe_candidates=0
PARTNER,id=55,n=8,right=false,missing=true,reverse=true,policy=Global,access=Indexed,order=true,target=7,metrics=true,candidate=1,pool=1,structural=1,index=3,probe_starts=1,probe_visits=0,probe_candidates=0
PARTNER,id=56,n=8,right=false,missing=true,reverse=true,policy=Active,access=Scan,order=false,target=0,metrics=true,candidate=115,pool=97,structural=130,index=0,probe_starts=0,probe_visits=0,probe_candidates=0
PARTNER,id=57,n=8,right=false,missing=true,reverse=true,policy=Active,access=Scan,order=false,target=7,metrics=true,candidate=115,pool=97,structural=130,index=0,probe_starts=0,probe_visits=0,probe_candidates=0
PARTNER,id=58,n=8,right=false,missing=true,reverse=true,policy=Active,access=Scan,order=true,target=0,metrics=true,candidate=251,pool=225,structural=290,index=0,probe_starts=0,probe_visits=0,probe_candidates=0
PARTNER,id=59,n=8,right=false,missing=true,reverse=true,policy=Active,access=Scan,order=true,target=7,metrics=true,candidate=251,pool=225,structural=290,index=0,probe_starts=0,probe_visits=0,probe_candidates=0
PARTNER,id=60,n=8,right=false,missing=true,reverse=true,policy=Active,access=Indexed,order=false,target=0,metrics=true,candidate=27,pool=9,structural=42,index=62,probe_starts=0,probe_visits=0,probe_candidates=0
PARTNER,id=61,n=8,right=false,missing=true,reverse=true,policy=Active,access=Indexed,order=false,target=7,metrics=true,candidate=27,pool=9,structural=42,index=62,probe_starts=0,probe_visits=0,probe_candidates=0
PARTNER,id=62,n=8,right=false,missing=true,reverse=true,policy=Active,access=Indexed,order=true,target=0,metrics=true,candidate=35,pool=9,structural=58,index=62,probe_starts=2,probe_visits=0,probe_candidates=0
PARTNER,id=63,n=8,right=false,missing=true,reverse=true,policy=Active,access=Indexed,order=true,target=7,metrics=true,candidate=35,pool=9,structural=58,index=62,probe_starts=2,probe_visits=0,probe_candidates=0
PARTNER,id=64,n=8,right=true,missing=false,reverse=false,policy=Global,access=Scan,order=false,target=0,metrics=true,candidate=77,pool=91,structural=94,index=0,probe_starts=0,probe_visits=0,probe_candidates=0
PARTNER,id=65,n=8,right=true,missing=false,reverse=false,policy=Global,access=Scan,order=false,target=7,metrics=true,candidate=147,pool=147,structural=178,index=0,probe_starts=0,probe_visits=0,probe_candidates=0
PARTNER,id=66,n=8,right=true,missing=false,reverse=false,policy=Global,access=Scan,order=true,target=0,metrics=true,candidate=21,pool=35,structural=38,index=0,probe_starts=0,probe_visits=0,probe_candidates=0
PARTNER,id=67,n=8,right=true,missing=false,reverse=false,policy=Global,access=Scan,order=true,target=7,metrics=true,candidate=35,pool=35,structural=66,index=0,probe_starts=0,probe_visits=0,probe_candidates=0
PARTNER,id=68,n=8,right=true,missing=false,reverse=false,policy=Global,access=Indexed,order=false,target=0,metrics=true,candidate=7,pool=3,structural=14,index=20,probe_starts=2,probe_visits=2,probe_candidates=2
PARTNER,id=69,n=8,right=true,missing=false,reverse=false,policy=Global,access=Indexed,order=false,target=7,metrics=true,candidate=7,pool=3,structural=14,index=20,probe_starts=2,probe_visits=2,probe_candidates=2
PARTNER,id=70,n=8,right=true,missing=false,reverse=false,policy=Global,access=Indexed,order=true,target=0,metrics=true,candidate=7,pool=3,structural=10,index=12,probe_starts=0,probe_visits=0,probe_candidates=0
PARTNER,id=71,n=8,right=true,missing=false,reverse=false,policy=Global,access=Indexed,order=true,target=7,metrics=true,candidate=7,pool=3,structural=10,index=12,probe_starts=0,probe_visits=0,probe_candidates=0
PARTNER,id=72,n=8,right=true,missing=false,reverse=false,policy=Active,access=Scan,order=false,target=0,metrics=true,candidate=191,pool=170,structural=250,index=0,probe_starts=0,probe_visits=0,probe_candidates=0
PARTNER,id=73,n=8,right=true,missing=false,reverse=false,policy=Active,access=Scan,order=false,target=7,metrics=true,candidate=198,pool=170,structural=257,index=0,probe_starts=0,probe_visits=0,probe_candidates=0
PARTNER,id=74,n=8,right=true,missing=false,reverse=false,policy=Active,access=Scan,order=true,target=0,metrics=true,candidate=128,pool=114,structural=180,index=0,probe_starts=0,probe_visits=0,probe_candidates=0
PARTNER,id=75,n=8,right=true,missing=false,reverse=false,policy=Active,access=Scan,order=true,target=7,metrics=true,candidate=135,pool=114,structural=187,index=0,probe_starts=0,probe_visits=0,probe_candidates=0
PARTNER,id=76,n=8,right=true,missing=false,reverse=false,policy=Active,access=Indexed,order=false,target=0,metrics=true,candidate=51,pool=10,structural=91,index=91,probe_starts=1,probe_visits=1,probe_candidates=1
PARTNER,id=77,n=8,right=true,missing=false,reverse=false,policy=Active,access=Indexed,order=false,target=7,metrics=true,candidate=51,pool=10,structural=91,index=91,probe_starts=1,probe_visits=1,probe_candidates=1
PARTNER,id=78,n=8,right=true,missing=false,reverse=false,policy=Active,access=Indexed,order=true,target=0,metrics=true,candidate=44,pool=10,structural=75,index=87,probe_starts=0,probe_visits=0,probe_candidates=0
PARTNER,id=79,n=8,right=true,missing=false,reverse=false,policy=Active,access=Indexed,order=true,target=7,metrics=true,candidate=44,pool=10,structural=75,index=87,probe_starts=0,probe_visits=0,probe_candidates=0
PARTNER,id=80,n=8,right=true,missing=false,reverse=true,policy=Global,access=Scan,order=false,target=0,metrics=true,candidate=147,pool=147,structural=178,index=0,probe_starts=0,probe_visits=0,probe_candidates=0
PARTNER,id=81,n=8,right=true,missing=false,reverse=true,policy=Global,access=Scan,order=false,target=7,metrics=true,candidate=77,pool=91,structural=94,index=0,probe_starts=0,probe_visits=0,probe_candidates=0
PARTNER,id=82,n=8,right=true,missing=false,reverse=true,policy=Global,access=Scan,order=true,target=0,metrics=true,candidate=35,pool=35,structural=66,index=0,probe_starts=0,probe_visits=0,probe_candidates=0
PARTNER,id=83,n=8,right=true,missing=false,reverse=true,policy=Global,access=Scan,order=true,target=7,metrics=true,candidate=21,pool=35,structural=38,index=0,probe_starts=0,probe_visits=0,probe_candidates=0
PARTNER,id=84,n=8,right=true,missing=false,reverse=true,policy=Global,access=Indexed,order=false,target=0,metrics=true,candidate=7,pool=3,structural=14,index=20,probe_starts=2,probe_visits=2,probe_candidates=2
PARTNER,id=85,n=8,right=true,missing=false,reverse=true,policy=Global,access=Indexed,order=false,target=7,metrics=true,candidate=7,pool=3,structural=14,index=20,probe_starts=2,probe_visits=2,probe_candidates=2
PARTNER,id=86,n=8,right=true,missing=false,reverse=true,policy=Global,access=Indexed,order=true,target=0,metrics=true,candidate=7,pool=3,structural=10,index=12,probe_starts=0,probe_visits=0,probe_candidates=0
PARTNER,id=87,n=8,right=true,missing=false,reverse=true,policy=Global,access=Indexed,order=true,target=7,metrics=true,candidate=7,pool=3,structural=10,index=12,probe_starts=0,probe_visits=0,probe_candidates=0
PARTNER,id=88,n=8,right=true,missing=false,reverse=true,policy=Active,access=Scan,order=false,target=0,metrics=true,candidate=198,pool=170,structural=264,index=0,probe_starts=0,probe_visits=0,probe_candidates=0
PARTNER,id=89,n=8,right=true,missing=false,reverse=true,policy=Active,access=Scan,order=false,target=7,metrics=true,candidate=191,pool=170,structural=250,index=0,probe_starts=0,probe_visits=0,probe_candidates=0
PARTNER,id=90,n=8,right=true,missing=false,reverse=true,policy=Active,access=Scan,order=true,target=0,metrics=true,candidate=135,pool=114,structural=194,index=0,probe_starts=0,probe_visits=0,probe_candidates=0
PARTNER,id=91,n=8,right=true,missing=false,reverse=true,policy=Active,access=Scan,order=true,target=7,metrics=true,candidate=128,pool=114,structural=180,index=0,probe_starts=0,probe_visits=0,probe_candidates=0
PARTNER,id=92,n=8,right=true,missing=false,reverse=true,policy=Active,access=Indexed,order=false,target=0,metrics=true,candidate=51,pool=9,structural=91,index=91,probe_starts=1,probe_visits=1,probe_candidates=1
PARTNER,id=93,n=8,right=true,missing=false,reverse=true,policy=Active,access=Indexed,order=false,target=7,metrics=true,candidate=51,pool=9,structural=91,index=91,probe_starts=1,probe_visits=1,probe_candidates=1
PARTNER,id=94,n=8,right=true,missing=false,reverse=true,policy=Active,access=Indexed,order=true,target=0,metrics=true,candidate=44,pool=9,structural=75,index=87,probe_starts=0,probe_visits=0,probe_candidates=0
PARTNER,id=95,n=8,right=true,missing=false,reverse=true,policy=Active,access=Indexed,order=true,target=7,metrics=true,candidate=44,pool=9,structural=75,index=87,probe_starts=0,probe_visits=0,probe_candidates=0
PARTNER,id=96,n=8,right=true,missing=true,reverse=false,policy=Global,access=Scan,order=false,target=0,metrics=true,candidate=73,pool=73,structural=89,index=0,probe_starts=0,probe_visits=0,probe_candidates=0
PARTNER,id=97,n=8,right=true,missing=true,reverse=false,policy=Global,access=Scan,order=false,target=7,metrics=true,candidate=73,pool=73,structural=89,index=0,probe_starts=0,probe_visits=0,probe_candidates=0
PARTNER,id=98,n=8,right=true,missing=true,reverse=false,policy=Global,access=Scan,order=true,target=0,metrics=true,candidate=9,pool=9,structural=17,index=0,probe_starts=0,probe_visits=0,probe_candidates=0
PARTNER,id=99,n=8,right=true,missing=true,reverse=false,policy=Global,access=Scan,order=true,target=7,metrics=true,candidate=9,pool=9,structural=17,index=0,probe_starts=0,probe_visits=0,probe_candidates=0
PARTNER,id=100,n=8,right=true,missing=true,reverse=false,policy=Global,access=Indexed,order=false,target=0,metrics=true,candidate=1,pool=1,structural=1,index=3,probe_starts=1,probe_visits=0,probe_candidates=0
PARTNER,id=101,n=8,right=true,missing=true,reverse=false,policy=Global,access=Indexed,order=false,target=7,metrics=true,candidate=1,pool=1,structural=1,index=3,probe_starts=1,probe_visits=0,probe_candidates=0
PARTNER,id=102,n=8,right=true,missing=true,reverse=false,policy=Global,access=Indexed,order=true,target=0,metrics=true,candidate=1,pool=1,structural=1,index=3,probe_starts=0,probe_visits=0,probe_candidates=0
PARTNER,id=103,n=8,right=true,missing=true,reverse=false,policy=Global,access=Indexed,order=true,target=7,metrics=true,candidate=1,pool=1,structural=1,index=3,probe_starts=0,probe_visits=0,probe_candidates=0
PARTNER,id=104,n=8,right=true,missing=true,reverse=false,policy=Active,access=Scan,order=false,target=0,metrics=true,candidate=251,pool=225,structural=314,index=0,probe_starts=0,probe_visits=0,probe_candidates=0
PARTNER,id=105,n=8,right=true,missing=true,reverse=false,policy=Active,access=Scan,order=false,target=7,metrics=true,candidate=251,pool=225,structural=314,index=0,probe_starts=0,probe_visits=0,probe_candidates=0
PARTNER,id=106,n=8,right=true,missing=true,reverse=false,policy=Active,access=Scan,order=true,target=0,metrics=true,candidate=115,pool=97,structural=154,index=0,probe_starts=0,probe_visits=0,probe_candidates=0
PARTNER,id=107,n=8,right=true,missing=true,reverse=false,policy=Active,access=Scan,order=true,target=7,metrics=true,candidate=115,pool=97,structural=154,index=0,probe_starts=0,probe_visits=0,probe_candidates=0
PARTNER,id=108,n=8,right=true,missing=true,reverse=false,policy=Active,access=Indexed,order=false,target=0,metrics=true,candidate=35,pool=9,structural=58,index=78,probe_starts=2,probe_visits=0,probe_candidates=0
PARTNER,id=109,n=8,right=true,missing=true,reverse=false,policy=Active,access=Indexed,order=false,target=7,metrics=true,candidate=35,pool=9,structural=58,index=78,probe_starts=2,probe_visits=0,probe_candidates=0
PARTNER,id=110,n=8,right=true,missing=true,reverse=false,policy=Active,access=Indexed,order=true,target=0,metrics=true,candidate=27,pool=9,structural=42,index=78,probe_starts=0,probe_visits=0,probe_candidates=0
PARTNER,id=111,n=8,right=true,missing=true,reverse=false,policy=Active,access=Indexed,order=true,target=7,metrics=true,candidate=27,pool=9,structural=42,index=78,probe_starts=0,probe_visits=0,probe_candidates=0
PARTNER,id=112,n=8,right=true,missing=true,reverse=true,policy=Global,access=Scan,order=false,target=0,metrics=true,candidate=73,pool=73,structural=89,index=0,probe_starts=0,probe_visits=0,probe_candidates=0
PARTNER,id=113,n=8,right=true,missing=true,reverse=true,policy=Global,access=Scan,order=false,target=7,metrics=true,candidate=73,pool=73,structural=89,index=0,probe_starts=0,probe_visits=0,probe_candidates=0
PARTNER,id=114,n=8,right=true,missing=true,reverse=true,policy=Global,access=Scan,order=true,target=0,metrics=true,candidate=9,pool=9,structural=17,index=0,probe_starts=0,probe_visits=0,probe_candidates=0
PARTNER,id=115,n=8,right=true,missing=true,reverse=true,policy=Global,access=Scan,order=true,target=7,metrics=true,candidate=9,pool=9,structural=17,index=0,probe_starts=0,probe_visits=0,probe_candidates=0
PARTNER,id=116,n=8,right=true,missing=true,reverse=true,policy=Global,access=Indexed,order=false,target=0,metrics=true,candidate=1,pool=1,structural=1,index=3,probe_starts=1,probe_visits=0,probe_candidates=0
PARTNER,id=117,n=8,right=true,missing=true,reverse=true,policy=Global,access=Indexed,order=false,target=7,metrics=true,candidate=1,pool=1,structural=1,index=3,probe_starts=1,probe_visits=0,probe_candidates=0
PARTNER,id=118,n=8,right=true,missing=true,reverse=true,policy=Global,access=Indexed,order=true,target=0,metrics=true,candidate=1,pool=1,structural=1,index=3,probe_starts=0,probe_visits=0,probe_candidates=0
PARTNER,id=119,n=8,right=true,missing=true,reverse=true,policy=Global,access=Indexed,order=true,target=7,metrics=true,candidate=1,pool=1,structural=1,index=3,probe_starts=0,probe_visits=0,probe_candidates=0
PARTNER,id=120,n=8,right=true,missing=true,reverse=true,policy=Active,access=Scan,order=false,target=0,metrics=true,candidate=251,pool=225,structural=314,index=0,probe_starts=0,probe_visits=0,probe_candidates=0
PARTNER,id=121,n=8,right=true,missing=true,reverse=true,policy=Active,access=Scan,order=false,target=7,metrics=true,candidate=251,pool=225,structural=314,index=0,probe_starts=0,probe_visits=0,probe_candidates=0
PARTNER,id=122,n=8,right=true,missing=true,reverse=true,policy=Active,access=Scan,order=true,target=0,metrics=true,candidate=115,pool=97,structural=154,index=0,probe_starts=0,probe_visits=0,probe_candidates=0
PARTNER,id=123,n=8,right=true,missing=true,reverse=true,policy=Active,access=Scan,order=true,target=7,metrics=true,candidate=115,pool=97,structural=154,index=0,probe_starts=0,probe_visits=0,probe_candidates=0
PARTNER,id=124,n=8,right=true,missing=true,reverse=true,policy=Active,access=Indexed,order=false,target=0,metrics=true,candidate=35,pool=9,structural=58,index=78,probe_starts=2,probe_visits=0,probe_candidates=0
PARTNER,id=125,n=8,right=true,missing=true,reverse=true,policy=Active,access=Indexed,order=false,target=7,metrics=true,candidate=35,pool=9,structural=58,index=78,probe_starts=2,probe_visits=0,probe_candidates=0
PARTNER,id=126,n=8,right=true,missing=true,reverse=true,policy=Active,access=Indexed,order=true,target=0,metrics=true,candidate=27,pool=9,structural=42,index=78,probe_starts=0,probe_visits=0,probe_candidates=0
PARTNER,id=127,n=8,right=true,missing=true,reverse=true,policy=Active,access=Indexed,order=true,target=7,metrics=true,candidate=27,pool=9,structural=42,index=78,probe_starts=0,probe_visits=0,probe_candidates=0
PARTNER,id=128,n=32,right=false,missing=false,reverse=false,policy=Global,access=Scan,order=false,target=0,metrics=true,candidate=69,pool=131,structural=72,index=0,probe_starts=0,probe_visits=0,probe_candidates=0
PARTNER,id=129,n=32,right=false,missing=false,reverse=false,policy=Global,access=Scan,order=false,target=31,metrics=true,candidate=131,pool=131,structural=134,index=0,probe_starts=0,probe_visits=0,probe_candidates=0
PARTNER,id=130,n=32,right=false,missing=false,reverse=false,policy=Global,access=Scan,order=true,target=0,metrics=true,candidate=1061,pool=1123,structural=1126,index=0,probe_starts=0,probe_visits=0,probe_candidates=0
PARTNER,id=131,n=32,right=false,missing=false,reverse=false,policy=Global,access=Scan,order=true,target=31,metrics=true,candidate=2115,pool=2115,structural=2242,index=0,probe_starts=0,probe_visits=0,probe_candidates=0
PARTNER,id=132,n=32,right=false,missing=false,reverse=false,policy=Global,access=Indexed,order=false,target=0,metrics=true,candidate=7,pool=3,structural=10,index=12,probe_starts=0,probe_visits=0,probe_candidates=0
PARTNER,id=133,n=32,right=false,missing=false,reverse=false,policy=Global,access=Indexed,order=false,target=31,metrics=true,candidate=7,pool=3,structural=10,index=12,probe_starts=0,probe_visits=0,probe_candidates=0
PARTNER,id=134,n=32,right=false,missing=false,reverse=false,policy=Global,access=Indexed,order=true,target=0,metrics=true,candidate=7,pool=3,structural=14,index=20,probe_starts=2,probe_visits=2,probe_candidates=2
PARTNER,id=135,n=32,right=false,missing=false,reverse=false,policy=Global,access=Indexed,order=true,target=31,metrics=true,candidate=7,pool=3,structural=14,index=20,probe_starts=2,probe_visits=2,probe_candidates=2
PARTNER,id=136,n=32,right=false,missing=false,reverse=false,policy=Active,access=Scan,order=false,target=0,metrics=true,candidate=1256,pool=1218,structural=1359,index=0,probe_starts=0,probe_visits=0,probe_candidates=0
PARTNER,id=137,n=32,right=false,missing=false,reverse=false,policy=Active,access=Scan,order=false,target=31,metrics=true,candidate=1287,pool=1218,structural=1390,index=0,probe_starts=0,probe_visits=0,probe_candidates=0
PARTNER,id=138,n=32,right=false,missing=false,reverse=false,policy=Active,access=Scan,order=true,target=0,metrics=true,candidate=2279,pool=2210,structural=2475,index=0,probe_starts=0,probe_visits=0,probe_candidates=0
PARTNER,id=139,n=32,right=false,missing=false,reverse=false,policy=Active,access=Scan,order=true,target=31,metrics=true,candidate=2310,pool=2210,structural=2506,index=0,probe_starts=0,probe_visits=0,probe_candidates=0
PARTNER,id=140,n=32,right=false,missing=false,reverse=false,policy=Active,access=Indexed,order=false,target=0,metrics=true,candidate=140,pool=33,structural=243,index=303,probe_starts=0,probe_visits=0,probe_candidates=0
PARTNER,id=141,n=32,right=false,missing=false,reverse=false,policy=Active,access=Indexed,order=false,target=31,metrics=true,candidate=140,pool=33,structural=243,index=303,probe_starts=0,probe_visits=0,probe_candidates=0
PARTNER,id=142,n=32,right=false,missing=false,reverse=false,policy=Active,access=Indexed,order=true,target=0,metrics=true,candidate=171,pool=33,structural=307,index=307,probe_starts=1,probe_visits=1,probe_candidates=1
PARTNER,id=143,n=32,right=false,missing=false,reverse=false,policy=Active,access=Indexed,order=true,target=31,metrics=true,candidate=171,pool=33,structural=307,index=307,probe_starts=1,probe_visits=1,probe_candidates=1
PARTNER,id=144,n=32,right=false,missing=false,reverse=true,policy=Global,access=Scan,order=false,target=0,metrics=true,candidate=131,pool=131,structural=134,index=0,probe_starts=0,probe_visits=0,probe_candidates=0
PARTNER,id=145,n=32,right=false,missing=false,reverse=true,policy=Global,access=Scan,order=false,target=31,metrics=true,candidate=69,pool=131,structural=72,index=0,probe_starts=0,probe_visits=0,probe_candidates=0
PARTNER,id=146,n=32,right=false,missing=false,reverse=true,policy=Global,access=Scan,order=true,target=0,metrics=true,candidate=2115,pool=2115,structural=2242,index=0,probe_starts=0,probe_visits=0,probe_candidates=0
PARTNER,id=147,n=32,right=false,missing=false,reverse=true,policy=Global,access=Scan,order=true,target=31,metrics=true,candidate=1061,pool=1123,structural=1126,index=0,probe_starts=0,probe_visits=0,probe_candidates=0
PARTNER,id=148,n=32,right=false,missing=false,reverse=true,policy=Global,access=Indexed,order=false,target=0,metrics=true,candidate=7,pool=3,structural=10,index=12,probe_starts=0,probe_visits=0,probe_candidates=0
PARTNER,id=149,n=32,right=false,missing=false,reverse=true,policy=Global,access=Indexed,order=false,target=31,metrics=true,candidate=7,pool=3,structural=10,index=12,probe_starts=0,probe_visits=0,probe_candidates=0
PARTNER,id=150,n=32,right=false,missing=false,reverse=true,policy=Global,access=Indexed,order=true,target=0,metrics=true,candidate=7,pool=3,structural=14,index=20,probe_starts=2,probe_visits=2,probe_candidates=2
PARTNER,id=151,n=32,right=false,missing=false,reverse=true,policy=Global,access=Indexed,order=true,target=31,metrics=true,candidate=7,pool=3,structural=14,index=20,probe_starts=2,probe_visits=2,probe_candidates=2
PARTNER,id=152,n=32,right=false,missing=false,reverse=true,policy=Active,access=Scan,order=false,target=0,metrics=true,candidate=1287,pool=1218,structural=1390,index=0,probe_starts=0,probe_visits=0,probe_candidates=0
PARTNER,id=153,n=32,right=false,missing=false,reverse=true,policy=Active,access=Scan,order=false,target=31,metrics=true,candidate=1256,pool=1218,structural=1359,index=0,probe_starts=0,probe_visits=0,probe_candidates=0
PARTNER,id=154,n=32,right=false,missing=false,reverse=true,policy=Active,access=Scan,order=true,target=0,metrics=true,candidate=2310,pool=2210,structural=2506,index=0,probe_starts=0,probe_visits=0,probe_candidates=0
PARTNER,id=155,n=32,right=false,missing=false,reverse=true,policy=Active,access=Scan,order=true,target=31,metrics=true,candidate=2279,pool=2210,structural=2475,index=0,probe_starts=0,probe_visits=0,probe_candidates=0
PARTNER,id=156,n=32,right=false,missing=false,reverse=true,policy=Active,access=Indexed,order=false,target=0,metrics=true,candidate=140,pool=34,structural=243,index=303,probe_starts=0,probe_visits=0,probe_candidates=0
PARTNER,id=157,n=32,right=false,missing=false,reverse=true,policy=Active,access=Indexed,order=false,target=31,metrics=true,candidate=140,pool=34,structural=243,index=303,probe_starts=0,probe_visits=0,probe_candidates=0
PARTNER,id=158,n=32,right=false,missing=false,reverse=true,policy=Active,access=Indexed,order=true,target=0,metrics=true,candidate=171,pool=34,structural=307,index=307,probe_starts=1,probe_visits=1,probe_candidates=1
PARTNER,id=159,n=32,right=false,missing=false,reverse=true,policy=Active,access=Indexed,order=true,target=31,metrics=true,candidate=171,pool=34,structural=307,index=307,probe_starts=1,probe_visits=1,probe_candidates=1
PARTNER,id=160,n=32,right=false,missing=true,reverse=false,policy=Global,access=Scan,order=false,target=0,metrics=true,candidate=33,pool=33,structural=33,index=0,probe_starts=0,probe_visits=0,probe_candidates=0
PARTNER,id=161,n=32,right=false,missing=true,reverse=false,policy=Global,access=Scan,order=false,target=31,metrics=true,candidate=33,pool=33,structural=33,index=0,probe_starts=0,probe_visits=0,probe_candidates=0
PARTNER,id=162,n=32,right=false,missing=true,reverse=false,policy=Global,access=Scan,order=true,target=0,metrics=true,candidate=1057,pool=1057,structural=1089,index=0,probe_starts=0,probe_visits=0,probe_candidates=0
PARTNER,id=163,n=32,right=false,missing=true,reverse=false,policy=Global,access=Scan,order=true,target=31,metrics=true,candidate=1057,pool=1057,structural=1089,index=0,probe_starts=0,probe_visits=0,probe_candidates=0
PARTNER,id=164,n=32,right=false,missing=true,reverse=false,policy=Global,access=Indexed,order=false,target=0,metrics=true,candidate=1,pool=1,structural=1,index=3,probe_starts=0,probe_visits=0,probe_candidates=0
PARTNER,id=165,n=32,right=false,missing=true,reverse=false,policy=Global,access=Indexed,order=false,target=31,metrics=true,candidate=1,pool=1,structural=1,index=3,probe_starts=0,probe_visits=0,probe_candidates=0
PARTNER,id=166,n=32,right=false,missing=true,reverse=false,policy=Global,access=Indexed,order=true,target=0,metrics=true,candidate=1,pool=1,structural=1,index=3,probe_starts=1,probe_visits=0,probe_candidates=0
PARTNER,id=167,n=32,right=false,missing=true,reverse=false,policy=Global,access=Indexed,order=true,target=31,metrics=true,candidate=1,pool=1,structural=1,index=3,probe_starts=1,probe_visits=0,probe_candidates=0
PARTNER,id=168,n=32,right=false,missing=true,reverse=false,policy=Active,access=Scan,order=false,target=0,metrics=true,candidate=1219,pool=1153,structural=1282,index=0,probe_starts=0,probe_visits=0,probe_candidates=0
PARTNER,id=169,n=32,right=false,missing=true,reverse=false,policy=Active,access=Scan,order=false,target=31,metrics=true,candidate=1219,pool=1153,structural=1282,index=0,probe_starts=0,probe_visits=0,probe_candidates=0
PARTNER,id=170,n=32,right=false,missing=true,reverse=false,policy=Active,access=Scan,order=true,target=0,metrics=true,candidate=3299,pool=3201,structural=3458,index=0,probe_starts=0,probe_visits=0,probe_candidates=0
PARTNER,id=171,n=32,right=false,missing=true,reverse=false,policy=Active,access=Scan,order=true,target=31,metrics=true,candidate=3299,pool=3201,structural=3458,index=0,probe_starts=0,probe_visits=0,probe_candidates=0
PARTNER,id=172,n=32,right=false,missing=true,reverse=false,policy=Active,access=Indexed,order=false,target=0,metrics=true,candidate=99,pool=33,structural=162,index=230,probe_starts=0,probe_visits=0,probe_candidates=0
PARTNER,id=173,n=32,right=false,missing=true,reverse=false,policy=Active,access=Indexed,order=false,target=31,metrics=true,candidate=99,pool=33,structural=162,index=230,probe_starts=0,probe_visits=0,probe_candidates=0
PARTNER,id=174,n=32,right=false,missing=true,reverse=false,policy=Active,access=Indexed,order=true,target=0,metrics=true,candidate=131,pool=33,structural=226,index=230,probe_starts=2,probe_visits=0,probe_candidates=0
PARTNER,id=175,n=32,right=false,missing=true,reverse=false,policy=Active,access=Indexed,order=true,target=31,metrics=true,candidate=131,pool=33,structural=226,index=230,probe_starts=2,probe_visits=0,probe_candidates=0
PARTNER,id=176,n=32,right=false,missing=true,reverse=true,policy=Global,access=Scan,order=false,target=0,metrics=true,candidate=33,pool=33,structural=33,index=0,probe_starts=0,probe_visits=0,probe_candidates=0
PARTNER,id=177,n=32,right=false,missing=true,reverse=true,policy=Global,access=Scan,order=false,target=31,metrics=true,candidate=33,pool=33,structural=33,index=0,probe_starts=0,probe_visits=0,probe_candidates=0
PARTNER,id=178,n=32,right=false,missing=true,reverse=true,policy=Global,access=Scan,order=true,target=0,metrics=true,candidate=1057,pool=1057,structural=1089,index=0,probe_starts=0,probe_visits=0,probe_candidates=0
PARTNER,id=179,n=32,right=false,missing=true,reverse=true,policy=Global,access=Scan,order=true,target=31,metrics=true,candidate=1057,pool=1057,structural=1089,index=0,probe_starts=0,probe_visits=0,probe_candidates=0
PARTNER,id=180,n=32,right=false,missing=true,reverse=true,policy=Global,access=Indexed,order=false,target=0,metrics=true,candidate=1,pool=1,structural=1,index=3,probe_starts=0,probe_visits=0,probe_candidates=0
PARTNER,id=181,n=32,right=false,missing=true,reverse=true,policy=Global,access=Indexed,order=false,target=31,metrics=true,candidate=1,pool=1,structural=1,index=3,probe_starts=0,probe_visits=0,probe_candidates=0
PARTNER,id=182,n=32,right=false,missing=true,reverse=true,policy=Global,access=Indexed,order=true,target=0,metrics=true,candidate=1,pool=1,structural=1,index=3,probe_starts=1,probe_visits=0,probe_candidates=0
PARTNER,id=183,n=32,right=false,missing=true,reverse=true,policy=Global,access=Indexed,order=true,target=31,metrics=true,candidate=1,pool=1,structural=1,index=3,probe_starts=1,probe_visits=0,probe_candidates=0
PARTNER,id=184,n=32,right=false,missing=true,reverse=true,policy=Active,access=Scan,order=false,target=0,metrics=true,candidate=1219,pool=1153,structural=1282,index=0,probe_starts=0,probe_visits=0,probe_candidates=0
PARTNER,id=185,n=32,right=false,missing=true,reverse=true,policy=Active,access=Scan,order=false,target=31,metrics=true,candidate=1219,pool=1153,structural=1282,index=0,probe_starts=0,probe_visits=0,probe_candidates=0
PARTNER,id=186,n=32,right=false,missing=true,reverse=true,policy=Active,access=Scan,order=true,target=0,metrics=true,candidate=3299,pool=3201,structural=3458,index=0,probe_starts=0,probe_visits=0,probe_candidates=0
PARTNER,id=187,n=32,right=false,missing=true,reverse=true,policy=Active,access=Scan,order=true,target=31,metrics=true,candidate=3299,pool=3201,structural=3458,index=0,probe_starts=0,probe_visits=0,probe_candidates=0
PARTNER,id=188,n=32,right=false,missing=true,reverse=true,policy=Active,access=Indexed,order=false,target=0,metrics=true,candidate=99,pool=33,structural=162,index=230,probe_starts=0,probe_visits=0,probe_candidates=0
PARTNER,id=189,n=32,right=false,missing=true,reverse=true,policy=Active,access=Indexed,order=false,target=31,metrics=true,candidate=99,pool=33,structural=162,index=230,probe_starts=0,probe_visits=0,probe_candidates=0
PARTNER,id=190,n=32,right=false,missing=true,reverse=true,policy=Active,access=Indexed,order=true,target=0,metrics=true,candidate=131,pool=33,structural=226,index=230,probe_starts=2,probe_visits=0,probe_candidates=0
PARTNER,id=191,n=32,right=false,missing=true,reverse=true,policy=Active,access=Indexed,order=true,target=31,metrics=true,candidate=131,pool=33,structural=226,index=230,probe_starts=2,probe_visits=0,probe_candidates=0
PARTNER,id=192,n=32,right=true,missing=false,reverse=false,policy=Global,access=Scan,order=false,target=0,metrics=true,candidate=1061,pool=1123,structural=1126,index=0,probe_starts=0,probe_visits=0,probe_candidates=0
PARTNER,id=193,n=32,right=true,missing=false,reverse=false,policy=Global,access=Scan,order=false,target=31,metrics=true,candidate=2115,pool=2115,structural=2242,index=0,probe_starts=0,probe_visits=0,probe_candidates=0
PARTNER,id=194,n=32,right=true,missing=false,reverse=false,policy=Global,access=Scan,order=true,target=0,metrics=true,candidate=69,pool=131,structural=134,index=0,probe_starts=0,probe_visits=0,probe_candidates=0
PARTNER,id=195,n=32,right=true,missing=false,reverse=false,policy=Global,access=Scan,order=true,target=31,metrics=true,candidate=131,pool=131,structural=258,index=0,probe_starts=0,probe_visits=0,probe_candidates=0
PARTNER,id=196,n=32,right=true,missing=false,reverse=false,policy=Global,access=Indexed,order=false,target=0,metrics=true,candidate=7,pool=3,structural=14,index=20,probe_starts=2,probe_visits=2,probe_candidates=2
PARTNER,id=197,n=32,right=true,missing=false,reverse=false,policy=Global,access=Indexed,order=false,target=31,metrics=true,candidate=7,pool=3,structural=14,index=20,probe_starts=2,probe_visits=2,probe_candidates=2
PARTNER,id=198,n=32,right=true,missing=false,reverse=false,policy=Global,access=Indexed,order=true,target=0,metrics=true,candidate=7,pool=3,structural=10,index=12,probe_starts=0,probe_visits=0,probe_candidates=0
PARTNER,id=199,n=32,right=true,missing=false,reverse=false,policy=Global,access=Indexed,order=true,target=31,metrics=true,candidate=7,pool=3,structural=10,index=12,probe_starts=0,probe_visits=0,probe_candidates=0
PARTNER,id=200,n=32,right=true,missing=false,reverse=false,policy=Active,access=Scan,order=false,target=0,metrics=true,candidate=2279,pool=2210,structural=2506,index=0,probe_starts=0,probe_visits=0,probe_candidates=0
PARTNER,id=201,n=32,right=true,missing=false,reverse=false,policy=Active,access=Scan,order=false,target=31,metrics=true,candidate=2310,pool=2210,structural=2537,index=0,probe_starts=0,probe_visits=0,probe_candidates=0
PARTNER,id=202,n=32,right=true,missing=false,reverse=false,policy=Active,access=Scan,order=true,target=0,metrics=true,candidate=1256,pool=1218,structural=1452,index=0,probe_starts=0,probe_visits=0,probe_candidates=0
PARTNER,id=203,n=32,right=true,missing=false,reverse=false,policy=Active,access=Scan,order=true,target=31,metrics=true,candidate=1287,pool=1218,structural=1483,index=0,probe_starts=0,probe_visits=0,probe_candidates=0
PARTNER,id=204,n=32,right=true,missing=false,reverse=false,policy=Active,access=Indexed,order=false,target=0,metrics=true,candidate=171,pool=34,structural=307,index=307,probe_starts=1,probe_visits=1,probe_candidates=1
PARTNER,id=205,n=32,right=true,missing=false,reverse=false,policy=Active,access=Indexed,order=false,target=31,metrics=true,candidate=171,pool=34,structural=307,index=307,probe_starts=1,probe_visits=1,probe_candidates=1
PARTNER,id=206,n=32,right=true,missing=false,reverse=false,policy=Active,access=Indexed,order=true,target=0,metrics=true,candidate=140,pool=34,structural=243,index=303,probe_starts=0,probe_visits=0,probe_candidates=0
PARTNER,id=207,n=32,right=true,missing=false,reverse=false,policy=Active,access=Indexed,order=true,target=31,metrics=true,candidate=140,pool=34,structural=243,index=303,probe_starts=0,probe_visits=0,probe_candidates=0
PARTNER,id=208,n=32,right=true,missing=false,reverse=true,policy=Global,access=Scan,order=false,target=0,metrics=true,candidate=2115,pool=2115,structural=2242,index=0,probe_starts=0,probe_visits=0,probe_candidates=0
PARTNER,id=209,n=32,right=true,missing=false,reverse=true,policy=Global,access=Scan,order=false,target=31,metrics=true,candidate=1061,pool=1123,structural=1126,index=0,probe_starts=0,probe_visits=0,probe_candidates=0
PARTNER,id=210,n=32,right=true,missing=false,reverse=true,policy=Global,access=Scan,order=true,target=0,metrics=true,candidate=131,pool=131,structural=258,index=0,probe_starts=0,probe_visits=0,probe_candidates=0
PARTNER,id=211,n=32,right=true,missing=false,reverse=true,policy=Global,access=Scan,order=true,target=31,metrics=true,candidate=69,pool=131,structural=134,index=0,probe_starts=0,probe_visits=0,probe_candidates=0
PARTNER,id=212,n=32,right=true,missing=false,reverse=true,policy=Global,access=Indexed,order=false,target=0,metrics=true,candidate=7,pool=3,structural=14,index=20,probe_starts=2,probe_visits=2,probe_candidates=2
PARTNER,id=213,n=32,right=true,missing=false,reverse=true,policy=Global,access=Indexed,order=false,target=31,metrics=true,candidate=7,pool=3,structural=14,index=20,probe_starts=2,probe_visits=2,probe_candidates=2
PARTNER,id=214,n=32,right=true,missing=false,reverse=true,policy=Global,access=Indexed,order=true,target=0,metrics=true,candidate=7,pool=3,structural=10,index=12,probe_starts=0,probe_visits=0,probe_candidates=0
PARTNER,id=215,n=32,right=true,missing=false,reverse=true,policy=Global,access=Indexed,order=true,target=31,metrics=true,candidate=7,pool=3,structural=10,index=12,probe_starts=0,probe_visits=0,probe_candidates=0
PARTNER,id=216,n=32,right=true,missing=false,reverse=true,policy=Active,access=Scan,order=false,target=0,metrics=true,candidate=2310,pool=2210,structural=2568,index=0,probe_starts=0,probe_visits=0,probe_candidates=0
PARTNER,id=217,n=32,right=true,missing=false,reverse=true,policy=Active,access=Scan,order=false,target=31,metrics=true,candidate=2279,pool=2210,structural=2506,index=0,probe_starts=0,probe_visits=0,probe_candidates=0
PARTNER,id=218,n=32,right=true,missing=false,reverse=true,policy=Active,access=Scan,order=true,target=0,metrics=true,candidate=1287,pool=1218,structural=1514,index=0,probe_starts=0,probe_visits=0,probe_candidates=0
PARTNER,id=219,n=32,right=true,missing=false,reverse=true,policy=Active,access=Scan,order=true,target=31,metrics=true,candidate=1256,pool=1218,structural=1452,index=0,probe_starts=0,probe_visits=0,probe_candidates=0
PARTNER,id=220,n=32,right=true,missing=false,reverse=true,policy=Active,access=Indexed,order=false,target=0,metrics=true,candidate=171,pool=33,structural=307,index=307,probe_starts=1,probe_visits=1,probe_candidates=1
PARTNER,id=221,n=32,right=true,missing=false,reverse=true,policy=Active,access=Indexed,order=false,target=31,metrics=true,candidate=171,pool=33,structural=307,index=307,probe_starts=1,probe_visits=1,probe_candidates=1
PARTNER,id=222,n=32,right=true,missing=false,reverse=true,policy=Active,access=Indexed,order=true,target=0,metrics=true,candidate=140,pool=33,structural=243,index=303,probe_starts=0,probe_visits=0,probe_candidates=0
PARTNER,id=223,n=32,right=true,missing=false,reverse=true,policy=Active,access=Indexed,order=true,target=31,metrics=true,candidate=140,pool=33,structural=243,index=303,probe_starts=0,probe_visits=0,probe_candidates=0
PARTNER,id=224,n=32,right=true,missing=true,reverse=false,policy=Global,access=Scan,order=false,target=0,metrics=true,candidate=1057,pool=1057,structural=1121,index=0,probe_starts=0,probe_visits=0,probe_candidates=0
PARTNER,id=225,n=32,right=true,missing=true,reverse=false,policy=Global,access=Scan,order=false,target=31,metrics=true,candidate=1057,pool=1057,structural=1121,index=0,probe_starts=0,probe_visits=0,probe_candidates=0
PARTNER,id=226,n=32,right=true,missing=true,reverse=false,policy=Global,access=Scan,order=true,target=0,metrics=true,candidate=33,pool=33,structural=65,index=0,probe_starts=0,probe_visits=0,probe_candidates=0
PARTNER,id=227,n=32,right=true,missing=true,reverse=false,policy=Global,access=Scan,order=true,target=31,metrics=true,candidate=33,pool=33,structural=65,index=0,probe_starts=0,probe_visits=0,probe_candidates=0
PARTNER,id=228,n=32,right=true,missing=true,reverse=false,policy=Global,access=Indexed,order=false,target=0,metrics=true,candidate=1,pool=1,structural=1,index=3,probe_starts=1,probe_visits=0,probe_candidates=0
PARTNER,id=229,n=32,right=true,missing=true,reverse=false,policy=Global,access=Indexed,order=false,target=31,metrics=true,candidate=1,pool=1,structural=1,index=3,probe_starts=1,probe_visits=0,probe_candidates=0
PARTNER,id=230,n=32,right=true,missing=true,reverse=false,policy=Global,access=Indexed,order=true,target=0,metrics=true,candidate=1,pool=1,structural=1,index=3,probe_starts=0,probe_visits=0,probe_candidates=0
PARTNER,id=231,n=32,right=true,missing=true,reverse=false,policy=Global,access=Indexed,order=true,target=31,metrics=true,candidate=1,pool=1,structural=1,index=3,probe_starts=0,probe_visits=0,probe_candidates=0
PARTNER,id=232,n=32,right=true,missing=true,reverse=false,policy=Active,access=Scan,order=false,target=0,metrics=true,candidate=3299,pool=3201,structural=3554,index=0,probe_starts=0,probe_visits=0,probe_candidates=0
PARTNER,id=233,n=32,right=true,missing=true,reverse=false,policy=Active,access=Scan,order=false,target=31,metrics=true,candidate=3299,pool=3201,structural=3554,index=0,probe_starts=0,probe_visits=0,probe_candidates=0
PARTNER,id=234,n=32,right=true,missing=true,reverse=false,policy=Active,access=Scan,order=true,target=0,metrics=true,candidate=1219,pool=1153,structural=1378,index=0,probe_starts=0,probe_visits=0,probe_candidates=0
PARTNER,id=235,n=32,right=true,missing=true,reverse=false,policy=Active,access=Scan,order=true,target=31,metrics=true,candidate=1219,pool=1153,structural=1378,index=0,probe_starts=0,probe_visits=0,probe_candidates=0
PARTNER,id=236,n=32,right=true,missing=true,reverse=false,policy=Active,access=Indexed,order=false,target=0,metrics=true,candidate=131,pool=33,structural=226,index=294,probe_starts=2,probe_visits=0,probe_candidates=0
PARTNER,id=237,n=32,right=true,missing=true,reverse=false,policy=Active,access=Indexed,order=false,target=31,metrics=true,candidate=131,pool=33,structural=226,index=294,probe_starts=2,probe_visits=0,probe_candidates=0
PARTNER,id=238,n=32,right=true,missing=true,reverse=false,policy=Active,access=Indexed,order=true,target=0,metrics=true,candidate=99,pool=33,structural=162,index=294,probe_starts=0,probe_visits=0,probe_candidates=0
PARTNER,id=239,n=32,right=true,missing=true,reverse=false,policy=Active,access=Indexed,order=true,target=31,metrics=true,candidate=99,pool=33,structural=162,index=294,probe_starts=0,probe_visits=0,probe_candidates=0
PARTNER,id=240,n=32,right=true,missing=true,reverse=true,policy=Global,access=Scan,order=false,target=0,metrics=true,candidate=1057,pool=1057,structural=1121,index=0,probe_starts=0,probe_visits=0,probe_candidates=0
PARTNER,id=241,n=32,right=true,missing=true,reverse=true,policy=Global,access=Scan,order=false,target=31,metrics=true,candidate=1057,pool=1057,structural=1121,index=0,probe_starts=0,probe_visits=0,probe_candidates=0
PARTNER,id=242,n=32,right=true,missing=true,reverse=true,policy=Global,access=Scan,order=true,target=0,metrics=true,candidate=33,pool=33,structural=65,index=0,probe_starts=0,probe_visits=0,probe_candidates=0
PARTNER,id=243,n=32,right=true,missing=true,reverse=true,policy=Global,access=Scan,order=true,target=31,metrics=true,candidate=33,pool=33,structural=65,index=0,probe_starts=0,probe_visits=0,probe_candidates=0
PARTNER,id=244,n=32,right=true,missing=true,reverse=true,policy=Global,access=Indexed,order=false,target=0,metrics=true,candidate=1,pool=1,structural=1,index=3,probe_starts=1,probe_visits=0,probe_candidates=0
PARTNER,id=245,n=32,right=true,missing=true,reverse=true,policy=Global,access=Indexed,order=false,target=31,metrics=true,candidate=1,pool=1,structural=1,index=3,probe_starts=1,probe_visits=0,probe_candidates=0
PARTNER,id=246,n=32,right=true,missing=true,reverse=true,policy=Global,access=Indexed,order=true,target=0,metrics=true,candidate=1,pool=1,structural=1,index=3,probe_starts=0,probe_visits=0,probe_candidates=0
PARTNER,id=247,n=32,right=true,missing=true,reverse=true,policy=Global,access=Indexed,order=true,target=31,metrics=true,candidate=1,pool=1,structural=1,index=3,probe_starts=0,probe_visits=0,probe_candidates=0
PARTNER,id=248,n=32,right=true,missing=true,reverse=true,policy=Active,access=Scan,order=false,target=0,metrics=true,candidate=3299,pool=3201,structural=3554,index=0,probe_starts=0,probe_visits=0,probe_candidates=0
PARTNER,id=249,n=32,right=true,missing=true,reverse=true,policy=Active,access=Scan,order=false,target=31,metrics=true,candidate=3299,pool=3201,structural=3554,index=0,probe_starts=0,probe_visits=0,probe_candidates=0
PARTNER,id=250,n=32,right=true,missing=true,reverse=true,policy=Active,access=Scan,order=true,target=0,metrics=true,candidate=1219,pool=1153,structural=1378,index=0,probe_starts=0,probe_visits=0,probe_candidates=0
PARTNER,id=251,n=32,right=true,missing=true,reverse=true,policy=Active,access=Scan,order=true,target=31,metrics=true,candidate=1219,pool=1153,structural=1378,index=0,probe_starts=0,probe_visits=0,probe_candidates=0
PARTNER,id=252,n=32,right=true,missing=true,reverse=true,policy=Active,access=Indexed,order=false,target=0,metrics=true,candidate=131,pool=33,structural=226,index=294,probe_starts=2,probe_visits=0,probe_candidates=0
PARTNER,id=253,n=32,right=true,missing=true,reverse=true,policy=Active,access=Indexed,order=false,target=31,metrics=true,candidate=131,pool=33,structural=226,index=294,probe_starts=2,probe_visits=0,probe_candidates=0
PARTNER,id=254,n=32,right=true,missing=true,reverse=true,policy=Active,access=Indexed,order=true,target=0,metrics=true,candidate=99,pool=33,structural=162,index=294,probe_starts=0,probe_visits=0,probe_candidates=0
PARTNER,id=255,n=32,right=true,missing=true,reverse=true,policy=Active,access=Indexed,order=true,target=31,metrics=true,candidate=99,pool=33,structural=162,index=294,probe_starts=0,probe_visits=0,probe_candidates=0
PARTNER,id=256,n=128,right=false,missing=false,reverse=false,policy=Global,access=Scan,order=false,target=0,metrics=true,candidate=261,pool=515,structural=264,index=0,probe_starts=0,probe_visits=0,probe_candidates=0
PARTNER,id=257,n=128,right=false,missing=false,reverse=false,policy=Global,access=Scan,order=false,target=127,metrics=true,candidate=515,pool=515,structural=518,index=0,probe_starts=0,probe_visits=0,probe_candidates=0
PARTNER,id=258,n=128,right=false,missing=false,reverse=false,policy=Global,access=Scan,order=true,target=0,metrics=true,candidate=16517,pool=16771,structural=16774,index=0,probe_starts=0,probe_visits=0,probe_candidates=0
PARTNER,id=259,n=128,right=false,missing=false,reverse=false,policy=Global,access=Scan,order=true,target=127,metrics=true,candidate=33027,pool=33027,structural=33538,index=0,probe_starts=0,probe_visits=0,probe_candidates=0
PARTNER,id=260,n=128,right=false,missing=false,reverse=false,policy=Global,access=Indexed,order=false,target=0,metrics=true,candidate=7,pool=3,structural=10,index=12,probe_starts=0,probe_visits=0,probe_candidates=0
PARTNER,id=261,n=128,right=false,missing=false,reverse=false,policy=Global,access=Indexed,order=false,target=127,metrics=true,candidate=7,pool=3,structural=10,index=12,probe_starts=0,probe_visits=0,probe_candidates=0
PARTNER,id=262,n=128,right=false,missing=false,reverse=false,policy=Global,access=Indexed,order=true,target=0,metrics=true,candidate=7,pool=3,structural=14,index=20,probe_starts=2,probe_visits=2,probe_candidates=2
PARTNER,id=263,n=128,right=false,missing=false,reverse=false,policy=Global,access=Indexed,order=true,target=127,metrics=true,candidate=7,pool=3,structural=14,index=20,probe_starts=2,probe_visits=2,probe_candidates=2
PARTNER,id=264,n=128,right=false,missing=false,reverse=false,policy=Active,access=Scan,order=false,target=0,metrics=true,candidate=17288,pool=17154,structural=17679,index=0,probe_starts=0,probe_visits=0,probe_candidates=0
PARTNER,id=265,n=128,right=false,missing=false,reverse=false,policy=Active,access=Scan,order=false,target=127,metrics=true,candidate=17415,pool=17154,structural=17806,index=0,probe_starts=0,probe_visits=0,probe_candidates=0
PARTNER,id=266,n=128,right=false,missing=false,reverse=false,policy=Active,access=Scan,order=true,target=0,metrics=true,candidate=33671,pool=33410,structural=34443,index=0,probe_starts=0,probe_visits=0,probe_candidates=0
PARTNER,id=267,n=128,right=false,missing=false,reverse=false,policy=Active,access=Scan,order=true,target=127,metrics=true,candidate=33798,pool=33410,structural=34570,index=0,probe_starts=0,probe_visits=0,probe_candidates=0
PARTNER,id=268,n=128,right=false,missing=false,reverse=false,policy=Active,access=Indexed,order=false,target=0,metrics=true,candidate=524,pool=129,structural=915,index=1167,probe_starts=0,probe_visits=0,probe_candidates=0
PARTNER,id=269,n=128,right=false,missing=false,reverse=false,policy=Active,access=Indexed,order=false,target=127,metrics=true,candidate=524,pool=129,structural=915,index=1167,probe_starts=0,probe_visits=0,probe_candidates=0
PARTNER,id=270,n=128,right=false,missing=false,reverse=false,policy=Active,access=Indexed,order=true,target=0,metrics=true,candidate=651,pool=129,structural=1171,index=1171,probe_starts=1,probe_visits=1,probe_candidates=1
PARTNER,id=271,n=128,right=false,missing=false,reverse=false,policy=Active,access=Indexed,order=true,target=127,metrics=true,candidate=651,pool=129,structural=1171,index=1171,probe_starts=1,probe_visits=1,probe_candidates=1
PARTNER,id=272,n=128,right=false,missing=false,reverse=true,policy=Global,access=Scan,order=false,target=0,metrics=true,candidate=515,pool=515,structural=518,index=0,probe_starts=0,probe_visits=0,probe_candidates=0
PARTNER,id=273,n=128,right=false,missing=false,reverse=true,policy=Global,access=Scan,order=false,target=127,metrics=true,candidate=261,pool=515,structural=264,index=0,probe_starts=0,probe_visits=0,probe_candidates=0
PARTNER,id=274,n=128,right=false,missing=false,reverse=true,policy=Global,access=Scan,order=true,target=0,metrics=true,candidate=33027,pool=33027,structural=33538,index=0,probe_starts=0,probe_visits=0,probe_candidates=0
PARTNER,id=275,n=128,right=false,missing=false,reverse=true,policy=Global,access=Scan,order=true,target=127,metrics=true,candidate=16517,pool=16771,structural=16774,index=0,probe_starts=0,probe_visits=0,probe_candidates=0
PARTNER,id=276,n=128,right=false,missing=false,reverse=true,policy=Global,access=Indexed,order=false,target=0,metrics=true,candidate=7,pool=3,structural=10,index=12,probe_starts=0,probe_visits=0,probe_candidates=0
PARTNER,id=277,n=128,right=false,missing=false,reverse=true,policy=Global,access=Indexed,order=false,target=127,metrics=true,candidate=7,pool=3,structural=10,index=12,probe_starts=0,probe_visits=0,probe_candidates=0
PARTNER,id=278,n=128,right=false,missing=false,reverse=true,policy=Global,access=Indexed,order=true,target=0,metrics=true,candidate=7,pool=3,structural=14,index=20,probe_starts=2,probe_visits=2,probe_candidates=2
PARTNER,id=279,n=128,right=false,missing=false,reverse=true,policy=Global,access=Indexed,order=true,target=127,metrics=true,candidate=7,pool=3,structural=14,index=20,probe_starts=2,probe_visits=2,probe_candidates=2
PARTNER,id=280,n=128,right=false,missing=false,reverse=true,policy=Active,access=Scan,order=false,target=0,metrics=true,candidate=17415,pool=17154,structural=17806,index=0,probe_starts=0,probe_visits=0,probe_candidates=0
PARTNER,id=281,n=128,right=false,missing=false,reverse=true,policy=Active,access=Scan,order=false,target=127,metrics=true,candidate=17288,pool=17154,structural=17679,index=0,probe_starts=0,probe_visits=0,probe_candidates=0
PARTNER,id=282,n=128,right=false,missing=false,reverse=true,policy=Active,access=Scan,order=true,target=0,metrics=true,candidate=33798,pool=33410,structural=34570,index=0,probe_starts=0,probe_visits=0,probe_candidates=0
PARTNER,id=283,n=128,right=false,missing=false,reverse=true,policy=Active,access=Scan,order=true,target=127,metrics=true,candidate=33671,pool=33410,structural=34443,index=0,probe_starts=0,probe_visits=0,probe_candidates=0
PARTNER,id=284,n=128,right=false,missing=false,reverse=true,policy=Active,access=Indexed,order=false,target=0,metrics=true,candidate=524,pool=130,structural=915,index=1167,probe_starts=0,probe_visits=0,probe_candidates=0
PARTNER,id=285,n=128,right=false,missing=false,reverse=true,policy=Active,access=Indexed,order=false,target=127,metrics=true,candidate=524,pool=130,structural=915,index=1167,probe_starts=0,probe_visits=0,probe_candidates=0
PARTNER,id=286,n=128,right=false,missing=false,reverse=true,policy=Active,access=Indexed,order=true,target=0,metrics=true,candidate=651,pool=130,structural=1171,index=1171,probe_starts=1,probe_visits=1,probe_candidates=1
PARTNER,id=287,n=128,right=false,missing=false,reverse=true,policy=Active,access=Indexed,order=true,target=127,metrics=true,candidate=651,pool=130,structural=1171,index=1171,probe_starts=1,probe_visits=1,probe_candidates=1
PARTNER,id=288,n=128,right=false,missing=true,reverse=false,policy=Global,access=Scan,order=false,target=0,metrics=true,candidate=129,pool=129,structural=129,index=0,probe_starts=0,probe_visits=0,probe_candidates=0
PARTNER,id=289,n=128,right=false,missing=true,reverse=false,policy=Global,access=Scan,order=false,target=127,metrics=true,candidate=129,pool=129,structural=129,index=0,probe_starts=0,probe_visits=0,probe_candidates=0
PARTNER,id=290,n=128,right=false,missing=true,reverse=false,policy=Global,access=Scan,order=true,target=0,metrics=true,candidate=16513,pool=16513,structural=16641,index=0,probe_starts=0,probe_visits=0,probe_candidates=0
PARTNER,id=291,n=128,right=false,missing=true,reverse=false,policy=Global,access=Scan,order=true,target=127,metrics=true,candidate=16513,pool=16513,structural=16641,index=0,probe_starts=0,probe_visits=0,probe_candidates=0
PARTNER,id=292,n=128,right=false,missing=true,reverse=false,policy=Global,access=Indexed,order=false,target=0,metrics=true,candidate=1,pool=1,structural=1,index=3,probe_starts=0,probe_visits=0,probe_candidates=0
PARTNER,id=293,n=128,right=false,missing=true,reverse=false,policy=Global,access=Indexed,order=false,target=127,metrics=true,candidate=1,pool=1,structural=1,index=3,probe_starts=0,probe_visits=0,probe_candidates=0
PARTNER,id=294,n=128,right=false,missing=true,reverse=false,policy=Global,access=Indexed,order=true,target=0,metrics=true,candidate=1,pool=1,structural=1,index=3,probe_starts=1,probe_visits=0,probe_candidates=0
PARTNER,id=295,n=128,right=false,missing=true,reverse=false,policy=Global,access=Indexed,order=true,target=127,metrics=true,candidate=1,pool=1,structural=1,index=3,probe_starts=1,probe_visits=0,probe_candidates=0
PARTNER,id=296,n=128,right=false,missing=true,reverse=false,policy=Active,access=Scan,order=false,target=0,metrics=true,candidate=17155,pool=16897,structural=17410,index=0,probe_starts=0,probe_visits=0,probe_candidates=0
PARTNER,id=297,n=128,right=false,missing=true,reverse=false,policy=Active,access=Scan,order=false,target=127,metrics=true,candidate=17155,pool=16897,structural=17410,index=0,probe_starts=0,probe_visits=0,probe_candidates=0
PARTNER,id=298,n=128,right=false,missing=true,reverse=false,policy=Active,access=Scan,order=true,target=0,metrics=true,candidate=50051,pool=49665,structural=50690,index=0,probe_starts=0,probe_visits=0,probe_candidates=0
PARTNER,id=299,n=128,right=false,missing=true,reverse=false,policy=Active,access=Scan,order=true,target=127,metrics=true,candidate=50051,pool=49665,structural=50690,index=0,probe_starts=0,probe_visits=0,probe_candidates=0
PARTNER,id=300,n=128,right=false,missing=true,reverse=false,policy=Active,access=Indexed,order=false,target=0,metrics=true,candidate=387,pool=129,structural=642,index=902,probe_starts=0,probe_visits=0,probe_candidates=0
PARTNER,id=301,n=128,right=false,missing=true,reverse=false,policy=Active,access=Indexed,order=false,target=127,metrics=true,candidate=387,pool=129,structural=642,index=902,probe_starts=0,probe_visits=0,probe_candidates=0
PARTNER,id=302,n=128,right=false,missing=true,reverse=false,policy=Active,access=Indexed,order=true,target=0,metrics=true,candidate=515,pool=129,structural=898,index=902,probe_starts=2,probe_visits=0,probe_candidates=0
PARTNER,id=303,n=128,right=false,missing=true,reverse=false,policy=Active,access=Indexed,order=true,target=127,metrics=true,candidate=515,pool=129,structural=898,index=902,probe_starts=2,probe_visits=0,probe_candidates=0
PARTNER,id=304,n=128,right=false,missing=true,reverse=true,policy=Global,access=Scan,order=false,target=0,metrics=true,candidate=129,pool=129,structural=129,index=0,probe_starts=0,probe_visits=0,probe_candidates=0
PARTNER,id=305,n=128,right=false,missing=true,reverse=true,policy=Global,access=Scan,order=false,target=127,metrics=true,candidate=129,pool=129,structural=129,index=0,probe_starts=0,probe_visits=0,probe_candidates=0
PARTNER,id=306,n=128,right=false,missing=true,reverse=true,policy=Global,access=Scan,order=true,target=0,metrics=true,candidate=16513,pool=16513,structural=16641,index=0,probe_starts=0,probe_visits=0,probe_candidates=0
PARTNER,id=307,n=128,right=false,missing=true,reverse=true,policy=Global,access=Scan,order=true,target=127,metrics=true,candidate=16513,pool=16513,structural=16641,index=0,probe_starts=0,probe_visits=0,probe_candidates=0
PARTNER,id=308,n=128,right=false,missing=true,reverse=true,policy=Global,access=Indexed,order=false,target=0,metrics=true,candidate=1,pool=1,structural=1,index=3,probe_starts=0,probe_visits=0,probe_candidates=0
PARTNER,id=309,n=128,right=false,missing=true,reverse=true,policy=Global,access=Indexed,order=false,target=127,metrics=true,candidate=1,pool=1,structural=1,index=3,probe_starts=0,probe_visits=0,probe_candidates=0
PARTNER,id=310,n=128,right=false,missing=true,reverse=true,policy=Global,access=Indexed,order=true,target=0,metrics=true,candidate=1,pool=1,structural=1,index=3,probe_starts=1,probe_visits=0,probe_candidates=0
PARTNER,id=311,n=128,right=false,missing=true,reverse=true,policy=Global,access=Indexed,order=true,target=127,metrics=true,candidate=1,pool=1,structural=1,index=3,probe_starts=1,probe_visits=0,probe_candidates=0
PARTNER,id=312,n=128,right=false,missing=true,reverse=true,policy=Active,access=Scan,order=false,target=0,metrics=true,candidate=17155,pool=16897,structural=17410,index=0,probe_starts=0,probe_visits=0,probe_candidates=0
PARTNER,id=313,n=128,right=false,missing=true,reverse=true,policy=Active,access=Scan,order=false,target=127,metrics=true,candidate=17155,pool=16897,structural=17410,index=0,probe_starts=0,probe_visits=0,probe_candidates=0
PARTNER,id=314,n=128,right=false,missing=true,reverse=true,policy=Active,access=Scan,order=true,target=0,metrics=true,candidate=50051,pool=49665,structural=50690,index=0,probe_starts=0,probe_visits=0,probe_candidates=0
PARTNER,id=315,n=128,right=false,missing=true,reverse=true,policy=Active,access=Scan,order=true,target=127,metrics=true,candidate=50051,pool=49665,structural=50690,index=0,probe_starts=0,probe_visits=0,probe_candidates=0
PARTNER,id=316,n=128,right=false,missing=true,reverse=true,policy=Active,access=Indexed,order=false,target=0,metrics=true,candidate=387,pool=129,structural=642,index=902,probe_starts=0,probe_visits=0,probe_candidates=0
PARTNER,id=317,n=128,right=false,missing=true,reverse=true,policy=Active,access=Indexed,order=false,target=127,metrics=true,candidate=387,pool=129,structural=642,index=902,probe_starts=0,probe_visits=0,probe_candidates=0
PARTNER,id=318,n=128,right=false,missing=true,reverse=true,policy=Active,access=Indexed,order=true,target=0,metrics=true,candidate=515,pool=129,structural=898,index=902,probe_starts=2,probe_visits=0,probe_candidates=0
PARTNER,id=319,n=128,right=false,missing=true,reverse=true,policy=Active,access=Indexed,order=true,target=127,metrics=true,candidate=515,pool=129,structural=898,index=902,probe_starts=2,probe_visits=0,probe_candidates=0
PARTNER,id=320,n=128,right=true,missing=false,reverse=false,policy=Global,access=Scan,order=false,target=0,metrics=true,candidate=16517,pool=16771,structural=16774,index=0,probe_starts=0,probe_visits=0,probe_candidates=0
PARTNER,id=321,n=128,right=true,missing=false,reverse=false,policy=Global,access=Scan,order=false,target=127,metrics=true,candidate=33027,pool=33027,structural=33538,index=0,probe_starts=0,probe_visits=0,probe_candidates=0
PARTNER,id=322,n=128,right=true,missing=false,reverse=false,policy=Global,access=Scan,order=true,target=0,metrics=true,candidate=261,pool=515,structural=518,index=0,probe_starts=0,probe_visits=0,probe_candidates=0
PARTNER,id=323,n=128,right=true,missing=false,reverse=false,policy=Global,access=Scan,order=true,target=127,metrics=true,candidate=515,pool=515,structural=1026,index=0,probe_starts=0,probe_visits=0,probe_candidates=0
PARTNER,id=324,n=128,right=true,missing=false,reverse=false,policy=Global,access=Indexed,order=false,target=0,metrics=true,candidate=7,pool=3,structural=14,index=20,probe_starts=2,probe_visits=2,probe_candidates=2
PARTNER,id=325,n=128,right=true,missing=false,reverse=false,policy=Global,access=Indexed,order=false,target=127,metrics=true,candidate=7,pool=3,structural=14,index=20,probe_starts=2,probe_visits=2,probe_candidates=2
PARTNER,id=326,n=128,right=true,missing=false,reverse=false,policy=Global,access=Indexed,order=true,target=0,metrics=true,candidate=7,pool=3,structural=10,index=12,probe_starts=0,probe_visits=0,probe_candidates=0
PARTNER,id=327,n=128,right=true,missing=false,reverse=false,policy=Global,access=Indexed,order=true,target=127,metrics=true,candidate=7,pool=3,structural=10,index=12,probe_starts=0,probe_visits=0,probe_candidates=0
PARTNER,id=328,n=128,right=true,missing=false,reverse=false,policy=Active,access=Scan,order=false,target=0,metrics=true,candidate=33671,pool=33410,structural=34570,index=0,probe_starts=0,probe_visits=0,probe_candidates=0
PARTNER,id=329,n=128,right=true,missing=false,reverse=false,policy=Active,access=Scan,order=false,target=127,metrics=true,candidate=33798,pool=33410,structural=34697,index=0,probe_starts=0,probe_visits=0,probe_candidates=0
PARTNER,id=330,n=128,right=true,missing=false,reverse=false,policy=Active,access=Scan,order=true,target=0,metrics=true,candidate=17288,pool=17154,structural=18060,index=0,probe_starts=0,probe_visits=0,probe_candidates=0
PARTNER,id=331,n=128,right=true,missing=false,reverse=false,policy=Active,access=Scan,order=true,target=127,metrics=true,candidate=17415,pool=17154,structural=18187,index=0,probe_starts=0,probe_visits=0,probe_candidates=0
PARTNER,id=332,n=128,right=true,missing=false,reverse=false,policy=Active,access=Indexed,order=false,target=0,metrics=true,candidate=651,pool=130,structural=1171,index=1171,probe_starts=1,probe_visits=1,probe_candidates=1
PARTNER,id=333,n=128,right=true,missing=false,reverse=false,policy=Active,access=Indexed,order=false,target=127,metrics=true,candidate=651,pool=130,structural=1171,index=1171,probe_starts=1,probe_visits=1,probe_candidates=1
PARTNER,id=334,n=128,right=true,missing=false,reverse=false,policy=Active,access=Indexed,order=true,target=0,metrics=true,candidate=524,pool=130,structural=915,index=1167,probe_starts=0,probe_visits=0,probe_candidates=0
PARTNER,id=335,n=128,right=true,missing=false,reverse=false,policy=Active,access=Indexed,order=true,target=127,metrics=true,candidate=524,pool=130,structural=915,index=1167,probe_starts=0,probe_visits=0,probe_candidates=0
PARTNER,id=336,n=128,right=true,missing=false,reverse=true,policy=Global,access=Scan,order=false,target=0,metrics=true,candidate=33027,pool=33027,structural=33538,index=0,probe_starts=0,probe_visits=0,probe_candidates=0
PARTNER,id=337,n=128,right=true,missing=false,reverse=true,policy=Global,access=Scan,order=false,target=127,metrics=true,candidate=16517,pool=16771,structural=16774,index=0,probe_starts=0,probe_visits=0,probe_candidates=0
PARTNER,id=338,n=128,right=true,missing=false,reverse=true,policy=Global,access=Scan,order=true,target=0,metrics=true,candidate=515,pool=515,structural=1026,index=0,probe_starts=0,probe_visits=0,probe_candidates=0
PARTNER,id=339,n=128,right=true,missing=false,reverse=true,policy=Global,access=Scan,order=true,target=127,metrics=true,candidate=261,pool=515,structural=518,index=0,probe_starts=0,probe_visits=0,probe_candidates=0
PARTNER,id=340,n=128,right=true,missing=false,reverse=true,policy=Global,access=Indexed,order=false,target=0,metrics=true,candidate=7,pool=3,structural=14,index=20,probe_starts=2,probe_visits=2,probe_candidates=2
PARTNER,id=341,n=128,right=true,missing=false,reverse=true,policy=Global,access=Indexed,order=false,target=127,metrics=true,candidate=7,pool=3,structural=14,index=20,probe_starts=2,probe_visits=2,probe_candidates=2
PARTNER,id=342,n=128,right=true,missing=false,reverse=true,policy=Global,access=Indexed,order=true,target=0,metrics=true,candidate=7,pool=3,structural=10,index=12,probe_starts=0,probe_visits=0,probe_candidates=0
PARTNER,id=343,n=128,right=true,missing=false,reverse=true,policy=Global,access=Indexed,order=true,target=127,metrics=true,candidate=7,pool=3,structural=10,index=12,probe_starts=0,probe_visits=0,probe_candidates=0
PARTNER,id=344,n=128,right=true,missing=false,reverse=true,policy=Active,access=Scan,order=false,target=0,metrics=true,candidate=33798,pool=33410,structural=34824,index=0,probe_starts=0,probe_visits=0,probe_candidates=0
PARTNER,id=345,n=128,right=true,missing=false,reverse=true,policy=Active,access=Scan,order=false,target=127,metrics=true,candidate=33671,pool=33410,structural=34570,index=0,probe_starts=0,probe_visits=0,probe_candidates=0
PARTNER,id=346,n=128,right=true,missing=false,reverse=true,policy=Active,access=Scan,order=true,target=0,metrics=true,candidate=17415,pool=17154,structural=18314,index=0,probe_starts=0,probe_visits=0,probe_candidates=0
PARTNER,id=347,n=128,right=true,missing=false,reverse=true,policy=Active,access=Scan,order=true,target=127,metrics=true,candidate=17288,pool=17154,structural=18060,index=0,probe_starts=0,probe_visits=0,probe_candidates=0
PARTNER,id=348,n=128,right=true,missing=false,reverse=true,policy=Active,access=Indexed,order=false,target=0,metrics=true,candidate=651,pool=129,structural=1171,index=1171,probe_starts=1,probe_visits=1,probe_candidates=1
PARTNER,id=349,n=128,right=true,missing=false,reverse=true,policy=Active,access=Indexed,order=false,target=127,metrics=true,candidate=651,pool=129,structural=1171,index=1171,probe_starts=1,probe_visits=1,probe_candidates=1
PARTNER,id=350,n=128,right=true,missing=false,reverse=true,policy=Active,access=Indexed,order=true,target=0,metrics=true,candidate=524,pool=129,structural=915,index=1167,probe_starts=0,probe_visits=0,probe_candidates=0
PARTNER,id=351,n=128,right=true,missing=false,reverse=true,policy=Active,access=Indexed,order=true,target=127,metrics=true,candidate=524,pool=129,structural=915,index=1167,probe_starts=0,probe_visits=0,probe_candidates=0
PARTNER,id=352,n=128,right=true,missing=true,reverse=false,policy=Global,access=Scan,order=false,target=0,metrics=true,candidate=16513,pool=16513,structural=16769,index=0,probe_starts=0,probe_visits=0,probe_candidates=0
PARTNER,id=353,n=128,right=true,missing=true,reverse=false,policy=Global,access=Scan,order=false,target=127,metrics=true,candidate=16513,pool=16513,structural=16769,index=0,probe_starts=0,probe_visits=0,probe_candidates=0
PARTNER,id=354,n=128,right=true,missing=true,reverse=false,policy=Global,access=Scan,order=true,target=0,metrics=true,candidate=129,pool=129,structural=257,index=0,probe_starts=0,probe_visits=0,probe_candidates=0
PARTNER,id=355,n=128,right=true,missing=true,reverse=false,policy=Global,access=Scan,order=true,target=127,metrics=true,candidate=129,pool=129,structural=257,index=0,probe_starts=0,probe_visits=0,probe_candidates=0
PARTNER,id=356,n=128,right=true,missing=true,reverse=false,policy=Global,access=Indexed,order=false,target=0,metrics=true,candidate=1,pool=1,structural=1,index=3,probe_starts=1,probe_visits=0,probe_candidates=0
PARTNER,id=357,n=128,right=true,missing=true,reverse=false,policy=Global,access=Indexed,order=false,target=127,metrics=true,candidate=1,pool=1,structural=1,index=3,probe_starts=1,probe_visits=0,probe_candidates=0
PARTNER,id=358,n=128,right=true,missing=true,reverse=false,policy=Global,access=Indexed,order=true,target=0,metrics=true,candidate=1,pool=1,structural=1,index=3,probe_starts=0,probe_visits=0,probe_candidates=0
PARTNER,id=359,n=128,right=true,missing=true,reverse=false,policy=Global,access=Indexed,order=true,target=127,metrics=true,candidate=1,pool=1,structural=1,index=3,probe_starts=0,probe_visits=0,probe_candidates=0
PARTNER,id=360,n=128,right=true,missing=true,reverse=false,policy=Active,access=Scan,order=false,target=0,metrics=true,candidate=50051,pool=49665,structural=51074,index=0,probe_starts=0,probe_visits=0,probe_candidates=0
PARTNER,id=361,n=128,right=true,missing=true,reverse=false,policy=Active,access=Scan,order=false,target=127,metrics=true,candidate=50051,pool=49665,structural=51074,index=0,probe_starts=0,probe_visits=0,probe_candidates=0
PARTNER,id=362,n=128,right=true,missing=true,reverse=false,policy=Active,access=Scan,order=true,target=0,metrics=true,candidate=17155,pool=16897,structural=17794,index=0,probe_starts=0,probe_visits=0,probe_candidates=0
PARTNER,id=363,n=128,right=true,missing=true,reverse=false,policy=Active,access=Scan,order=true,target=127,metrics=true,candidate=17155,pool=16897,structural=17794,index=0,probe_starts=0,probe_visits=0,probe_candidates=0
PARTNER,id=364,n=128,right=true,missing=true,reverse=false,policy=Active,access=Indexed,order=false,target=0,metrics=true,candidate=515,pool=129,structural=898,index=1158,probe_starts=2,probe_visits=0,probe_candidates=0
PARTNER,id=365,n=128,right=true,missing=true,reverse=false,policy=Active,access=Indexed,order=false,target=127,metrics=true,candidate=515,pool=129,structural=898,index=1158,probe_starts=2,probe_visits=0,probe_candidates=0
PARTNER,id=366,n=128,right=true,missing=true,reverse=false,policy=Active,access=Indexed,order=true,target=0,metrics=true,candidate=387,pool=129,structural=642,index=1158,probe_starts=0,probe_visits=0,probe_candidates=0
PARTNER,id=367,n=128,right=true,missing=true,reverse=false,policy=Active,access=Indexed,order=true,target=127,metrics=true,candidate=387,pool=129,structural=642,index=1158,probe_starts=0,probe_visits=0,probe_candidates=0
PARTNER,id=368,n=128,right=true,missing=true,reverse=true,policy=Global,access=Scan,order=false,target=0,metrics=true,candidate=16513,pool=16513,structural=16769,index=0,probe_starts=0,probe_visits=0,probe_candidates=0
PARTNER,id=369,n=128,right=true,missing=true,reverse=true,policy=Global,access=Scan,order=false,target=127,metrics=true,candidate=16513,pool=16513,structural=16769,index=0,probe_starts=0,probe_visits=0,probe_candidates=0
PARTNER,id=370,n=128,right=true,missing=true,reverse=true,policy=Global,access=Scan,order=true,target=0,metrics=true,candidate=129,pool=129,structural=257,index=0,probe_starts=0,probe_visits=0,probe_candidates=0
PARTNER,id=371,n=128,right=true,missing=true,reverse=true,policy=Global,access=Scan,order=true,target=127,metrics=true,candidate=129,pool=129,structural=257,index=0,probe_starts=0,probe_visits=0,probe_candidates=0
PARTNER,id=372,n=128,right=true,missing=true,reverse=true,policy=Global,access=Indexed,order=false,target=0,metrics=true,candidate=1,pool=1,structural=1,index=3,probe_starts=1,probe_visits=0,probe_candidates=0
PARTNER,id=373,n=128,right=true,missing=true,reverse=true,policy=Global,access=Indexed,order=false,target=127,metrics=true,candidate=1,pool=1,structural=1,index=3,probe_starts=1,probe_visits=0,probe_candidates=0
PARTNER,id=374,n=128,right=true,missing=true,reverse=true,policy=Global,access=Indexed,order=true,target=0,metrics=true,candidate=1,pool=1,structural=1,index=3,probe_starts=0,probe_visits=0,probe_candidates=0
PARTNER,id=375,n=128,right=true,missing=true,reverse=true,policy=Global,access=Indexed,order=true,target=127,metrics=true,candidate=1,pool=1,structural=1,index=3,probe_starts=0,probe_visits=0,probe_candidates=0
PARTNER,id=376,n=128,right=true,missing=true,reverse=true,policy=Active,access=Scan,order=false,target=0,metrics=true,candidate=50051,pool=49665,structural=51074,index=0,probe_starts=0,probe_visits=0,probe_candidates=0
PARTNER,id=377,n=128,right=true,missing=true,reverse=true,policy=Active,access=Scan,order=false,target=127,metrics=true,candidate=50051,pool=49665,structural=51074,index=0,probe_starts=0,probe_visits=0,probe_candidates=0
PARTNER,id=378,n=128,right=true,missing=true,reverse=true,policy=Active,access=Scan,order=true,target=0,metrics=true,candidate=17155,pool=16897,structural=17794,index=0,probe_starts=0,probe_visits=0,probe_candidates=0
PARTNER,id=379,n=128,right=true,missing=true,reverse=true,policy=Active,access=Scan,order=true,target=127,metrics=true,candidate=17155,pool=16897,structural=17794,index=0,probe_starts=0,probe_visits=0,probe_candidates=0
PARTNER,id=380,n=128,right=true,missing=true,reverse=true,policy=Active,access=Indexed,order=false,target=0,metrics=true,candidate=515,pool=129,structural=898,index=1158,probe_starts=2,probe_visits=0,probe_candidates=0
PARTNER,id=381,n=128,right=true,missing=true,reverse=true,policy=Active,access=Indexed,order=false,target=127,metrics=true,candidate=515,pool=129,structural=898,index=1158,probe_starts=2,probe_visits=0,probe_candidates=0
PARTNER,id=382,n=128,right=true,missing=true,reverse=true,policy=Active,access=Indexed,order=true,target=0,metrics=true,candidate=387,pool=129,structural=642,index=1158,probe_starts=0,probe_visits=0,probe_candidates=0
PARTNER,id=383,n=128,right=true,missing=true,reverse=true,policy=Active,access=Indexed,order=true,target=127,metrics=true,candidate=387,pool=129,structural=642,index=1158,probe_starts=0,probe_visits=0,probe_candidates=0
test opposite_keys_preserve_complete_unique_answers ... ok

test result: ok. 2 passed; 0 failed; 0 ignored; 0 measured; 0 filtered out; finished in 1.27s

     Running tests/selective_probe.rs (target/debug/deps/selective_probe-fec8a06521e43fd5)

running 4 tests
PROBE_BROAD,n=8,access=Scan,metrics=true,candidate=77,structural=94,index=0,probe_starts=0,probe_visits=0,probe_candidates=0
PROBE_BROAD,n=8,access=Indexed,metrics=true,candidate=21,structural=38,index=47,probe_starts=0,probe_visits=0,probe_candidates=0
PROBE_BROAD,n=32,access=Scan,metrics=true,candidate=1061,structural=1126,index=0,probe_starts=0,probe_visits=0,probe_candidates=0
PROBE_BROAD,n=32,access=Indexed,metrics=true,candidate=69,structural=134,index=167,probe_starts=0,probe_visits=0,probe_candidates=0
test selective_probe_avoids_unkeyed_prefix_and_keeps_source_result ... ok
PROBE_BROAD,n=128,access=Scan,metrics=true,candidate=16517,structural=16774,index=0,probe_starts=0,probe_visits=0,probe_candidates=0
PROBE_OPEN,cases=32
test aliases_constructors_duplicates_and_binding_updates_keep_traces ... ok
PROBE_BROAD,n=128,access=Indexed,metrics=true,candidate=261,structural=518,index=647,probe_starts=0,probe_visits=0,probe_candidates=0
test broad_probe_retains_duplicates_and_exposes_extra_work ... ok
PROBE_GROUND,cases=2048
test all_small_ground_relations_keep_first_legal_tuple ... ok

test result: ok. 4 passed; 0 failed; 0 ignored; 0 measured; 0 filtered out; finished in 0.13s
