family,choices,depth,history,reverse,consumer,mode,counted,median_ns,min_ns,max_ns,requested_bytes,peak_excess,signal_limited
common,0,0,False,False,all,active-indexed,False,136211,131031,207750,88891,17334,False
common,0,0,False,False,all,active-indexed,True,155424,134119,220729,95272,17861,False
common,0,0,False,False,all,active-native-indexed,False,172148,133366,216192,89147,17358,False
common,0,0,False,False,all,active-native-indexed,True,167140,154841,301681,95528,17885,False
common,0,0,False,False,all,active-native-scan,False,150135,139380,162842,81691,16270,False
common,0,0,False,False,all,active-native-scan,True,167042,142467,291264,88072,16797,False
common,0,0,False,False,all,active-scan,False,124226,116792,148805,78587,16038,False
common,0,0,False,False,all,active-scan,True,148347,130551,267035,84968,16565,False
common,0,0,False,False,all,birth,False,126684,89252,178018,79483,17641,False
common,0,0,False,False,all,birth,True,118513,111914,168397,85864,18168,False
common,0,0,False,False,all,birth-miss,False,95900,87989,123989,79455,17649,False
common,0,0,False,False,all,birth-miss,True,120443,112287,162876,85836,18176,False
common,0,0,False,False,all,birth-miss-template,False,120311,108446,160728,95715,20425,False
common,0,0,False,False,all,birth-miss-template,True,152963,142359,241001,102096,20952,False
common,0,0,False,False,all,conditional,False,264718,237312,358288,273432,21786,False
common,0,0,False,False,all,conditional,True,287952,250898,487207,279813,22313,False
common,0,0,False,False,all,indexed,False,149460,136387,267254,96003,17382,False
common,0,0,False,False,all,indexed,True,153266,140081,171070,102384,17909,False
common,0,0,False,False,all,native-indexed,False,158981,151521,499701,93507,17278,False
common,0,0,False,False,all,native-indexed,True,160110,151484,234686,99888,17805,False
common,0,0,False,False,all,native-scan,False,145037,123129,149849,78555,15190,False
common,0,0,False,False,all,native-scan,True,169563,135605,211244,84936,15717,False
common,0,0,False,False,all,scan,False,110329,102548,163018,74843,14958,False
common,0,0,False,False,all,scan,True,147115,98970,522225,81224,15485,False
common,0,0,False,False,all,sealed-indexed,False,160880,133777,188901,96625,18046,False
common,0,0,False,False,all,sealed-indexed,True,155412,145804,203736,103006,18573,False
common,0,0,False,False,all,sealed-scan,False,136129,112591,190824,75465,15622,False
common,0,0,False,False,all,sealed-scan,True,138223,120817,187529,81846,16149,False
common,0,0,False,False,immediate,active-indexed,False,137290,130575,234833,88891,15126,False
common,0,0,False,False,immediate,active-indexed,True,160740,148618,285887,95272,15653,False
common,0,0,False,False,immediate,active-native-indexed,False,166456,119697,260629,89147,15150,False
common,0,0,False,False,immediate,active-native-indexed,True,159063,146499,250973,95528,15677,False
common,0,0,False,False,immediate,active-native-scan,False,126195,120072,199626,81691,14062,False
common,0,0,False,False,immediate,active-native-scan,True,166507,138194,202732,88072,14589,False
common,0,0,False,False,immediate,active-scan,False,146867,107761,234704,78587,13830,False
common,0,0,False,False,immediate,active-scan,True,146859,136185,172576,84968,14357,False
common,0,0,False,False,immediate,birth,False,88645,85497,126206,79483,13921,False
common,0,0,False,False,immediate,birth,True,114729,99840,132837,85864,14448,False
common,0,0,False,False,immediate,birth-miss,False,87125,65398,90706,79455,13929,False
common,0,0,False,False,immediate,birth-miss,True,118951,108367,154500,85836,14456,False
common,0,0,False,False,immediate,birth-miss-template,False,115638,103488,152141,95715,16705,False
common,0,0,False,False,immediate,birth-miss-template,True,130474,120131,158480,102096,17232,False
common,0,0,False,False,immediate,conditional,False,258710,242169,273761,273432,19434,False
common,0,0,False,False,immediate,conditional,True,262140,260229,389815,279813,19961,False
common,0,0,False,False,immediate,indexed,False,132620,112842,147950,96003,15174,False
common,0,0,False,False,immediate,indexed,True,157980,134486,176865,102384,15701,False
common,0,0,False,False,immediate,native-indexed,False,166742,110661,187602,93507,15070,False
common,0,0,False,False,immediate,native-indexed,True,193716,164622,219434,99888,15597,False
common,0,0,False,False,immediate,native-scan,False,144600,113412,181427,78555,12982,False
common,0,0,False,False,immediate,native-scan,True,142938,134314,167089,84936,13509,False
common,0,0,False,False,immediate,scan,False,110033,88442,176721,74843,12750,False
common,0,0,False,False,immediate,scan,True,128444,114695,168448,81224,13277,False
common,0,0,False,False,immediate,sealed-indexed,False,172602,159178,190260,96625,15838,False
common,0,0,False,False,immediate,sealed-indexed,True,154698,141536,331169,103006,16365,False
common,0,0,False,False,immediate,sealed-scan,False,132069,102542,140564,75465,13414,False
common,0,0,False,False,immediate,sealed-scan,True,133624,105741,148098,81846,13941,False
common,0,0,False,False,window,active-indexed,False,130623,110942,169785,88891,16598,False
common,0,0,False,False,window,active-indexed,True,139724,124901,236205,95272,17125,False
common,0,0,False,False,window,active-native-indexed,False,147143,124313,201710,89147,16622,False
common,0,0,False,False,window,active-native-indexed,True,178536,159854,259329,95528,17149,False
common,0,0,False,False,window,active-native-scan,False,153840,127075,297479,81691,15534,False
common,0,0,False,False,window,active-native-scan,True,155424,140210,248179,88072,16061,False
common,0,0,False,False,window,active-scan,False,121780,118553,179531,78587,15302,False
common,0,0,False,False,window,active-scan,True,145018,130040,173459,84968,15829,False
common,0,0,False,False,window,birth,False,89367,80083,194465,79483,16401,False
common,0,0,False,False,window,birth,True,125427,116311,150867,85864,16928,False
common,0,0,False,False,window,birth-miss,False,93167,86103,128452,79455,16409,False
common,0,0,False,False,window,birth-miss,True,125625,110675,162268,85836,16936,False
common,0,0,False,False,window,birth-miss-template,False,109941,102045,177065,95715,19185,False
common,0,0,False,False,window,birth-miss-template,True,136394,132197,231231,102096,19712,False
common,0,0,False,False,window,conditional,False,308471,256686,336005,273432,21002,False
common,0,0,False,False,window,conditional,True,293048,266166,392554,279813,21529,False
common,0,0,False,False,window,indexed,False,143851,127533,211233,96003,16646,False
common,0,0,False,False,window,indexed,True,141271,137099,308613,102384,17173,False
common,0,0,False,False,window,native-indexed,False,140773,129885,251584,93507,16542,False
common,0,0,False,False,window,native-indexed,True,176535,132098,223329,99888,17069,False
common,0,0,False,False,window,native-scan,False,132476,110399,198812,78555,14454,False
common,0,0,False,False,window,native-scan,True,145431,134722,176859,84936,14981,False
common,0,0,False,False,window,scan,False,114016,98596,187244,74843,14222,False
common,0,0,False,False,window,scan,True,144654,114294,184924,81224,14749,False
common,0,0,False,False,window,sealed-indexed,False,140159,119651,200637,96625,17310,False
common,0,0,False,False,window,sealed-indexed,True,145760,134154,230439,103006,17837,False
common,0,0,False,False,window,sealed-scan,False,115531,98715,152348,75465,14886,False
common,0,0,False,False,window,sealed-scan,True,139657,112769,187462,81846,15413,False
common,0,0,False,True,all,active-indexed,False,134875,123921,204039,88507,17334,False
common,0,0,False,True,all,active-indexed,True,158109,137107,270195,94888,17861,False
common,0,0,False,True,all,active-native-indexed,False,162728,132436,590352,89019,17358,False
common,0,0,False,True,all,active-native-indexed,True,155215,130831,219578,95400,17885,False
common,0,0,False,True,all,active-native-scan,False,151441,133534,300871,81563,16270,False
common,0,0,False,True,all,active-native-scan,True,154333,131880,203171,87944,16797,False
common,0,0,False,True,all,active-scan,False,110077,104595,163591,78203,16038,False
common,0,0,False,True,all,active-scan,True,145351,116431,197908,84584,16565,False
common,0,0,False,True,all,birth,False,94751,84148,144417,79483,17641,False
common,0,0,False,True,all,birth,True,110214,102102,189256,85864,18168,False
common,0,0,False,True,all,birth-miss,False,95204,86767,119144,79455,17649,False
common,0,0,False,True,all,birth-miss,True,116756,105315,167494,85836,18176,False
common,0,0,False,True,all,birth-miss-template,False,119095,112646,162556,95715,20425,False
common,0,0,False,True,all,birth-miss-template,True,143194,127105,197049,102096,20952,False
common,0,0,False,True,all,conditional,False,336697,247086,470496,273432,21786,False
common,0,0,False,True,all,conditional,True,273513,258151,379987,279813,22313,False
common,0,0,False,True,all,indexed,False,130504,115863,282396,96003,17382,False
common,0,0,False,True,all,indexed,True,180234,140330,275915,102384,17909,False
common,0,0,False,True,all,native-indexed,False,155685,125718,200184,93507,17278,False
common,0,0,False,True,all,native-indexed,True,153148,146481,246555,99888,17805,False
common,0,0,False,True,all,native-scan,False,130003,119041,205938,78555,15190,False
common,0,0,False,True,all,native-scan,True,163259,121920,181920,84936,15717,False
common,0,0,False,True,all,scan,False,115996,103133,131021,74843,14958,False
common,0,0,False,True,all,scan,True,127623,114561,192433,81224,15485,False
common,0,0,False,True,all,sealed-indexed,False,188918,112708,650019,96625,18046,False
common,0,0,False,True,all,sealed-indexed,True,155790,135797,243114,103006,18573,False
common,0,0,False,True,all,sealed-scan,False,112323,104623,166530,75465,15622,False
common,0,0,False,True,all,sealed-scan,True,128313,115959,267811,81846,16149,False
common,0,0,False,True,immediate,active-indexed,False,139552,117871,156486,88507,15126,False
common,0,0,False,True,immediate,active-indexed,True,151933,132497,203863,94888,15653,False
common,0,0,False,True,immediate,active-native-indexed,False,142199,133541,262352,89019,15150,False
common,0,0,False,True,immediate,active-native-indexed,True,171583,137466,190333,95400,15677,False
common,0,0,False,True,immediate,active-native-scan,False,136451,115743,205026,81563,14062,False
common,0,0,False,True,immediate,active-native-scan,True,154129,137934,196063,87944,14589,False
common,0,0,False,True,immediate,active-scan,False,132391,114225,198722,78203,13830,False
common,0,0,False,True,immediate,active-scan,True,138691,118845,191790,84584,14357,False
common,0,0,False,True,immediate,birth,False,96344,78681,110541,79483,13921,False
common,0,0,False,True,immediate,birth,True,118292,105508,155836,85864,14448,False
common,0,0,False,True,immediate,birth-miss,False,98035,87313,122669,79455,13929,False
common,0,0,False,True,immediate,birth-miss,True,119806,113520,131276,85836,14456,False
common,0,0,False,True,immediate,birth-miss-template,False,135148,110310,244155,95715,16705,False
common,0,0,False,True,immediate,birth-miss-template,True,129387,124516,185863,102096,17232,False
common,0,0,False,True,immediate,conditional,False,256336,251824,382910,273432,19434,False
common,0,0,False,True,immediate,conditional,True,278006,223557,290397,279813,19961,False
common,0,0,False,True,immediate,indexed,False,151918,122779,223969,96003,15174,False
common,0,0,False,True,immediate,indexed,True,146135,141228,268740,102384,15701,False
common,0,0,False,True,immediate,native-indexed,False,148724,131372,204273,93507,15070,False
common,0,0,False,True,immediate,native-indexed,True,155399,139824,203725,99888,15597,False
common,0,0,False,True,immediate,native-scan,False,133884,122958,197413,78555,12982,False
common,0,0,False,True,immediate,native-scan,True,152424,143414,237698,84936,13509,False
common,0,0,False,True,immediate,scan,False,114929,100050,147915,74843,12750,False
common,0,0,False,True,immediate,scan,True,136479,113151,145848,81224,13277,False
common,0,0,False,True,immediate,sealed-indexed,False,150853,123857,198655,96625,15838,False
common,0,0,False,True,immediate,sealed-indexed,True,159931,148881,252776,103006,16365,False
common,0,0,False,True,immediate,sealed-scan,False,113746,101252,125266,75465,13414,False
common,0,0,False,True,immediate,sealed-scan,True,138074,122170,189608,81846,13941,False
common,0,0,False,True,window,active-indexed,False,135442,115666,151972,88507,16598,False
common,0,0,False,True,window,active-indexed,True,148194,139863,176437,94888,17125,False
common,0,0,False,True,window,active-native-indexed,False,142349,139571,189743,89019,16622,False
common,0,0,False,True,window,active-native-indexed,True,156017,153790,255539,95400,17149,False
common,0,0,False,True,window,active-native-scan,False,133852,114677,158152,81563,15534,False
common,0,0,False,True,window,active-native-scan,True,144369,137620,165677,87944,16061,False
common,0,0,False,True,window,active-scan,False,120083,114943,135460,78203,15302,False
common,0,0,False,True,window,active-scan,True,130521,115999,176996,84584,15829,False
common,0,0,False,True,window,birth,False,100082,82408,168517,79483,16401,False
common,0,0,False,True,window,birth,True,113176,105208,131689,85864,16928,False
common,0,0,False,True,window,birth-miss,False,94695,88330,104317,79455,16409,False
common,0,0,False,True,window,birth-miss,True,119266,104434,122557,85836,16936,False
common,0,0,False,True,window,birth-miss-template,False,107644,105394,135112,95715,19185,False
common,0,0,False,True,window,birth-miss-template,True,145891,128001,147922,102096,19712,False
common,0,0,False,True,window,conditional,False,260314,219540,279481,273432,21002,False
common,0,0,False,True,window,conditional,True,262038,245561,303273,279813,21529,False
common,0,0,False,True,window,indexed,False,139432,133731,147283,96003,16646,False
common,0,0,False,True,window,indexed,True,147258,131364,182697,102384,17173,False
common,0,0,False,True,window,native-indexed,False,147753,137005,163074,93507,16542,False
common,0,0,False,True,window,native-indexed,True,159887,151194,177834,99888,17069,False
common,0,0,False,True,window,native-scan,False,120113,108969,169617,78555,14454,False
common,0,0,False,True,window,native-scan,True,140592,128332,153328,84936,14981,False
common,0,0,False,True,window,scan,False,117136,103130,131003,74843,14222,False
common,0,0,False,True,window,scan,True,118999,107248,141875,81224,14749,False
common,0,0,False,True,window,sealed-indexed,False,145205,133623,202640,96625,17310,False
common,0,0,False,True,window,sealed-indexed,True,153106,140626,190809,103006,17837,False
common,0,0,False,True,window,sealed-scan,False,123706,103752,140598,75465,14886,False
common,0,0,False,True,window,sealed-scan,True,127798,109243,152995,81846,15413,False
common,0,0,True,False,all,active-indexed,False,157871,131500,203633,95695,17574,False
common,0,0,True,False,all,active-indexed,True,165268,155046,187486,102220,18101,False
common,0,0,True,False,all,active-native-indexed,False,149038,142904,170258,94831,17598,False
common,0,0,True,False,all,active-native-indexed,True,173077,156031,184061,101356,18125,False
common,0,0,True,False,all,active-native-scan,False,149952,137995,160607,87375,16562,False
common,0,0,True,False,all,active-native-scan,True,168284,136149,203954,93900,17089,False
common,0,0,True,False,all,active-scan,False,142459,136491,195870,85327,16330,False
common,0,0,True,False,all,active-scan,True,167807,138552,194580,91852,16857,False
common,0,0,True,False,all,birth,False,104138,89785,107596,86561,18439,False
common,0,0,True,False,all,birth,True,121594,119310,126562,93086,18966,False
common,0,0,True,False,all,birth-miss,False,97264,93500,103590,86533,18447,False
common,0,0,True,False,all,birth-miss,True,126723,119442,137410,93058,18974,False
common,0,0,True,False,all,birth-miss-template,False,117984,112043,137717,102793,21223,False
common,0,0,True,False,all,birth-miss-template,True,151819,140655,180933,109318,21750,False
common,0,0,True,False,all,conditional,False,305665,303663,340904,352552,22956,False
common,0,0,True,False,all,conditional,True,332070,297176,383649,359077,23483,False
common,0,0,True,False,all,indexed,False,151508,135475,207318,106363,17646,False
common,0,0,True,False,all,indexed,True,169411,161908,212708,112888,18173,False
common,0,0,True,False,all,native-indexed,False,157536,149819,176331,104059,17542,False
common,0,0,True,False,all,native-indexed,True,175046,159126,182744,110584,18069,False
common,0,0,True,False,all,native-scan,False,147854,129410,152882,89103,15482,False
common,0,0,True,False,all,native-scan,True,151498,142800,176354,95628,16009,False
common,0,0,True,False,all,scan,False,132740,120710,142350,85135,15250,False
common,0,0,True,False,all,scan,True,136165,119073,151766,91660,15777,False
common,0,0,True,False,all,sealed-indexed,False,162100,132569,177122,106707,18342,False
common,0,0,True,False,all,sealed-indexed,True,173711,151223,250588,113232,18869,False
common,0,0,True,False,all,sealed-scan,False,130952,118054,140083,85479,15946,False
common,0,0,True,False,all,sealed-scan,True,141912,130317,160046,92004,16473,False
common,0,0,True,False,immediate,active-indexed,False,158017,146729,179304,95695,15210,False
common,0,0,True,False,immediate,active-indexed,True,159547,130800,173197,102220,15737,False
common,0,0,True,False,immediate,active-native-indexed,False,189013,150098,227574,94831,15234,False
common,0,0,True,False,immediate,active-native-indexed,True,164317,144230,220279,101356,15761,False
common,0,0,True,False,immediate,active-native-scan,False,139089,134382,155284,87375,14198,False
common,0,0,True,False,immediate,active-native-scan,True,155376,141144,513612,93900,14725,False
common,0,0,True,False,immediate,active-scan,False,133988,117190,149549,85327,13966,False
common,0,0,True,False,immediate,active-scan,True,138373,131849,222673,91852,14493,False
common,0,0,True,False,immediate,birth,False,92936,81593,97765,86561,15393,False
common,0,0,True,False,immediate,birth,True,118397,112008,199338,93086,15920,False
common,0,0,True,False,immediate,birth-miss,False,91530,85598,114597,86533,15393,False
common,0,0,True,False,immediate,birth-miss,True,116923,108517,125591,93058,15920,False
common,0,0,True,False,immediate,birth-miss-template,False,115156,109016,157991,102793,17491,False
common,0,0,True,False,immediate,birth-miss-template,True,132466,122554,221052,109318,18018,False
common,0,0,True,False,immediate,conditional,False,305962,280460,727256,352552,20592,False
common,0,0,True,False,immediate,conditional,True,319596,302386,382794,359077,21119,False
common,0,0,True,False,immediate,indexed,False,149563,145420,172029,106363,15282,False
common,0,0,True,False,immediate,indexed,True,180919,159651,268592,112888,15809,False
common,0,0,True,False,immediate,native-indexed,False,167421,144872,232611,104059,15178,False
common,0,0,True,False,immediate,native-indexed,True,179980,140710,219576,110584,15705,False
common,0,0,True,False,immediate,native-scan,False,158661,118160,267596,89103,13118,False
common,0,0,True,False,immediate,native-scan,True,156088,140461,485115,95628,13645,False
common,0,0,True,False,immediate,scan,False,118629,116877,128903,85135,12886,False
common,0,0,True,False,immediate,scan,True,131900,123828,152711,91660,13413,False
common,0,0,True,False,immediate,sealed-indexed,False,151961,138368,169821,106707,15978,False
common,0,0,True,False,immediate,sealed-indexed,True,156987,141591,257787,113232,16505,False
common,0,0,True,False,immediate,sealed-scan,False,134559,123034,216915,85479,13582,False
common,0,0,True,False,immediate,sealed-scan,True,143302,128602,160213,92004,14109,False
common,0,0,True,False,window,active-indexed,False,131906,122760,158390,95695,16786,False
common,0,0,True,False,window,active-indexed,True,149427,133764,310388,102220,17313,False
common,0,0,True,False,window,active-native-indexed,False,147612,143262,414241,94831,16810,False
common,0,0,True,False,window,active-native-indexed,True,159683,143804,217801,101356,17337,False
common,0,0,True,False,window,active-native-scan,False,148479,130746,162507,87375,15774,False
common,0,0,True,False,window,active-native-scan,True,157514,147494,171310,93900,16301,False
common,0,0,True,False,window,active-scan,False,139884,123543,205511,85327,15542,False
common,0,0,True,False,window,active-scan,True,148792,138798,270800,91852,16069,False
common,0,0,True,False,window,birth,False,100976,92500,147078,86561,17195,False
common,0,0,True,False,window,birth,True,126896,117950,138150,93086,17722,False
common,0,0,True,False,window,birth-miss,False,93186,87388,135109,86533,17203,False
common,0,0,True,False,window,birth-miss,True,121567,118769,184289,93058,17730,False
common,0,0,True,False,window,birth-miss-template,False,111895,103205,119618,102793,19979,False
common,0,0,True,False,window,birth-miss-template,True,138260,130436,142313,109318,20506,False
common,0,0,True,False,window,conditional,False,293866,282110,494364,352552,22168,False
common,0,0,True,False,window,conditional,True,314895,310254,353225,359077,22695,False
common,0,0,True,False,window,indexed,False,149668,127829,157780,106363,16858,False
common,0,0,True,False,window,indexed,True,151136,140509,218770,112888,17385,False
common,0,0,True,False,window,native-indexed,False,150879,147851,152179,104059,16754,False
common,0,0,True,False,window,native-indexed,True,173602,151427,194878,110584,17281,False
common,0,0,True,False,window,native-scan,False,118428,112387,149161,89103,14694,False
common,0,0,True,False,window,native-scan,True,130685,125795,209020,95628,15221,False
common,0,0,True,False,window,scan,False,116836,115444,126365,85135,14462,False
common,0,0,True,False,window,scan,True,135399,124638,164275,91660,14989,False
common,0,0,True,False,window,sealed-indexed,False,147549,138675,371537,106707,17554,False
common,0,0,True,False,window,sealed-indexed,True,166758,140372,625167,113232,18081,False
common,0,0,True,False,window,sealed-scan,False,126019,108674,287030,85479,15158,False
common,0,0,True,False,window,sealed-scan,True,127595,116920,144895,92004,15685,False
common,0,0,True,True,all,active-indexed,False,132743,123207,183268,95695,17574,False
common,0,0,True,True,all,active-indexed,True,163052,131662,216375,102220,18101,False
common,0,0,True,True,all,active-native-indexed,False,147636,127364,207142,94831,17598,False
common,0,0,True,True,all,active-native-indexed,True,165862,157368,199507,101356,18125,False
common,0,0,True,True,all,active-native-scan,False,153031,136909,185754,87375,16562,False
common,0,0,True,True,all,active-native-scan,True,140401,136194,170273,93900,17089,False
common,0,0,True,True,all,active-scan,False,131154,115500,140064,85327,16330,False
common,0,0,True,True,all,active-scan,True,140746,134379,150383,91852,16857,False
common,0,0,True,True,all,birth,False,97746,77910,109350,86561,18439,False
common,0,0,True,True,all,birth,True,123620,108048,129076,93086,18966,False
common,0,0,True,True,all,birth-miss,False,92618,90498,97248,86533,18447,False
common,0,0,True,True,all,birth-miss,True,118299,98111,146406,93058,18974,False
common,0,0,True,True,all,birth-miss-template,False,119372,99463,133849,102793,21223,False
common,0,0,True,True,all,birth-miss-template,True,132709,129763,158117,109318,21750,False
common,0,0,True,True,all,conditional,False,310039,266527,352367,352552,22942,False
common,0,0,True,True,all,conditional,True,319458,287134,413354,359077,23469,False
common,0,0,True,True,all,indexed,False,153070,148675,211640,106363,17646,False
common,0,0,True,True,all,indexed,True,160582,134764,182169,112888,18173,False
common,0,0,True,True,all,native-indexed,False,143617,135490,195405,104059,17542,False
common,0,0,True,True,all,native-indexed,True,156969,140083,167817,110584,18069,False
common,0,0,True,True,all,native-scan,False,132321,117764,137844,89103,15482,False
common,0,0,True,True,all,native-scan,True,141820,134632,147113,95628,16009,False
common,0,0,True,True,all,scan,False,120282,110652,129636,85135,15250,False
common,0,0,True,True,all,scan,True,124365,120914,142315,91660,15777,False
common,0,0,True,True,all,sealed-indexed,False,152191,137416,161710,106707,18342,False
common,0,0,True,True,all,sealed-indexed,True,161408,155603,215803,113232,18869,False
common,0,0,True,True,all,sealed-scan,False,129857,109491,134293,85479,15946,False
common,0,0,True,True,all,sealed-scan,True,143131,114733,153332,92004,16473,False
common,0,0,True,True,immediate,active-indexed,False,153463,132408,199778,95695,15210,False
common,0,0,True,True,immediate,active-indexed,True,173769,146746,335485,102220,15737,False
common,0,0,True,True,immediate,active-native-indexed,False,163950,144705,221531,94831,15234,False
common,0,0,True,True,immediate,active-native-indexed,True,189962,170338,225487,101356,15761,False
common,0,0,True,True,immediate,active-native-scan,False,162877,147694,225695,87375,14198,False
common,0,0,True,True,immediate,active-native-scan,True,173470,154296,199904,93900,14725,False
common,0,0,True,True,immediate,active-scan,False,153271,128699,253217,85327,13966,False
common,0,0,True,True,immediate,active-scan,True,159245,132208,274536,91852,14493,False
common,0,0,True,True,immediate,birth,False,100929,90724,138777,86561,15393,False
common,0,0,True,True,immediate,birth,True,125525,112651,173501,93086,15920,False
common,0,0,True,True,immediate,birth-miss,False,106383,89353,140248,86533,15393,False
common,0,0,True,True,immediate,birth-miss,True,118694,116740,172853,93058,15920,False
common,0,0,True,True,immediate,birth-miss-template,False,116510,113287,149255,102793,17491,False
common,0,0,True,True,immediate,birth-miss-template,True,138064,130861,166902,109318,18018,False
common,0,0,True,True,immediate,conditional,False,320377,297318,428233,352552,20578,False
common,0,0,True,True,immediate,conditional,True,330918,290398,465029,359077,21105,False
common,0,0,True,True,immediate,indexed,False,163322,136977,286453,106363,15282,False
common,0,0,True,True,immediate,indexed,True,186415,151818,230502,112888,15809,False
common,0,0,True,True,immediate,native-indexed,False,168628,153383,181642,104059,15178,False
common,0,0,True,True,immediate,native-indexed,True,165330,151371,235092,110584,15705,False
common,0,0,True,True,immediate,native-scan,False,144660,113329,170693,89103,13118,False
common,0,0,True,True,immediate,native-scan,True,161976,143407,209754,95628,13645,False
common,0,0,True,True,immediate,scan,False,133894,121379,200164,85135,12886,False
common,0,0,True,True,immediate,scan,True,162905,137824,214760,91660,13413,False
common,0,0,True,True,immediate,sealed-indexed,False,163627,146652,221257,106707,15978,False
common,0,0,True,True,immediate,sealed-indexed,True,178810,160102,244223,113232,16505,False
common,0,0,True,True,immediate,sealed-scan,False,138953,122599,168765,85479,13582,False
common,0,0,True,True,immediate,sealed-scan,True,167672,128083,206517,92004,14109,False
common,0,0,True,True,window,active-indexed,False,142842,123328,154213,95695,16786,False
common,0,0,True,True,window,active-indexed,True,168177,164979,202789,102220,17313,False
common,0,0,True,True,window,active-native-indexed,False,167582,151611,212710,94831,16810,False
common,0,0,True,True,window,active-native-indexed,True,169293,159148,198756,101356,17337,False
common,0,0,True,True,window,active-native-scan,False,156882,134031,179573,87375,15774,False
common,0,0,True,True,window,active-native-scan,True,174794,136180,211206,93900,16301,False
common,0,0,True,True,window,active-scan,False,141363,125890,149037,85327,15542,False
common,0,0,True,True,window,active-scan,True,161953,139873,197255,91852,16069,False
common,0,0,True,True,window,birth,False,95755,86784,116917,86561,17195,False
common,0,0,True,True,window,birth,True,125390,114449,127738,93086,17722,False
common,0,0,True,True,window,birth-miss,False,94302,88769,111387,86533,17203,False
common,0,0,True,True,window,birth-miss,True,137560,117247,165924,93058,17730,False
common,0,0,True,True,window,birth-miss-template,False,131594,111863,143238,102793,19979,False
common,0,0,True,True,window,birth-miss-template,True,154437,137333,162855,109318,20506,False
common,0,0,True,True,window,conditional,False,303399,291547,362387,352552,22154,False
common,0,0,True,True,window,conditional,True,345379,301682,402915,359077,22681,False
common,0,0,True,True,window,indexed,False,153963,137062,190518,106363,16858,False
common,0,0,True,True,window,indexed,True,162295,151366,190315,112888,17385,False
common,0,0,True,True,window,native-indexed,False,150882,146015,165383,104059,16754,False
common,0,0,True,True,window,native-indexed,True,178222,153903,198552,110584,17281,False
common,0,0,True,True,window,native-scan,False,144790,135075,170803,89103,14694,False
common,0,0,True,True,window,native-scan,True,173918,116075,202394,95628,15221,False
common,0,0,True,True,window,scan,False,133288,115393,159437,85135,14462,False
common,0,0,True,True,window,scan,True,144076,140898,172204,91660,14989,False
common,0,0,True,True,window,sealed-indexed,False,178725,143829,217231,106707,17554,False
common,0,0,True,True,window,sealed-indexed,True,187510,156272,216761,113232,18081,False
common,0,0,True,True,window,sealed-scan,False,132026,115572,255573,85479,15158,False
common,0,0,True,True,window,sealed-scan,True,137307,132052,145184,92004,15685,False
common,0,16,False,False,all,active-indexed,False,378115,346080,453391,241211,25508,False
common,0,16,False,False,all,active-indexed,True,178250,165788,188901,112424,17861,False
common,0,16,False,False,all,active-native-indexed,False,304216,272583,357142,208059,23110,False
common,0,16,False,False,all,active-native-indexed,True,202560,171457,213411,112680,17885,False
common,0,16,False,False,all,active-native-scan,False,304149,290114,331774,185755,22022,False
common,0,16,False,False,all,active-native-scan,True,189249,171584,216103,105224,16797,False
common,0,16,False,False,all,active-scan,False,317407,300826,341217,204859,23164,False
common,0,16,False,False,all,active-scan,True,158908,154929,186943,102120,16565,False
common,0,16,False,False,all,birth,False,328373,299983,378434,342227,28233,False
common,0,16,False,False,all,birth,True,149167,147805,173337,103016,18168,False
common,0,16,False,False,all,birth-miss,False,320630,288829,334703,329143,28265,False
common,0,16,False,False,all,birth-miss,True,150717,134348,156630,102988,18176,False
common,0,16,False,False,all,birth-miss-template,False,370339,348536,412686,412027,41585,False
common,0,16,False,False,all,birth-miss-template,True,165795,156680,177203,119248,20952,False
common,0,16,False,False,all,conditional,False,1892146,1805296,2012852,2375076,55026,False
common,0,16,False,False,all,conditional,True,308201,292325,330643,296965,22313,False
common,0,16,False,False,all,indexed,False,389265,323276,398448,276099,25028,False
common,0,16,False,False,all,indexed,True,177060,162464,182413,119536,17909,False
common,0,16,False,False,all,native-indexed,False,285286,267455,346076,240003,22806,False
common,0,16,False,False,all,native-indexed,True,190371,179520,203486,117040,17805,False
common,0,16,False,False,all,native-scan,False,253771,223332,264372,206107,20718,False
common,0,16,False,False,all,native-scan,True,173450,163260,190611,102088,15717,False
common,0,16,False,False,all,scan,False,257016,238278,293087,205403,20540,False
common,0,16,False,False,all,scan,True,151436,138725,171370,98376,15485,False
common,0,16,False,False,all,sealed-indexed,False,352843,339144,405222,268529,25332,False
common,0,16,False,False,all,sealed-indexed,True,179119,169712,205368,120158,18573,False
common,0,16,False,False,all,sealed-scan,False,277486,271182,298329,197833,21150,False
common,0,16,False,False,all,sealed-scan,True,151456,136648,170108,98998,16149,False
common,0,16,False,False,immediate,active-indexed,False,346145,325743,417284,241211,23300,False
common,0,16,False,False,immediate,active-indexed,True,173795,163362,183905,112424,15653,False
common,0,16,False,False,immediate,active-native-indexed,False,318124,281906,420939,208059,20902,False
common,0,16,False,False,immediate,active-native-indexed,True,205598,197758,253407,112680,15677,False
common,0,16,False,False,immediate,active-native-scan,False,311183,265648,408909,185755,19814,False
common,0,16,False,False,immediate,active-native-scan,True,194579,178392,209266,105224,14589,False
common,0,16,False,False,immediate,active-scan,False,325853,308427,350320,204859,20956,False
common,0,16,False,False,immediate,active-scan,True,170085,140760,199523,102120,14357,False
common,0,16,False,False,immediate,birth,False,328767,306468,378478,342227,24513,False
common,0,16,False,False,immediate,birth,True,141567,133562,170451,103016,14448,False
common,0,16,False,False,immediate,birth-miss,False,319829,281118,357129,329143,24545,False
common,0,16,False,False,immediate,birth-miss,True,147949,123042,156338,102988,14456,False
common,0,16,False,False,immediate,birth-miss-template,False,393030,352097,427656,412027,37865,False
common,0,16,False,False,immediate,birth-miss-template,True,167373,137594,184107,119248,17232,False
common,0,16,False,False,immediate,conditional,False,1922778,1748755,2220674,2375076,52674,False
common,0,16,False,False,immediate,conditional,True,312202,276208,334594,296965,19961,False
common,0,16,False,False,immediate,indexed,False,371939,370244,406483,276099,22820,False
common,0,16,False,False,immediate,indexed,True,189112,182128,205108,119536,15701,False
common,0,16,False,False,immediate,native-indexed,False,314066,285085,346908,240003,20598,False
common,0,16,False,False,immediate,native-indexed,True,202032,166667,220436,117040,15597,False
common,0,16,False,False,immediate,native-scan,False,260436,223324,269317,206107,18510,False
common,0,16,False,False,immediate,native-scan,True,186593,164735,195260,102088,13509,False
common,0,16,False,False,immediate,scan,False,295532,242116,300512,205403,18332,False
common,0,16,False,False,immediate,scan,True,158071,139092,174780,98376,13277,False
common,0,16,False,False,immediate,sealed-indexed,False,402811,305303,427935,268529,23124,False
common,0,16,False,False,immediate,sealed-indexed,True,193223,160105,203824,120158,16365,False
common,0,16,False,False,immediate,sealed-scan,False,278915,270086,296439,197833,18942,False
common,0,16,False,False,immediate,sealed-scan,True,170331,145821,189960,98998,13941,False
common,0,16,False,False,window,active-indexed,False,412033,392074,472497,241211,24772,False
common,0,16,False,False,window,active-indexed,True,220166,173091,273923,112424,17125,False
common,0,16,False,False,window,active-native-indexed,False,346120,314341,471937,208059,22374,False
common,0,16,False,False,window,active-native-indexed,True,211133,180083,221514,112680,17149,False
common,0,16,False,False,window,active-native-scan,False,312225,282762,343850,185755,21286,False
common,0,16,False,False,window,active-native-scan,True,203919,187600,287325,105224,16061,False
common,0,16,False,False,window,active-scan,False,337463,291860,355961,204859,22428,False
common,0,16,False,False,window,active-scan,True,171076,152215,209382,102120,15829,False
common,0,16,False,False,window,birth,False,338681,328148,509769,342227,26993,False
common,0,16,False,False,window,birth,True,167003,157145,207138,103016,16928,False
common,0,16,False,False,window,birth-miss,False,326817,305968,348317,329143,27025,False
common,0,16,False,False,window,birth-miss,True,163328,139327,180209,102988,16936,False
common,0,16,False,False,window,birth-miss-template,False,398667,356859,459169,412027,40345,False
common,0,16,False,False,window,birth-miss-template,True,173943,158500,189896,119248,19712,False
common,0,16,False,False,window,conditional,False,1974362,1808314,2361195,2375076,54242,False
common,0,16,False,False,window,conditional,True,329671,308653,407520,296965,21529,False
common,0,16,False,False,window,indexed,False,383066,364784,495654,276099,24292,False
common,0,16,False,False,window,indexed,True,198156,194948,246700,119536,17173,False
common,0,16,False,False,window,native-indexed,False,309333,303097,454087,240003,22070,False
common,0,16,False,False,window,native-indexed,True,225729,197709,292281,117040,17069,False
common,0,16,False,False,window,native-scan,False,285974,260259,333625,206107,19982,False
common,0,16,False,False,window,native-scan,True,179319,168437,211888,102088,14981,False
common,0,16,False,False,window,scan,False,299047,253822,352091,205403,19804,False
common,0,16,False,False,window,scan,True,181426,160048,201586,98376,14749,False
common,0,16,False,False,window,sealed-indexed,False,365869,338514,421074,268529,24596,False
common,0,16,False,False,window,sealed-indexed,True,195091,181904,226850,120158,17837,False
common,0,16,False,False,window,sealed-scan,False,304998,251264,323729,197833,20414,False
common,0,16,False,False,window,sealed-scan,True,170952,159297,191956,98998,15413,False
common,0,16,False,True,all,active-indexed,False,428037,369300,518711,286075,24516,False
common,0,16,False,True,all,active-indexed,True,186270,157072,220755,112040,17861,False
common,0,16,False,True,all,active-native-indexed,False,365284,306965,405144,246715,23110,False
common,0,16,False,True,all,active-native-indexed,True,204937,178701,703442,112552,17885,False
common,0,16,False,True,all,active-native-scan,False,333916,296776,546639,224411,22022,False
common,0,16,False,True,all,active-native-scan,True,211750,154732,220672,105096,16797,False
common,0,16,False,True,all,active-scan,False,396852,351576,445552,251195,22540,False
common,0,16,False,True,all,active-scan,True,171059,147796,196282,101736,16565,False
common,0,16,False,True,all,birth,False,363769,335251,395815,342227,28233,False
common,0,16,False,True,all,birth,True,151663,130427,160918,103016,18168,False
common,0,16,False,True,all,birth-miss,False,339638,298114,484133,329143,28265,False
common,0,16,False,True,all,birth-miss,True,162249,124361,178695,102988,18176,False
common,0,16,False,True,all,birth-miss-template,False,398266,358788,469089,412027,41585,False
common,0,16,False,True,all,birth-miss-template,True,179786,138512,200565,119248,20952,False
common,0,16,False,True,all,conditional,False,1964964,1725207,2089815,2375076,55026,False
common,0,16,False,True,all,conditional,True,329295,287745,340791,296965,22313,False
common,0,16,False,True,all,indexed,False,393503,329801,439114,280835,24308,False
common,0,16,False,True,all,indexed,True,195642,152586,911204,119536,17909,False
common,0,16,False,True,all,native-indexed,False,328340,291733,355263,247683,22806,False
common,0,16,False,True,all,native-indexed,True,198838,172584,885507,117040,17805,False
common,0,16,False,True,all,native-scan,False,269007,243319,289148,213787,20718,False
common,0,16,False,True,all,native-scan,True,186754,154673,231975,102088,15717,False
common,0,16,False,True,all,scan,False,295256,253659,347304,213083,20556,False
common,0,16,False,True,all,scan,True,166957,149769,185488,98376,15485,False
common,0,16,False,True,all,sealed-indexed,False,390860,321925,400177,273265,24980,False
common,0,16,False,True,all,sealed-indexed,True,178311,173805,212816,120158,18573,False
common,0,16,False,True,all,sealed-scan,False,297873,247850,317996,205513,21228,False
common,0,16,False,True,all,sealed-scan,True,169659,144288,191747,98998,16149,False
common,0,16,False,True,immediate,active-indexed,False,581427,411013,625126,286075,22308,False
common,0,16,False,True,immediate,active-indexed,True,193448,165714,264107,112040,15653,False
common,0,16,False,True,immediate,active-native-indexed,False,496339,368729,607060,246715,20902,False
common,0,16,False,True,immediate,active-native-indexed,True,202498,189977,333130,112552,15677,False
common,0,16,False,True,immediate,active-native-scan,False,418296,322084,511334,224411,19814,False
common,0,16,False,True,immediate,active-native-scan,True,204307,179937,239322,105096,14589,False
common,0,16,False,True,immediate,active-scan,False,492802,366076,601465,251195,20332,False
common,0,16,False,True,immediate,active-scan,True,200329,158252,332480,101736,14357,False
common,0,16,False,True,immediate,birth,False,478341,325228,523652,342227,24513,False
common,0,16,False,True,immediate,birth,True,207452,155432,233232,103016,14448,False
common,0,16,False,True,immediate,birth-miss,False,446668,315387,508378,329143,24545,False
common,0,16,False,True,immediate,birth-miss,True,155052,147661,200246,102988,14456,False
common,0,16,False,True,immediate,birth-miss-template,False,398282,328538,537106,412027,37865,False
common,0,16,False,True,immediate,birth-miss-template,True,211493,151234,272455,119248,17232,False
common,0,16,False,True,immediate,conditional,False,2519929,1844489,2807545,2375076,52674,False
common,0,16,False,True,immediate,conditional,True,333810,295129,414335,296965,19961,False
common,0,16,False,True,immediate,indexed,False,478119,340247,699538,280835,22100,False
common,0,16,False,True,immediate,indexed,True,209495,156073,290756,119536,15701,False
common,0,16,False,True,immediate,native-indexed,False,346616,322280,500372,247683,20598,False
common,0,16,False,True,immediate,native-indexed,True,250504,190661,298075,117040,15597,False
common,0,16,False,True,immediate,native-scan,False,300664,240033,370730,213787,18510,False
common,0,16,False,True,immediate,native-scan,True,179674,149846,246205,102088,13509,False
common,0,16,False,True,immediate,scan,False,390250,277898,479265,213083,18348,False
common,0,16,False,True,immediate,scan,True,177565,144566,267072,98376,13277,False
common,0,16,False,True,immediate,sealed-indexed,False,387714,367031,575357,273265,22772,False
common,0,16,False,True,immediate,sealed-indexed,True,251719,163532,279988,120158,16365,False
common,0,16,False,True,immediate,sealed-scan,False,401339,281004,470912,205513,19020,False
common,0,16,False,True,immediate,sealed-scan,True,166201,141444,200633,98998,13941,False
common,0,16,False,True,window,active-indexed,False,395427,392760,426402,286075,23780,False
common,0,16,False,True,window,active-indexed,True,189425,175247,199410,112040,17125,False
common,0,16,False,True,window,active-native-indexed,False,353877,339429,388140,246715,22374,False
common,0,16,False,True,window,active-native-indexed,True,196973,188146,203496,112552,17149,False
common,0,16,False,True,window,active-native-scan,False,336536,333696,345842,224411,21286,False
common,0,16,False,True,window,active-native-scan,True,191420,171953,215285,105096,16061,False
common,0,16,False,True,window,active-scan,False,371673,347476,383228,251195,21804,False
common,0,16,False,True,window,active-scan,True,170695,151712,199763,101736,15829,False
common,0,16,False,True,window,birth,False,332263,323146,433864,342227,26993,False
common,0,16,False,True,window,birth,True,150584,137478,156649,103016,16928,False
common,0,16,False,True,window,birth-miss,False,337567,318316,346043,329143,27025,False
common,0,16,False,True,window,birth-miss,True,144237,135844,156673,102988,16936,False
common,0,16,False,True,window,birth-miss-template,False,384696,366404,400280,412027,40345,False
common,0,16,False,True,window,birth-miss-template,True,170836,169605,185060,119248,19712,False
common,0,16,False,True,window,conditional,False,1941648,1822133,2093650,2375076,54242,False
common,0,16,False,True,window,conditional,True,319254,303899,346406,296965,21529,False
common,0,16,False,True,window,indexed,False,436466,349243,772030,280835,23572,False
common,0,16,False,True,window,indexed,True,192083,171217,200966,119536,17173,False
common,0,16,False,True,window,native-indexed,False,324264,285568,367455,247683,22070,False
common,0,16,False,True,window,native-indexed,True,193927,186773,213981,117040,17069,False
common,0,16,False,True,window,native-scan,False,256995,218846,581525,213787,19982,False
common,0,16,False,True,window,native-scan,True,181615,173725,206702,102088,14981,False
common,0,16,False,True,window,scan,False,286701,246759,309868,213083,19820,False
common,0,16,False,True,window,scan,True,157212,144446,175610,98376,14749,False
common,0,16,False,True,window,sealed-indexed,False,369276,332332,379935,273265,24244,False
common,0,16,False,True,window,sealed-indexed,True,200607,191092,274145,120158,17837,False
common,0,16,False,True,window,sealed-scan,False,290678,270899,316467,205513,20492,False
common,0,16,False,True,window,sealed-scan,True,170389,148815,184830,98998,15413,False
common,0,16,True,False,all,active-indexed,False,352058,348181,436408,249679,25772,False
common,0,16,True,False,all,active-indexed,True,198594,167777,239495,119372,18101,False
common,0,16,True,False,all,active-native-indexed,False,317163,305700,336892,215407,23718,False
common,0,16,True,False,all,active-native-indexed,True,207311,180253,222701,118508,18125,False
common,0,16,True,False,all,active-native-scan,False,285511,266208,305993,193103,22682,False
common,0,16,True,False,all,active-native-scan,True,185393,154119,191277,111052,17089,False
common,0,16,True,False,all,active-scan,False,329997,304148,352364,213263,23428,False
common,0,16,True,False,all,active-scan,True,183935,175259,200242,109004,16857,False
common,0,16,True,False,all,birth,False,331305,305279,373967,352377,28647,False
common,0,16,True,False,all,birth,True,166321,136638,182075,110238,18966,False
common,0,16,True,False,all,birth-miss,False,305209,294919,332630,339293,28679,False
common,0,16,True,False,all,birth-miss,True,145561,126593,167644,110210,18974,False
common,0,16,True,False,all,birth-miss-template,False,367593,354138,415888,422369,41999,False
common,0,16,True,False,all,birth-miss-template,True,171580,157358,183115,126470,21750,False
common,0,16,True,False,all,conditional,False,1970361,1834504,2435308,2542772,55318,False
common,0,16,True,False,all,conditional,True,381558,335520,495566,376229,23483,False
common,0,16,True,False,all,indexed,False,369992,333204,386230,289979,25292,False
common,0,16,True,False,all,indexed,True,186063,165356,236472,130040,18173,False
common,0,16,True,False,all,native-indexed,False,318919,264508,478392,254075,23070,False
common,0,16,True,False,all,native-indexed,True,211637,197796,248709,127736,18069,False
common,0,16,True,False,all,native-scan,False,272257,234827,381886,220175,21378,False
common,0,16,True,False,all,native-scan,True,150851,148275,205143,112780,16009,False
common,0,16,True,False,all,scan,False,268273,253175,280251,219215,21146,False
common,0,16,True,False,all,scan,True,154932,148303,175058,108812,15777,False
common,0,16,True,False,all,sealed-indexed,False,374078,323001,549128,280659,25628,False
common,0,16,True,False,all,sealed-indexed,True,194118,188924,228433,130384,18869,False
common,0,16,True,False,all,sealed-scan,False,285839,240087,295315,209895,21474,False
common,0,16,True,False,all,sealed-scan,True,175262,159156,215574,109156,16473,False
common,0,16,True,False,immediate,active-indexed,False,380273,351596,552438,249679,23408,False
common,0,16,True,False,immediate,active-indexed,True,186482,170282,275282,119372,15737,False
common,0,16,True,False,immediate,active-native-indexed,False,366765,277311,507474,215407,21354,False
common,0,16,True,False,immediate,active-native-indexed,True,206811,182815,230927,118508,15761,False
common,0,16,True,False,immediate,active-native-scan,False,338784,295666,501206,193103,20318,False
common,0,16,True,False,immediate,active-native-scan,True,205022,170377,265817,111052,14725,False
common,0,16,True,False,immediate,active-scan,False,357297,303980,384965,213263,21064,False
common,0,16,True,False,immediate,active-scan,True,190277,174061,212848,109004,14493,False
common,0,16,True,False,immediate,birth,False,344013,327071,490774,352377,24915,False
common,0,16,True,False,immediate,birth,True,158638,153366,290021,110238,15920,False
common,0,16,True,False,immediate,birth-miss,False,328370,310155,374438,339293,24947,False
common,0,16,True,False,immediate,birth-miss,True,151617,145222,228213,110210,15920,False
common,0,16,True,False,immediate,birth-miss-template,False,394062,374526,427911,422561,38267,False
common,0,16,True,False,immediate,birth-miss-template,True,168559,152376,184624,126470,18018,False
common,0,16,True,False,immediate,conditional,False,2078725,1910935,2194058,2542772,52954,False
common,0,16,True,False,immediate,conditional,True,368465,327634,464296,376229,21119,False
common,0,16,True,False,immediate,indexed,False,402795,354805,627097,289979,22928,False
common,0,16,True,False,immediate,indexed,True,207430,195512,237725,130040,15809,False
common,0,16,True,False,immediate,native-indexed,False,304371,282147,1096577,254075,20706,False
common,0,16,True,False,immediate,native-indexed,True,202140,173299,215557,127736,15705,False
common,0,16,True,False,immediate,native-scan,False,262441,241548,283661,220175,19014,False
common,0,16,True,False,immediate,native-scan,True,184467,180287,281464,112780,13645,False
common,0,16,True,False,immediate,scan,False,322672,248416,393626,219215,18782,False
common,0,16,True,False,immediate,scan,True,179873,168685,304806,108812,13413,False
common,0,16,True,False,immediate,sealed-indexed,False,389084,376201,452943,280659,23264,False
common,0,16,True,False,immediate,sealed-indexed,True,203925,196175,317363,130384,16505,False
common,0,16,True,False,immediate,sealed-scan,False,333818,257274,469398,209895,19110,False
common,0,16,True,False,immediate,sealed-scan,True,196617,164105,273839,109156,14109,False
common,0,16,True,False,window,active-indexed,False,376023,346143,519520,249679,24984,False
common,0,16,True,False,window,active-indexed,True,197812,164255,401081,119372,17313,False
common,0,16,True,False,window,active-native-indexed,False,306900,295069,475860,215407,22930,False
common,0,16,True,False,window,active-native-indexed,True,212110,183301,382383,118508,17337,False
common,0,16,True,False,window,active-native-scan,False,284482,271979,382921,193103,21894,False
common,0,16,True,False,window,active-native-scan,True,194318,167946,324078,111052,16301,False
common,0,16,True,False,window,active-scan,False,318667,302606,503753,213263,22640,False
common,0,16,True,False,window,active-scan,True,181745,157075,199120,109004,16069,False
common,0,16,True,False,window,birth,False,332130,268624,394057,352377,27403,False
common,0,16,True,False,window,birth,True,148079,142996,202824,110238,17722,False
common,0,16,True,False,window,birth-miss,False,321681,262703,638795,339293,27435,False
common,0,16,True,False,window,birth-miss,True,175749,134892,193635,110210,17730,False
common,0,16,True,False,window,birth-miss-template,False,383054,374683,590060,422369,40755,False
common,0,16,True,False,window,birth-miss-template,True,181854,145779,244323,126470,20506,False
common,0,16,True,False,window,conditional,False,1934707,1777371,3484975,2542772,54530,False
common,0,16,True,False,window,conditional,True,358974,284238,656703,376229,22695,False
common,0,16,True,False,window,indexed,False,371128,353062,525476,289979,24504,False
common,0,16,True,False,window,indexed,True,200222,180066,203921,130040,17385,False
common,0,16,True,False,window,native-indexed,False,302015,240581,484630,254075,22282,False
common,0,16,True,False,window,native-indexed,True,204357,172686,280628,127736,17281,False
common,0,16,True,False,window,native-scan,False,259520,236780,455252,220175,20590,False
common,0,16,True,False,window,native-scan,True,165808,149084,181897,112780,15221,False
common,0,16,True,False,window,scan,False,358148,265557,542431,219215,20358,False
common,0,16,True,False,window,scan,True,159150,139782,233404,108812,14989,False
common,0,16,True,False,window,sealed-indexed,False,424969,331038,517549,280659,24840,False
common,0,16,True,False,window,sealed-indexed,True,187917,177445,197599,130384,18081,False
common,0,16,True,False,window,sealed-scan,False,298745,256777,391748,209895,20686,False
common,0,16,True,False,window,sealed-scan,True,168907,155168,247640,109156,15685,False
common,0,16,True,True,all,active-indexed,False,416562,404011,483319,278863,24756,False
common,0,16,True,True,all,active-indexed,True,198468,193031,233725,119372,18101,False
common,0,16,True,True,all,active-native-indexed,False,375743,326599,441090,239151,23718,False
common,0,16,True,True,all,active-native-indexed,True,208928,205910,308328,118508,18125,False
common,0,16,True,True,all,active-native-scan,False,325182,289700,451113,216847,22682,False
common,0,16,True,True,all,active-native-scan,True,201328,160349,253418,111052,17089,False
common,0,16,True,True,all,active-scan,False,389692,339865,481518,242895,22780,False
common,0,16,True,True,all,active-scan,True,198296,178527,210941,109004,16857,False
common,0,16,True,True,all,birth,False,375978,324143,410836,352377,28647,False
common,0,16,True,True,all,birth,True,163012,156592,248227,110238,18966,False
common,0,16,True,True,all,birth-miss,False,344981,318419,482192,339293,28679,False
common,0,16,True,True,all,birth-miss,True,145660,135910,195786,110210,18974,False
common,0,16,True,True,all,birth-miss-template,False,399815,363628,533850,422177,41999,False
common,0,16,True,True,all,birth-miss-template,True,178801,160675,203498,126470,21750,False
common,0,16,True,True,all,conditional,False,2343165,1982394,2663068,2542772,55318,False
common,0,16,True,True,all,conditional,True,370821,352006,503519,376229,23469,False
common,0,16,True,True,all,indexed,False,398658,373725,484007,294715,24572,False
common,0,16,True,True,all,indexed,True,222798,190907,291473,130040,18173,False
common,0,16,True,True,all,native-indexed,False,336653,275674,413081,261755,23070,False
common,0,16,True,True,all,native-indexed,True,206491,181149,256469,127736,18069,False
common,0,16,True,True,all,native-scan,False,297958,248844,409978,227855,21378,False
common,0,16,True,True,all,native-scan,True,181034,157992,231031,112780,16009,False
common,0,16,True,True,all,scan,False,319507,297970,443264,226895,21146,False
common,0,16,True,True,all,scan,True,178740,159885,240153,108812,15777,False
common,0,16,True,True,all,sealed-indexed,False,404004,352758,557153,285395,25276,False
common,0,16,True,True,all,sealed-indexed,True,227639,172218,325984,130384,18869,False
common,0,16,True,True,all,sealed-scan,False,283771,270654,356904,217575,21524,False
common,0,16,True,True,all,sealed-scan,True,205260,154479,250951,109156,16473,False
common,0,16,True,True,immediate,active-indexed,False,440521,381827,482136,278863,22392,False
common,0,16,True,True,immediate,active-indexed,True,185518,169326,201129,119372,15737,False
common,0,16,True,True,immediate,active-native-indexed,False,348162,321903,377656,239151,21354,False
common,0,16,True,True,immediate,active-native-indexed,True,207122,191934,227411,118508,15761,False
common,0,16,True,True,immediate,active-native-scan,False,304240,301461,624007,216847,20318,False
common,0,16,True,True,immediate,active-native-scan,True,195585,182621,212659,111052,14725,False
common,0,16,True,True,immediate,active-scan,False,375861,360928,407154,242895,20416,False
common,0,16,True,True,immediate,active-scan,True,169337,162118,202283,109004,14493,False
common,0,16,True,True,immediate,birth,False,360173,315070,453195,352377,24915,False
common,0,16,True,True,immediate,birth,True,146576,137601,176386,110238,15920,False
common,0,16,True,True,immediate,birth-miss,False,322513,317669,566110,339293,24947,False
common,0,16,True,True,immediate,birth-miss,True,152886,140013,170550,110210,15920,False
common,0,16,True,True,immediate,birth-miss-template,False,389198,375558,410103,422177,38267,False
common,0,16,True,True,immediate,birth-miss-template,True,169218,156978,743571,126470,18018,False
common,0,16,True,True,immediate,conditional,False,2057198,1914799,2244124,2542772,52954,False
common,0,16,True,True,immediate,conditional,True,348963,327979,372782,376229,21105,False
common,0,16,True,True,immediate,indexed,False,363637,352272,406526,294715,22208,False
common,0,16,True,True,immediate,indexed,True,196945,169877,213756,130040,15809,False
common,0,16,True,True,immediate,native-indexed,False,304341,280809,352856,261755,20706,False
common,0,16,True,True,immediate,native-indexed,True,183198,166817,212283,127736,15705,False
common,0,16,True,True,immediate,native-scan,False,265931,259022,295664,227855,19014,False
common,0,16,True,True,immediate,native-scan,True,185947,160116,229173,112780,13645,False
common,0,16,True,True,immediate,scan,False,294987,271748,301147,226895,18782,False
common,0,16,True,True,immediate,scan,True,178349,166927,223235,108812,13413,False
common,0,16,True,True,immediate,sealed-indexed,False,409074,360207,436013,285395,22912,False
common,0,16,True,True,immediate,sealed-indexed,True,189840,173492,222769,130384,16505,False
common,0,16,True,True,immediate,sealed-scan,False,283770,267896,320687,217575,19160,False
common,0,16,True,True,immediate,sealed-scan,True,164592,149130,172199,109156,14109,False
common,0,16,True,True,window,active-indexed,False,404411,382684,772183,278863,23968,False
common,0,16,True,True,window,active-indexed,True,181112,168034,256182,119372,17313,False
common,0,16,True,True,window,active-native-indexed,False,346350,279278,457142,239151,22930,False
common,0,16,True,True,window,active-native-indexed,True,192495,182179,284549,118508,17337,False
common,0,16,True,True,window,active-native-scan,False,321925,315175,486218,216847,21894,False
common,0,16,True,True,window,active-native-scan,True,196556,192323,277792,111052,16301,False
common,0,16,True,True,window,active-scan,False,354605,341821,543445,242895,21992,False
common,0,16,True,True,window,active-scan,True,192526,156702,263140,109004,16069,False
common,0,16,True,True,window,birth,False,322324,313693,548594,352377,27403,False
common,0,16,True,True,window,birth,True,138384,120786,220578,110238,17722,False
common,0,16,True,True,window,birth-miss,False,331320,320964,434322,339293,27435,False
common,0,16,True,True,window,birth-miss,True,155300,147444,218753,110210,17730,False
common,0,16,True,True,window,birth-miss-template,False,392596,371268,552443,422177,40755,False
common,0,16,True,True,window,birth-miss-template,True,159754,140301,210009,126470,20506,False
common,0,16,True,True,window,conditional,False,1968391,1705590,2597998,2542772,54530,False
common,0,16,True,True,window,conditional,True,496650,339301,594188,376229,22681,False
common,0,16,True,True,window,indexed,False,378770,358706,698692,294715,23784,False
common,0,16,True,True,window,indexed,True,192682,180012,239390,130040,17385,False
common,0,16,True,True,window,native-indexed,False,360857,297328,430758,261755,22282,False
common,0,16,True,True,window,native-indexed,True,252275,181963,353902,127736,17281,False
common,0,16,True,True,window,native-scan,False,263602,248968,404047,227855,20590,False
common,0,16,True,True,window,native-scan,True,215160,191277,253863,112780,15221,False
common,0,16,True,True,window,scan,False,280853,271835,439644,226895,20358,False
common,0,16,True,True,window,scan,True,164365,150397,289052,108812,14989,False
common,0,16,True,True,window,sealed-indexed,False,381480,345815,548040,285395,24488,False
common,0,16,True,True,window,sealed-indexed,True,191015,175179,305677,130384,18081,False
common,0,16,True,True,window,sealed-scan,False,298147,244543,424254,217575,20736,False
common,0,16,True,True,window,sealed-scan,True,183257,161256,244549,109156,15685,False
common,3,0,False,False,all,active-indexed,False,624443,540987,642185,595319,96688,False
common,3,0,False,False,all,active-indexed,True,606258,578929,652724,602636,97215,False
common,3,0,False,False,all,active-native-indexed,False,535255,416545,597023,576375,95592,False
common,3,0,False,False,all,active-native-indexed,True,625046,431825,953241,583692,96119,False
common,3,0,False,False,all,active-native-scan,False,476488,468143,526416,516727,86506,False
common,3,0,False,False,all,active-native-scan,True,507988,448578,541087,524044,87033,False
common,3,0,False,False,all,active-scan,False,575443,411743,724429,520279,85680,False
common,3,0,False,False,all,active-scan,True,583716,471397,594963,527596,86207,False
common,3,0,False,False,all,birth,False,457844,403938,510441,456529,75123,False
common,3,0,False,False,all,birth,True,472912,444510,705043,463846,75650,False
common,3,0,False,False,all,birth-miss,False,440054,425206,476313,462705,75131,False
common,3,0,False,False,all,birth-miss,True,483870,447131,509617,470022,75658,False
common,3,0,False,False,all,birth-miss-template,False,502082,458386,516767,495565,79205,False
common,3,0,False,False,all,birth-miss-template,True,518710,466210,536398,502882,79732,False
common,3,0,False,False,all,conditional,False,606340,548758,671243,529050,48184,False
common,3,0,False,False,all,conditional,True,634103,563938,1361743,536367,48711,False
common,3,0,False,False,all,indexed,False,630400,572033,677868,653431,97072,False
common,3,0,False,False,all,indexed,True,652555,594183,903657,660748,97599,False
common,3,0,False,False,all,native-indexed,False,546167,438157,587571,620759,94952,False
common,3,0,False,False,all,native-indexed,True,551101,438575,832266,628076,95479,False
common,3,0,False,False,all,native-scan,False,483904,465757,614149,497559,79562,False
common,3,0,False,False,all,native-scan,True,442138,424958,509822,504876,80089,False
common,3,0,False,False,all,scan,False,471186,427388,526379,494679,79714,False
common,3,0,False,False,all,scan,True,496271,450712,559572,501996,80241,False
common,3,0,False,False,all,sealed-indexed,False,585720,512410,678168,633477,97624,False
common,3,0,False,False,all,sealed-indexed,True,602351,568531,706595,640794,98151,False
common,3,0,False,False,all,sealed-scan,False,449366,404214,502008,474725,80266,False
common,3,0,False,False,all,sealed-scan,True,471354,459537,515569,482042,80793,False
common,3,0,False,False,immediate,active-indexed,False,585203,526888,808588,595319,78952,False
common,3,0,False,False,immediate,active-indexed,True,560964,532681,612170,602636,79479,False
common,3,0,False,False,immediate,active-native-indexed,False,518943,442193,940095,576375,77856,False
common,3,0,False,False,immediate,active-native-indexed,True,531800,480919,628899,583692,78383,False
common,3,0,False,False,immediate,active-native-scan,False,495357,458869,532910,516727,68770,False
common,3,0,False,False,immediate,active-native-scan,True,520881,479654,614578,524044,69297,False
common,3,0,False,False,immediate,active-scan,False,524228,445621,592735,520279,67944,False
common,3,0,False,False,immediate,active-scan,True,503883,490885,586380,527596,68471,False
common,3,0,False,False,immediate,birth,False,403091,367756,776481,456529,45291,False
common,3,0,False,False,immediate,birth,True,424046,395732,505716,463846,45818,False
common,3,0,False,False,immediate,birth-miss,False,468735,386197,575663,462705,45299,False
common,3,0,False,False,immediate,birth-miss,True,406528,402286,498663,470022,45826,False
common,3,0,False,False,immediate,birth-miss-template,False,427206,354174,547772,495565,49373,False
common,3,0,False,False,immediate,birth-miss-template,True,466466,427564,537726,502882,49900,False
common,3,0,False,False,immediate,conditional,False,577957,540532,754523,529050,29296,False
common,3,0,False,False,immediate,conditional,True,590960,571746,617351,536367,29823,False
common,3,0,False,False,immediate,indexed,False,585753,555389,890849,653431,79336,False
common,3,0,False,False,immediate,indexed,True,594449,554314,731022,660748,79863,False
common,3,0,False,False,immediate,native-indexed,False,506768,489573,642446,620759,77216,False
common,3,0,False,False,immediate,native-indexed,True,556012,503095,597310,628076,77743,False
common,3,0,False,False,immediate,native-scan,False,420060,392438,433828,497559,61826,False
common,3,0,False,False,immediate,native-scan,True,462839,406193,587730,504876,62353,False
common,3,0,False,False,immediate,scan,False,451609,401502,517283,494679,61978,False
common,3,0,False,False,immediate,scan,True,463089,450581,489675,501996,62505,False
common,3,0,False,False,immediate,sealed-indexed,False,595652,582434,602633,633477,79888,False
common,3,0,False,False,immediate,sealed-indexed,True,611091,494954,711068,640794,80415,False
common,3,0,False,False,immediate,sealed-scan,False,427086,403226,551165,474725,62530,False
common,3,0,False,False,immediate,sealed-scan,True,430874,361010,700780,482042,63057,False
common,3,0,False,False,window,active-indexed,False,579258,499966,646537,595319,90776,False
common,3,0,False,False,window,active-indexed,True,583619,525853,643214,602636,91303,False
common,3,0,False,False,window,active-native-indexed,False,532313,470723,545538,576375,89680,False
common,3,0,False,False,window,active-native-indexed,True,546916,541284,592058,583692,90207,False
common,3,0,False,False,window,active-native-scan,False,490018,440104,520872,516727,80594,False
common,3,0,False,False,window,active-native-scan,True,528351,486181,554299,524044,81121,False
common,3,0,False,False,window,active-scan,False,540505,488267,736626,520279,79768,False
common,3,0,False,False,window,active-scan,True,538102,522402,615948,527596,80295,False
common,3,0,False,False,window,birth,False,432655,399442,464220,456529,65179,False
common,3,0,False,False,window,birth,True,468045,412814,494222,463846,65706,False
common,3,0,False,False,window,birth-miss,False,416165,388454,467080,462705,65187,False
common,3,0,False,False,window,birth-miss,True,481565,462143,513377,470022,65714,False
common,3,0,False,False,window,birth-miss-template,False,454019,447687,519185,495565,69261,False
common,3,0,False,False,window,birth-miss-template,True,466750,439472,515294,502882,69788,False
common,3,0,False,False,window,conditional,False,603526,585093,702557,529050,41888,False
common,3,0,False,False,window,conditional,True,659442,568577,695694,536367,42415,False
common,3,0,False,False,window,indexed,False,606595,588754,615437,653431,91160,False
common,3,0,False,False,window,indexed,True,635559,574652,671938,660748,91687,False
common,3,0,False,False,window,native-indexed,False,508411,502547,541724,620759,89040,False
common,3,0,False,False,window,native-indexed,True,558805,478114,607491,628076,89567,False
common,3,0,False,False,window,native-scan,False,447862,410451,464140,497559,73650,False
common,3,0,False,False,window,native-scan,True,446478,440102,485511,504876,74177,False
common,3,0,False,False,window,scan,False,517473,475133,603880,494679,73802,False
common,3,0,False,False,window,scan,True,517810,477064,721773,501996,74329,False
common,3,0,False,False,window,sealed-indexed,False,576625,518597,664843,633477,91712,False
common,3,0,False,False,window,sealed-indexed,True,628641,597015,2840169,640794,92239,False
common,3,0,False,False,window,sealed-scan,False,465892,462783,889847,474725,74354,False
common,3,0,False,False,window,sealed-scan,True,458124,429230,514558,482042,74881,False
common,3,0,False,True,all,active-indexed,False,509647,484111,880410,580151,96688,False
common,3,0,False,True,all,active-indexed,True,547048,509470,820442,587468,97215,False
common,3,0,False,True,all,active-native-indexed,False,489076,454819,727554,565271,95592,False
common,3,0,False,True,all,active-native-indexed,True,482742,459052,547007,572588,96119,False
common,3,0,False,True,all,active-native-scan,False,457716,429855,488913,505623,86506,False
common,3,0,False,True,all,active-native-scan,True,477444,442235,797182,512940,87033,False
common,3,0,False,True,all,active-scan,False,475634,448734,538417,505559,85680,False
common,3,0,False,True,all,active-scan,True,490689,476053,738974,512876,86207,False
common,3,0,False,True,all,birth,False,418404,381390,657069,456529,75123,False
common,3,0,False,True,all,birth,True,434651,418393,796343,463846,75650,False
common,3,0,False,True,all,birth-miss,False,414463,396646,796072,462705,75131,False
common,3,0,False,True,all,birth-miss,True,437965,434379,734811,470022,75658,False
common,3,0,False,True,all,birth-miss-template,False,464995,435684,698149,495565,79205,False
common,3,0,False,True,all,birth-miss-template,True,468834,456283,864241,502882,79732,False
common,3,0,False,True,all,conditional,False,586002,560410,645684,529050,48096,False
common,3,0,False,True,all,conditional,True,607446,549412,708046,536367,48623,False
common,3,0,False,True,all,indexed,False,604072,577805,657771,653431,97072,False
common,3,0,False,True,all,indexed,True,604890,569380,941896,660748,97599,False
common,3,0,False,True,all,native-indexed,False,573357,485536,615668,620759,94952,False
common,3,0,False,True,all,native-indexed,True,528981,512688,765569,628076,95479,False
common,3,0,False,True,all,native-scan,False,426239,407100,480500,497559,79562,False
common,3,0,False,True,all,native-scan,True,423410,398672,692859,504876,80089,False
common,3,0,False,True,all,scan,False,531988,442851,742412,494679,79714,False
common,3,0,False,True,all,scan,True,457852,440503,525712,501996,80241,False
common,3,0,False,True,all,sealed-indexed,False,603121,519939,939954,633477,97624,False
common,3,0,False,True,all,sealed-indexed,True,599107,549117,635224,640794,98151,False
common,3,0,False,True,all,sealed-scan,False,457438,396726,521994,474725,80266,False
common,3,0,False,True,all,sealed-scan,True,447740,424813,903283,482042,80793,False
common,3,0,False,True,immediate,active-indexed,False,539848,517650,563745,580151,78952,False
common,3,0,False,True,immediate,active-indexed,True,537435,497889,690898,587468,79479,False
common,3,0,False,True,immediate,active-native-indexed,False,507341,468492,550273,565271,77856,False
common,3,0,False,True,immediate,active-native-indexed,True,593743,522458,615306,572588,78383,False
common,3,0,False,True,immediate,active-native-scan,False,445557,416824,518043,505623,68770,False
common,3,0,False,True,immediate,active-native-scan,True,483073,454141,552503,512940,69297,False
common,3,0,False,True,immediate,active-scan,False,492468,444570,588490,505559,67944,False
common,3,0,False,True,immediate,active-scan,True,526741,464665,575135,512876,68471,False
common,3,0,False,True,immediate,birth,False,376050,360920,446604,456529,45291,False
common,3,0,False,True,immediate,birth,True,428872,393057,505320,463846,45818,False
common,3,0,False,True,immediate,birth-miss,False,401919,371938,420646,462705,45299,False
common,3,0,False,True,immediate,birth-miss,True,453791,397490,605126,470022,45826,False
common,3,0,False,True,immediate,birth-miss-template,False,445817,404192,473091,495565,49373,False
common,3,0,False,True,immediate,birth-miss-template,True,462934,420621,495765,502882,49900,False
common,3,0,False,True,immediate,conditional,False,571226,546373,664634,529050,29208,False
common,3,0,False,True,immediate,conditional,True,605401,580634,1038131,536367,29735,False
common,3,0,False,True,immediate,indexed,False,569663,552357,656061,653431,79336,False
common,3,0,False,True,immediate,indexed,True,613143,561678,978508,660748,79863,False
common,3,0,False,True,immediate,native-indexed,False,565938,468923,603125,620759,77216,False
common,3,0,False,True,immediate,native-indexed,True,537988,487093,1111487,628076,77743,False
common,3,0,False,True,immediate,native-scan,False,452909,412173,484824,497559,61826,False
common,3,0,False,True,immediate,native-scan,True,429049,391432,501273,504876,62353,False
common,3,0,False,True,immediate,scan,False,439731,407169,527983,494679,61978,False
common,3,0,False,True,immediate,scan,True,469259,452173,497178,501996,62505,False
common,3,0,False,True,immediate,sealed-indexed,False,597996,529660,652887,633477,79888,False
common,3,0,False,True,immediate,sealed-indexed,True,602438,545428,679665,640794,80415,False
common,3,0,False,True,immediate,sealed-scan,False,494088,416578,568449,474725,62530,False
common,3,0,False,True,immediate,sealed-scan,True,441203,404761,496402,482042,63057,False
common,3,0,False,True,window,active-indexed,False,591421,499174,1023352,580151,90776,False
common,3,0,False,True,window,active-indexed,True,550382,501795,896621,587468,91303,False
common,3,0,False,True,window,active-native-indexed,False,461228,422805,770851,565271,89680,False
common,3,0,False,True,window,active-native-indexed,True,475957,438636,879867,572588,90207,False
common,3,0,False,True,window,active-native-scan,False,455801,448137,754485,505623,80594,False
common,3,0,False,True,window,active-native-scan,True,473732,436529,870453,512940,81121,False
common,3,0,False,True,window,active-scan,False,491487,457730,774789,505559,79768,False
common,3,0,False,True,window,active-scan,True,796277,462036,865582,512876,80295,False
common,3,0,False,True,window,birth,False,423239,388837,661404,456529,65179,False
common,3,0,False,True,window,birth,True,549841,405201,730016,463846,65706,False
common,3,0,False,True,window,birth-miss,False,388527,371802,794308,462705,65187,False
common,3,0,False,True,window,birth-miss,True,447264,407353,772348,470022,65714,False
common,3,0,False,True,window,birth-miss-template,False,482355,414113,776330,495565,69261,False
common,3,0,False,True,window,birth-miss-template,True,518976,440054,812789,502882,69788,False
common,3,0,False,True,window,conditional,False,575809,556348,1021911,529050,41800,False
common,3,0,False,True,window,conditional,True,587301,523775,864890,536367,42327,False
common,3,0,False,True,window,indexed,False,540996,500820,958575,653431,91160,False
common,3,0,False,True,window,indexed,True,631788,497878,1201500,660748,91687,False
common,3,0,False,True,window,native-indexed,False,591548,432338,867925,620759,89040,False
common,3,0,False,True,window,native-indexed,True,501585,446963,920656,628076,89567,False
common,3,0,False,True,window,native-scan,False,506660,388279,675598,497559,73650,False
common,3,0,False,True,window,native-scan,True,470757,437703,715008,504876,74177,False
common,3,0,False,True,window,scan,False,554992,449335,876294,494679,73802,False
common,3,0,False,True,window,scan,True,541401,454939,778148,501996,74329,False
common,3,0,False,True,window,sealed-indexed,False,553792,530074,1133961,633477,91712,False
common,3,0,False,True,window,sealed-indexed,True,578787,535491,1106820,640794,92239,False
common,3,0,False,True,window,sealed-scan,False,438078,402528,736462,474725,74354,False
common,3,0,False,True,window,sealed-scan,True,462761,411307,855025,482042,74881,False
common,3,0,True,False,all,active-indexed,False,758745,597894,976155,633147,98356,False
common,3,0,True,False,all,active-indexed,True,721777,630216,1151612,640608,98883,False
common,3,0,True,False,all,active-native-indexed,False,575749,521146,674639,605243,97260,False
common,3,0,True,False,all,active-native-indexed,True,599337,512715,669855,612704,97787,False
common,3,0,True,False,all,active-native-scan,False,534831,489481,785876,545595,88174,False
common,3,0,True,False,all,active-native-scan,True,573117,485427,647336,553056,88701,False
common,3,0,True,False,all,active-scan,False,596076,549933,685667,557595,87348,False
common,3,0,True,False,all,active-scan,True,604380,543243,649689,565056,87875,False
common,3,0,True,False,all,birth,False,428213,422713,503088,460647,75649,False
common,3,0,True,False,all,birth,True,444524,434321,533333,468108,76176,False
common,3,0,True,False,all,birth-miss,False,453700,421161,486742,466823,75657,False
common,3,0,True,False,all,birth-miss,True,441589,414949,531671,474284,76184,False
common,3,0,True,False,all,birth-miss-template,False,480733,409575,489903,499683,79731,False
common,3,0,True,False,all,birth-miss-template,True,520196,446167,872187,507144,80258,False
common,3,0,True,False,all,conditional,False,651051,592924,698301,608282,49564,False
common,3,0,True,False,all,conditional,True,725821,645923,971003,615743,50091,False
common,3,0,True,False,all,indexed,False,733095,632257,1051506,720347,98932,False
common,3,0,True,False,all,indexed,True,697753,652287,753411,727808,99459,False
common,3,0,True,False,all,native-indexed,False,569626,544523,798402,689211,96812,False
common,3,0,True,False,all,native-indexed,True,624991,568721,687188,696672,97339,False
common,3,0,True,False,all,native-scan,False,501398,465809,831398,565979,81486,False
common,3,0,True,False,all,native-scan,True,493425,479528,595453,573440,82013,False
common,3,0,True,False,all,scan,False,583033,540538,897364,561051,81638,False
common,3,0,True,False,all,scan,True,555723,445128,871818,568512,82165,False
common,3,0,True,False,all,sealed-indexed,False,669287,635785,790089,696531,99516,False
common,3,0,True,False,all,sealed-indexed,True,662518,601973,727404,703992,100043,False
common,3,0,True,False,all,sealed-scan,False,509223,493122,633371,537235,82222,False
common,3,0,True,False,all,sealed-scan,True,636975,532035,815647,544696,82749,False
common,3,0,True,False,immediate,active-indexed,False,641890,588359,1225590,633147,79372,False
common,3,0,True,False,immediate,active-indexed,True,647625,585195,758925,640608,79899,False
common,3,0,True,False,immediate,active-native-indexed,False,557207,490781,651956,605243,78276,False
common,3,0,True,False,immediate,active-native-indexed,True,593336,539663,629822,612704,78803,False
common,3,0,True,False,immediate,active-native-scan,False,568718,497560,608040,545595,69190,False
common,3,0,True,False,immediate,active-native-scan,True,553570,478430,622751,553056,69717,False
common,3,0,True,False,immediate,active-scan,False,599335,509605,643924,557595,68364,False
common,3,0,True,False,immediate,active-scan,True,590457,538480,641246,565056,68891,False
common,3,0,True,False,immediate,birth,False,398113,369929,429844,460647,45721,False
common,3,0,True,False,immediate,birth,True,447307,386409,885926,468108,46248,False
common,3,0,True,False,immediate,birth-miss,False,404434,397091,439155,466823,45729,False
common,3,0,True,False,immediate,birth-miss,True,442098,402892,539094,474284,46256,False
common,3,0,True,False,immediate,birth-miss-template,False,442991,411432,504569,499683,49803,False
common,3,0,True,False,immediate,birth-miss-template,True,482872,441840,1148793,507144,50330,False
common,3,0,True,False,immediate,conditional,False,687139,616482,753176,608282,30580,False
common,3,0,True,False,immediate,conditional,True,712654,611404,776614,615743,31107,False
common,3,0,True,False,immediate,indexed,False,714782,632726,758700,720347,79948,False
common,3,0,True,False,immediate,indexed,True,711820,644506,771776,727808,80475,False
common,3,0,True,False,immediate,native-indexed,False,616612,535821,642408,689211,77828,False
common,3,0,True,False,immediate,native-indexed,True,569943,556758,731060,696672,78355,False
common,3,0,True,False,immediate,native-scan,False,519414,485155,551226,565979,62502,False
common,3,0,True,False,immediate,native-scan,True,514300,461694,533651,573440,63029,False
common,3,0,True,False,immediate,scan,False,553496,533911,611183,561051,62654,False
common,3,0,True,False,immediate,scan,True,593398,517068,625400,568512,63181,False
common,3,0,True,False,immediate,sealed-indexed,False,727931,671496,830853,696531,80532,False
common,3,0,True,False,immediate,sealed-indexed,True,671196,615875,743244,703992,81059,False
common,3,0,True,False,immediate,sealed-scan,False,546057,464900,593627,537235,63238,False
common,3,0,True,False,immediate,sealed-scan,True,555175,504018,586299,544696,63765,False
common,3,0,True,False,window,active-indexed,False,634881,585182,1019089,633147,92028,False
common,3,0,True,False,window,active-indexed,True,720714,626186,1232959,640608,92555,False
common,3,0,True,False,window,active-native-indexed,False,591957,533448,857696,605243,90932,False
common,3,0,True,False,window,active-native-indexed,True,614316,552888,936327,612704,91459,False
common,3,0,True,False,window,active-native-scan,False,597244,496322,795025,545595,81846,False
common,3,0,True,False,window,active-native-scan,True,585429,536914,880357,553056,82373,False
common,3,0,True,False,window,active-scan,False,711421,587843,923243,557595,81020,False
common,3,0,True,False,window,active-scan,True,663649,568465,871153,565056,81547,False
common,3,0,True,False,window,birth,False,434982,388036,643594,460647,65673,False
common,3,0,True,False,window,birth,True,471021,420644,626904,468108,66200,False
common,3,0,True,False,window,birth-miss,False,451960,390999,675745,466823,65681,False
common,3,0,True,False,window,birth-miss,True,471280,426336,685651,474284,66208,False
common,3,0,True,False,window,birth-miss-template,False,455756,439703,708292,499683,69755,False
common,3,0,True,False,window,birth-miss-template,True,552907,456984,816321,507144,70282,False
common,3,0,True,False,window,conditional,False,644547,617201,911001,608282,43236,False
common,3,0,True,False,window,conditional,True,687758,640332,916078,615743,43763,False
common,3,0,True,False,window,indexed,False,763232,655413,1101064,720347,92604,False
common,3,0,True,False,window,indexed,True,778410,656529,1153869,727808,93131,False
common,3,0,True,False,window,native-indexed,False,620331,540271,935636,689211,90484,False
common,3,0,True,False,window,native-indexed,True,632521,583004,1026128,696672,91011,False
common,3,0,True,False,window,native-scan,False,574409,485773,799360,565979,75158,False
common,3,0,True,False,window,native-scan,True,526676,478144,805792,573440,75685,False
common,3,0,True,False,window,scan,False,552708,522725,897575,561051,75310,False
common,3,0,True,False,window,scan,True,602775,557774,914301,568512,75837,False
common,3,0,True,False,window,sealed-indexed,False,667887,634898,1030587,696531,93188,False
common,3,0,True,False,window,sealed-indexed,True,667450,629278,1067254,703992,93715,False
common,3,0,True,False,window,sealed-scan,False,522911,487508,947768,537235,75894,False
common,3,0,True,False,window,sealed-scan,True,647220,527800,871664,544696,76421,False
common,3,0,True,True,all,active-indexed,False,606953,542931,754381,612987,98356,False
common,3,0,True,True,all,active-indexed,True,592819,570039,676175,620448,98883,False
common,3,0,True,True,all,active-native-indexed,False,556935,498423,822466,590011,97260,False
common,3,0,True,True,all,active-native-indexed,True,582168,497380,1007359,597472,97787,False
common,3,0,True,True,all,active-native-scan,False,506458,447691,672661,530363,88174,False
common,3,0,True,True,all,active-native-scan,True,543317,515837,656560,537824,88701,False
common,3,0,True,True,all,active-scan,False,548757,508619,619534,537883,87348,False
common,3,0,True,True,all,active-scan,True,568662,543482,620831,545344,87875,False
common,3,0,True,True,all,birth,False,415912,398816,424451,460647,75649,False
common,3,0,True,True,all,birth,True,457756,416921,502544,468108,76176,False
common,3,0,True,True,all,birth-miss,False,417052,398459,962414,466823,75657,False
common,3,0,True,True,all,birth-miss,True,457218,422424,633355,474284,76184,False
common,3,0,True,True,all,birth-miss-template,False,451519,437024,468000,499683,79731,False
common,3,0,True,True,all,birth-miss-template,True,480681,391458,560581,507144,80258,False
common,3,0,True,True,all,conditional,False,618912,582380,748947,608282,49476,False
common,3,0,True,True,all,conditional,True,690686,536885,749677,615743,50003,False
common,3,0,True,True,all,indexed,False,681695,654320,702511,720347,98932,False
common,3,0,True,True,all,indexed,True,714089,641423,833053,727808,99459,False
common,3,0,True,True,all,native-indexed,False,584151,553751,660284,689211,96812,False
common,3,0,True,True,all,native-indexed,True,586249,560029,771934,696672,97339,False
common,3,0,True,True,all,native-scan,False,492216,452191,503260,565979,81486,False
common,3,0,True,True,all,native-scan,True,530942,455034,1262558,573440,82013,False
common,3,0,True,True,all,scan,False,532658,442827,551839,561051,81638,False
common,3,0,True,True,all,scan,True,590236,500935,618177,568512,82165,False
common,3,0,True,True,all,sealed-indexed,False,644422,563700,707457,696531,99516,False
common,3,0,True,True,all,sealed-indexed,True,686970,640575,1079554,703992,100043,False
common,3,0,True,True,all,sealed-scan,False,515268,469945,586633,537235,82222,False
common,3,0,True,True,all,sealed-scan,True,554918,487609,674308,544696,82749,False
common,3,0,True,True,immediate,active-indexed,False,633315,550303,864347,612987,79372,False
common,3,0,True,True,immediate,active-indexed,True,624154,545274,692133,620448,79899,False
common,3,0,True,True,immediate,active-native-indexed,False,586891,488600,867446,590011,78276,False
common,3,0,True,True,immediate,active-native-indexed,True,557216,540730,587305,597472,78803,False
common,3,0,True,True,immediate,active-native-scan,False,521950,446610,549167,530363,69190,False
common,3,0,True,True,immediate,active-native-scan,True,552547,499126,749389,537824,69717,False
common,3,0,True,True,immediate,active-scan,False,531463,510742,669523,537883,68364,False
common,3,0,True,True,immediate,active-scan,True,571587,532896,829049,545344,68891,False
common,3,0,True,True,immediate,birth,False,394477,371243,431167,460647,45721,False
common,3,0,True,True,immediate,birth,True,436048,402038,476680,468108,46248,False
common,3,0,True,True,immediate,birth-miss,False,449095,370488,624329,466823,45729,False
common,3,0,True,True,immediate,birth-miss,True,430688,396676,593586,474284,46256,False
common,3,0,True,True,immediate,birth-miss-template,False,456248,406783,467346,499683,49803,False
common,3,0,True,True,immediate,birth-miss-template,True,463217,452201,517800,507144,50330,False
common,3,0,True,True,immediate,conditional,False,692933,583416,755284,608282,30492,False
common,3,0,True,True,immediate,conditional,True,679358,629206,698502,615743,31019,False
common,3,0,True,True,immediate,indexed,False,718155,666297,1042124,720347,79948,False
common,3,0,True,True,immediate,indexed,True,743003,645486,1045982,727808,80475,False
common,3,0,True,True,immediate,native-indexed,False,620886,547340,899936,689211,77828,False
common,3,0,True,True,immediate,native-indexed,True,591178,550332,632193,696672,78355,False
common,3,0,True,True,immediate,native-scan,False,507889,451242,728590,565979,62502,False
common,3,0,True,True,immediate,native-scan,True,562050,451136,713920,573440,63029,False
common,3,0,True,True,immediate,scan,False,543372,510836,780363,561051,62654,False
common,3,0,True,True,immediate,scan,True,592582,502203,858009,568512,63181,False
common,3,0,True,True,immediate,sealed-indexed,False,712392,594281,972226,696531,80532,False
common,3,0,True,True,immediate,sealed-indexed,True,717455,657939,1021703,703992,81059,False
common,3,0,True,True,immediate,sealed-scan,False,519069,502189,821742,537235,63238,False
common,3,0,True,True,immediate,sealed-scan,True,567305,505820,775282,544696,63765,False
common,3,0,True,True,window,active-indexed,False,699107,552034,891838,612987,92028,False
common,3,0,True,True,window,active-indexed,True,592301,566167,634987,620448,92555,False
common,3,0,True,True,window,active-native-indexed,False,559198,526291,626815,590011,90932,False
common,3,0,True,True,window,active-native-indexed,True,558302,536715,589142,597472,91459,False
common,3,0,True,True,window,active-native-scan,False,510378,470032,704524,530363,81846,False
common,3,0,True,True,window,active-native-scan,True,535370,443394,911722,537824,82373,False
common,3,0,True,True,window,active-scan,False,555858,482788,785967,537883,81020,False
common,3,0,True,True,window,active-scan,True,570422,471361,650593,545344,81547,False
common,3,0,True,True,window,birth,False,397051,377155,470156,460647,65673,False
common,3,0,True,True,window,birth,True,427818,422377,690766,468108,66200,False
common,3,0,True,True,window,birth-miss,False,457599,413853,646577,466823,65681,False
common,3,0,True,True,window,birth-miss,True,408493,397386,630815,474284,66208,False
common,3,0,True,True,window,birth-miss-template,False,453101,437493,477768,499683,69755,False
common,3,0,True,True,window,birth-miss-template,True,470888,449370,523294,507144,70282,False
common,3,0,True,True,window,conditional,False,631835,610462,650059,608282,43148,False
common,3,0,True,True,window,conditional,True,690433,598163,753549,615743,43675,False
common,3,0,True,True,window,indexed,False,664009,638821,728793,720347,92604,False
common,3,0,True,True,window,indexed,True,714170,595795,747971,727808,93131,False
common,3,0,True,True,window,native-indexed,False,607663,518370,840050,689211,90484,False
common,3,0,True,True,window,native-indexed,True,574156,535910,657893,696672,91011,False
common,3,0,True,True,window,native-scan,False,470730,443807,519621,565979,75158,False
common,3,0,True,True,window,native-scan,True,504737,475774,675471,573440,75685,False
common,3,0,True,True,window,scan,False,519690,495633,648607,561051,75310,False
common,3,0,True,True,window,scan,True,587888,533367,3927108,568512,75837,False
common,3,0,True,True,window,sealed-indexed,False,638723,599227,1025703,696531,93188,False
common,3,0,True,True,window,sealed-indexed,True,664928,598562,739985,703992,93715,False
common,3,0,True,True,window,sealed-scan,False,485394,420576,4080547,537235,75894,False
common,3,0,True,True,window,sealed-scan,True,503407,477208,565431,544696,76421,False
common,3,16,False,False,all,active-indexed,False,1792767,1645045,2798294,1657367,152360,False
common,3,16,False,False,all,active-indexed,True,575658,539265,896821,619788,97215,False
common,3,16,False,False,all,active-native-indexed,False,1605508,1348243,2345772,1371159,134674,False
common,3,16,False,False,all,active-native-indexed,True,572224,524422,835720,600844,96119,False
common,3,16,False,False,all,active-native-scan,False,1239364,1190393,1926167,1192727,127378,False
common,3,16,False,False,all,active-native-scan,True,524491,460059,969988,541196,87033,False
common,3,16,False,False,all,active-scan,False,1508984,1434453,2233705,1373943,133608,False
common,3,16,False,False,all,active-scan,True,553453,463219,830742,544748,86207,False
common,3,16,False,False,all,birth,False,3503679,3012894,5194917,2790097,165237,False
common,3,16,False,False,all,birth,True,486269,452834,734280,480998,75650,False
common,3,16,False,False,all,birth-miss,False,2910446,2725447,5510633,2690481,165269,False
common,3,16,False,False,all,birth-miss,True,459570,392946,668621,487174,75658,False
common,3,16,False,False,all,birth-miss-template,False,2977622,2872782,5551653,2929837,196783,False
common,3,16,False,False,all,birth-miss-template,True,489315,468208,709726,520034,79732,False
common,3,16,False,False,all,conditional,False,2262329,2228124,4333976,2633222,81508,False
common,3,16,False,False,all,conditional,True,629391,615941,3949926,553519,48711,False
common,3,16,False,False,all,indexed,False,1880684,1756375,3053758,1964503,148408,False
common,3,16,False,False,all,indexed,True,685410,588362,1037448,677900,97599,False
common,3,16,False,False,all,native-indexed,False,1244410,1189234,1996748,1663031,131714,False
common,3,16,False,False,all,native-indexed,True,628721,525244,980661,645228,95479,False
common,3,16,False,False,all,native-scan,False,1141835,1016007,1672665,1388279,118530,False
common,3,16,False,False,all,native-scan,True,482710,430460,662471,522028,80089,False
common,3,16,False,False,all,scan,False,2341683,1379168,5980343,1409463,118682,False
common,3,16,False,False,all,scan,True,484137,464473,746777,519148,80241,False
common,3,16,False,False,all,sealed-indexed,False,2245079,1751101,2953951,1879013,146080,False
common,3,16,False,False,all,sealed-indexed,True,622001,563278,938117,657946,98151,False
common,3,16,False,False,all,sealed-scan,False,1368237,1120286,2185871,1323973,119234,False
common,3,16,False,False,all,sealed-scan,True,548266,502280,925411,499194,80793,False
common,3,16,False,False,immediate,active-indexed,False,1790874,1628246,1984801,1657367,134624,False
common,3,16,False,False,immediate,active-indexed,True,628757,560091,750673,619788,79479,False
common,3,16,False,False,immediate,active-native-indexed,False,1395206,1366225,1553988,1371159,116938,False
common,3,16,False,False,immediate,active-native-indexed,True,576845,537106,848048,600844,78383,False
common,3,16,False,False,immediate,active-native-scan,False,1343762,1175137,1486684,1192727,109642,False
common,3,16,False,False,immediate,active-native-scan,True,554184,499333,612556,541196,69297,False
common,3,16,False,False,immediate,active-scan,False,1628838,1446406,2267546,1373943,115872,False
common,3,16,False,False,immediate,active-scan,True,629023,537122,785228,544748,68471,False
common,3,16,False,False,immediate,birth,False,3678962,3041767,4188462,2790097,135405,False
common,3,16,False,False,immediate,birth,True,478486,449969,492440,480998,45818,False
common,3,16,False,False,immediate,birth-miss,False,3233127,2982708,3492550,2690481,135437,False
common,3,16,False,False,immediate,birth-miss,True,485989,442309,532445,487174,45826,False
common,3,16,False,False,immediate,birth-miss-template,False,3194311,3147336,4973971,2929837,166951,False
common,3,16,False,False,immediate,birth-miss-template,True,500271,478289,666485,520034,49900,False
common,3,16,False,False,immediate,conditional,False,2280670,2207202,2469502,2633222,62620,False
common,3,16,False,False,immediate,conditional,True,729193,696211,806708,553519,29823,False
common,3,16,False,False,immediate,indexed,False,1926677,1862448,2104270,1964503,130672,False
common,3,16,False,False,immediate,indexed,True,710340,647176,785188,677900,79863,False
common,3,16,False,False,immediate,native-indexed,False,1434787,1332699,1460704,1663031,113978,False
common,3,16,False,False,immediate,native-indexed,True,582989,549806,642784,645228,77743,False
common,3,16,False,False,immediate,native-scan,False,1180194,1091279,1258801,1388279,100794,False
common,3,16,False,False,immediate,native-scan,True,500695,449884,565334,522028,62353,False
common,3,16,False,False,immediate,scan,False,1536816,1489296,1636333,1409463,100946,False
common,3,16,False,False,immediate,scan,True,539850,481582,571394,519148,62505,False
common,3,16,False,False,immediate,sealed-indexed,False,1884192,1786296,2007149,1879013,128344,False
common,3,16,False,False,immediate,sealed-indexed,True,651145,627407,692717,657946,80415,False
common,3,16,False,False,immediate,sealed-scan,False,1428609,1309431,1599428,1323973,101498,False
common,3,16,False,False,immediate,sealed-scan,True,519759,508480,627897,499194,63057,False
common,3,16,False,False,window,active-indexed,False,1625510,1543952,1834663,1657367,146448,False
common,3,16,False,False,window,active-indexed,True,586354,522533,894874,619788,91303,False
common,3,16,False,False,window,active-native-indexed,False,1483284,1289016,1716506,1371159,128762,False
common,3,16,False,False,window,active-native-indexed,True,658004,561995,1045481,600844,90207,False
common,3,16,False,False,window,active-native-scan,False,1233926,1097697,1713566,1192727,121466,False
common,3,16,False,False,window,active-native-scan,True,607895,452502,698598,541196,81121,False
common,3,16,False,False,window,active-scan,False,1449997,1316943,3153547,1373943,127696,False
common,3,16,False,False,window,active-scan,True,543065,457990,4062769,544748,80295,False
common,3,16,False,False,window,birth,False,3343504,3189777,3758242,2790097,155293,False
common,3,16,False,False,window,birth,True,488961,453204,668492,480998,65706,False
common,3,16,False,False,window,birth-miss,False,3123997,2898658,3685132,2690481,155325,False
common,3,16,False,False,window,birth-miss,True,429506,406704,488149,487174,65714,False
common,3,16,False,False,window,birth-miss-template,False,3392029,2808013,4294059,2929837,186839,False
common,3,16,False,False,window,birth-miss-template,True,483594,479228,758759,520034,69788,False
common,3,16,False,False,window,conditional,False,2376472,2136465,2574094,2633222,75212,False
common,3,16,False,False,window,conditional,True,636721,598982,715104,553519,42415,False
common,3,16,False,False,window,indexed,False,1777160,1724255,2211346,1964503,142496,False
common,3,16,False,False,window,indexed,True,815638,551885,1647173,677900,91687,False
common,3,16,False,False,window,native-indexed,False,2326253,1076107,3361567,1663031,125802,False
common,3,16,False,False,window,native-indexed,True,552167,529286,628211,645228,89567,False
common,3,16,False,False,window,native-scan,False,1057628,1046535,1304601,1388279,112618,False
common,3,16,False,False,window,native-scan,True,562506,435163,1068665,522028,74177,False
common,3,16,False,False,window,scan,False,1381924,1250595,2014091,1409463,112770,False
common,3,16,False,False,window,scan,True,505698,456780,535216,519148,74329,False
common,3,16,False,False,window,sealed-indexed,False,1943331,1636915,3400152,1879013,140168,False
common,3,16,False,False,window,sealed-indexed,True,614819,584910,1359115,657946,92239,False
common,3,16,False,False,window,sealed-scan,False,1362012,1340662,1602214,1323973,113322,False
common,3,16,False,False,window,sealed-scan,True,508402,479775,912530,499194,74881,False
common,3,16,False,True,all,active-indexed,False,1719576,1639884,2055270,1757559,142744,False
common,3,16,False,True,all,active-indexed,True,550606,532632,619575,604620,97215,False
common,3,16,False,True,all,active-native-indexed,False,1503621,1393954,2071174,1481047,132994,False
common,3,16,False,True,all,active-native-indexed,True,547663,453263,599552,589740,96119,False
common,3,16,False,True,all,active-native-scan,False,1273116,1160988,1689079,1302615,125698,False
common,3,16,False,True,all,active-native-scan,True,501238,491735,573100,530092,87033,False
common,3,16,False,True,all,active-scan,False,1495858,1381985,1740712,1493527,126936,False
common,3,16,False,True,all,active-scan,True,522349,463738,546385,530028,86207,False
common,3,16,False,True,all,birth,False,3544553,3287554,3921327,2790097,165237,False
common,3,16,False,True,all,birth,True,477345,461033,503595,480998,75650,False
common,3,16,False,True,all,birth-miss,False,3407945,3072097,5327317,2690481,165269,False
common,3,16,False,True,all,birth-miss,True,490286,438398,653221,487174,75658,False
common,3,16,False,True,all,birth-miss-template,False,3307064,3240432,3690912,2929837,196783,False
common,3,16,False,True,all,birth-miss-template,True,521902,468307,619151,520034,79732,False
common,3,16,False,True,all,conditional,False,2557402,2308196,3415704,2630694,80788,False
common,3,16,False,True,all,conditional,True,653809,566278,4182104,553519,48623,False
common,3,16,False,True,all,indexed,False,2063911,1928193,2120476,1989623,142648,False
common,3,16,False,True,all,indexed,True,622997,568860,665317,677900,97599,False
common,3,16,False,True,all,native-indexed,False,1466714,1212143,1647560,1711703,131714,False
common,3,16,False,True,all,native-indexed,True,563313,531599,585234,645228,95479,False
common,3,16,False,True,all,native-scan,False,1115199,1004845,1674518,1436951,118530,False
common,3,16,False,True,all,native-scan,True,483705,462393,672273,522028,80089,False
common,3,16,False,True,all,scan,False,1414487,1254507,1562775,1458135,118682,False
common,3,16,False,True,all,scan,True,503232,485230,581110,519148,80241,False
common,3,16,False,True,all,sealed-indexed,False,1934774,1756143,2034243,1904133,143264,False
common,3,16,False,True,all,sealed-indexed,True,611866,554595,643245,657946,98151,False
common,3,16,False,True,all,sealed-scan,False,1495987,1357487,1810188,1372645,119234,False
common,3,16,False,True,all,sealed-scan,True,522690,457133,594236,499194,80793,False
common,3,16,False,True,immediate,active-indexed,False,1976474,1541135,2798738,1757559,125008,False
common,3,16,False,True,immediate,active-indexed,True,613027,517627,956544,604620,79479,False
common,3,16,False,True,immediate,active-native-indexed,False,1459229,1337401,2836645,1481047,115258,False
common,3,16,False,True,immediate,active-native-indexed,True,537698,493659,824635,589740,78383,False
common,3,16,False,True,immediate,active-native-scan,False,1271395,1241511,2590376,1302615,107962,False
common,3,16,False,True,immediate,active-native-scan,True,575070,488934,829581,530092,69297,False
common,3,16,False,True,immediate,active-scan,False,1736331,1504303,3326639,1493527,109200,False
common,3,16,False,True,immediate,active-scan,True,560835,488826,996840,530028,68471,False
common,3,16,False,True,immediate,birth,False,3544397,3305355,6277571,2790097,135405,False
common,3,16,False,True,immediate,birth,True,639479,434340,866541,480998,45818,False
common,3,16,False,True,immediate,birth-miss,False,2972495,2763192,5411466,2690481,135437,False
common,3,16,False,True,immediate,birth-miss,True,454771,398041,695259,487174,45826,False
common,3,16,False,True,immediate,birth-miss-template,False,3506774,3024423,5564692,2929837,166951,False
common,3,16,False,True,immediate,birth-miss-template,True,476645,448058,725743,520034,49900,False
common,3,16,False,True,immediate,conditional,False,2186020,2067985,3437841,2630694,61900,False
common,3,16,False,True,immediate,conditional,True,672211,522219,835754,553519,29735,False
common,3,16,False,True,immediate,indexed,False,2012795,1842206,3766691,1989623,124912,False
common,3,16,False,True,immediate,indexed,True,616298,533660,1057657,677900,79863,False
common,3,16,False,True,immediate,native-indexed,False,1391495,1214131,2058881,1711703,113978,False
common,3,16,False,True,immediate,native-indexed,True,563463,538108,1112581,645228,77743,False
common,3,16,False,True,immediate,native-scan,False,1275503,1066064,2087049,1436951,100794,False
common,3,16,False,True,immediate,native-scan,True,456005,429498,688080,522028,62353,False
common,3,16,False,True,immediate,scan,False,1440992,1348839,3124307,1458135,100946,False
common,3,16,False,True,immediate,scan,True,534382,448885,786392,519148,62505,False
common,3,16,False,True,immediate,sealed-indexed,False,1922006,1689364,3425149,1904133,125528,False
common,3,16,False,True,immediate,sealed-indexed,True,626083,534284,1194648,657946,80415,False
common,3,16,False,True,immediate,sealed-scan,False,1333820,1117837,2118621,1372645,101498,False
common,3,16,False,True,immediate,sealed-scan,True,639382,484104,714483,499194,63057,False
common,3,16,False,True,window,active-indexed,False,1818759,1712911,2431562,1757559,136832,False
common,3,16,False,True,window,active-indexed,True,533288,512653,595622,604620,91303,False
common,3,16,False,True,window,active-native-indexed,False,1461081,1391672,1616263,1481047,127082,False
common,3,16,False,True,window,active-native-indexed,True,559718,507342,712921,589740,90207,False
common,3,16,False,True,window,active-native-scan,False,1266476,1142084,1469780,1302615,119786,False
common,3,16,False,True,window,active-native-scan,True,523902,483300,654475,530092,81121,False
common,3,16,False,True,window,active-scan,False,1690875,1339600,2067503,1493527,121024,False
common,3,16,False,True,window,active-scan,True,532254,479018,735073,530028,80295,False
common,3,16,False,True,window,birth,False,3592119,3259156,3975192,2790097,155293,False
common,3,16,False,True,window,birth,True,471031,468018,489033,480998,65706,False
common,3,16,False,True,window,birth-miss,False,3221224,3001067,3454526,2690481,155325,False
common,3,16,False,True,window,birth-miss,True,457656,410304,527125,487174,65714,False
common,3,16,False,True,window,birth-miss-template,False,3207221,2880945,3500044,2929837,186839,False
common,3,16,False,True,window,birth-miss-template,True,506328,443191,528155,520034,69788,False
common,3,16,False,True,window,conditional,False,2293828,2156974,2670999,2630694,74492,False
common,3,16,False,True,window,conditional,True,659979,640071,833598,553519,42327,False
common,3,16,False,True,window,indexed,False,1868419,1771339,2087450,1989623,136736,False
common,3,16,False,True,window,indexed,True,638531,526737,855560,677900,91687,False
common,3,16,False,True,window,native-indexed,False,1341820,1232629,1451315,1711703,125802,False
common,3,16,False,True,window,native-indexed,True,568825,536487,602938,645228,89567,False
common,3,16,False,True,window,native-scan,False,1116994,1070595,1191977,1436951,112618,False
common,3,16,False,True,window,native-scan,True,476847,450068,495863,522028,74177,False
common,3,16,False,True,window,scan,False,1499764,1293745,2015003,1458135,112770,False
common,3,16,False,True,window,scan,True,497685,474897,539816,519148,74329,False
common,3,16,False,True,window,sealed-indexed,False,1875157,1771897,1968172,1904133,137352,False
common,3,16,False,True,window,sealed-indexed,True,646767,571770,745513,657946,92239,False
common,3,16,False,True,window,sealed-scan,False,1464339,1116509,1825346,1372645,113322,False
common,3,16,False,True,window,sealed-scan,True,496239,478554,556492,499194,74881,False
common,3,16,True,False,all,active-indexed,False,1802736,1573249,3523832,1708507,154220,False
common,3,16,True,False,all,active-indexed,True,619704,530658,1119260,657760,98883,False
common,3,16,True,False,all,active-native-indexed,False,1383439,1269323,1473627,1413339,139286,False
common,3,16,True,False,all,active-native-indexed,True,578061,533042,621725,629856,97787,False
common,3,16,True,False,all,active-native-scan,False,1280444,1138784,1911587,1234907,131990,False
common,3,16,True,False,all,active-native-scan,True,606423,480126,642894,570208,88701,False
common,3,16,True,False,all,active-scan,False,1497389,1455893,5839551,1424571,135468,False
common,3,16,True,False,all,active-scan,True,615706,549768,1045441,582208,87875,False
common,3,16,True,False,all,birth,False,3307566,3030707,3666980,2800359,165763,False
common,3,16,True,False,all,birth,True,461951,392392,863273,485260,76176,False
common,3,16,True,False,all,birth-miss,False,2939293,2639228,3151167,2700743,165795,False
common,3,16,True,False,all,birth-miss,True,475332,452011,1042017,491436,76184,False
common,3,16,True,False,all,birth-miss-template,False,3024164,2645600,5262113,2940099,197309,False
common,3,16,True,False,all,birth-miss-template,True,506086,422020,637325,524296,80258,False
common,3,16,True,False,all,conditional,False,2368729,2288119,3999109,2801030,82376,False
common,3,16,True,False,all,conditional,True,709129,617038,826182,632895,50091,False
common,3,16,True,False,all,indexed,False,1825276,1663793,3585245,2059579,150268,False
common,3,16,True,False,all,indexed,True,789366,666969,1422659,744960,99459,False
common,3,16,True,False,all,native-indexed,False,1296666,1130590,1568952,1759643,136582,False
common,3,16,True,False,all,native-indexed,True,601089,540816,686651,713824,97339,False
common,3,16,True,False,all,native-scan,False,1107113,1036561,2019024,1484859,123398,False
common,3,16,True,False,all,native-scan,True,491594,438699,1495087,590592,82013,False
common,3,16,True,False,all,scan,False,1523586,1267478,1745748,1503995,123550,False
common,3,16,True,False,all,scan,True,568059,543804,723623,585664,82165,False
common,3,16,True,False,all,sealed-indexed,False,1900418,1652294,1936205,1958451,147972,False
common,3,16,True,False,all,sealed-indexed,True,703133,688063,786581,721144,100043,False
common,3,16,True,False,all,sealed-scan,False,1393134,1372144,2229272,1402867,121190,False
common,3,16,True,False,all,sealed-scan,True,536107,472776,553954,561848,82749,False
common,3,16,True,False,immediate,active-indexed,False,1729286,1614466,1803413,1708507,135236,False
common,3,16,True,False,immediate,active-indexed,True,623390,544927,727963,657760,79899,False
common,3,16,True,False,immediate,active-native-indexed,False,1373771,1315077,1626973,1413339,120302,False
common,3,16,True,False,immediate,active-native-indexed,True,592601,528283,625388,629856,78803,False
common,3,16,True,False,immediate,active-native-scan,False,1255750,1166844,1439269,1234907,113006,False
common,3,16,True,False,immediate,active-native-scan,True,545689,500813,635008,570208,69717,False
common,3,16,True,False,immediate,active-scan,False,1524881,1422748,1787362,1424571,116484,False
common,3,16,True,False,immediate,active-scan,True,607405,558871,641622,582208,68891,False
common,3,16,True,False,immediate,birth,False,3363406,3035291,3639512,2800359,135835,False
common,3,16,True,False,immediate,birth,True,429524,380319,480024,485260,46248,False
common,3,16,True,False,immediate,birth-miss,False,3119679,2787259,8331008,2700743,135867,False
common,3,16,True,False,immediate,birth-miss,True,459162,444854,531993,491436,46256,False
common,3,16,True,False,immediate,birth-miss-template,False,3121386,2793104,3282893,2940099,167381,False
common,3,16,True,False,immediate,birth-miss-template,True,483723,462149,524877,524296,50330,False
common,3,16,True,False,immediate,conditional,False,2366384,2180715,2465659,2801030,63392,False
common,3,16,True,False,immediate,conditional,True,661741,584550,706669,632895,31107,False
common,3,16,True,False,immediate,indexed,False,1984779,1831388,2155973,2059579,131284,False
common,3,16,True,False,immediate,indexed,True,706919,667182,851470,744960,80475,False
common,3,16,True,False,immediate,native-indexed,False,1428944,1187626,1488394,1759643,117598,False
common,3,16,True,False,immediate,native-indexed,True,629062,544232,952844,713824,78355,False
common,3,16,True,False,immediate,native-scan,False,1119451,1072554,1148271,1484859,104414,False
common,3,16,True,False,immediate,native-scan,True,550148,468860,634924,590592,63029,False
common,3,16,True,False,immediate,scan,False,1472675,1352480,1795811,1503995,104566,False
common,3,16,True,False,immediate,scan,True,551049,529550,600110,585664,63181,False
common,3,16,True,False,immediate,sealed-indexed,False,1931798,1727823,1958054,1958451,128988,False
common,3,16,True,False,immediate,sealed-indexed,True,685500,547560,784805,721144,81059,False
common,3,16,True,False,immediate,sealed-scan,False,1433452,1318504,1539648,1402867,102206,False
common,3,16,True,False,immediate,sealed-scan,True,629212,544072,716331,561848,63765,False
common,3,16,True,False,window,active-indexed,False,1760142,1669796,1934362,1708507,147892,False
common,3,16,True,False,window,active-indexed,True,655629,526825,764123,657760,92555,False
common,3,16,True,False,window,active-native-indexed,False,1513044,1406398,1660772,1413339,132958,False
common,3,16,True,False,window,active-native-indexed,True,625953,563373,673648,629856,91459,False
common,3,16,True,False,window,active-native-scan,False,1348389,1237467,2306427,1234907,125662,False
common,3,16,True,False,window,active-native-scan,True,601748,535449,637435,570208,82373,False
common,3,16,True,False,window,active-scan,False,1589387,1472154,1808960,1424571,129140,False
common,3,16,True,False,window,active-scan,True,652680,601686,693583,582208,81547,False
common,3,16,True,False,window,birth,False,3689705,3359787,3831752,2800359,155787,False
common,3,16,True,False,window,birth,True,480582,443731,771477,485260,66200,False
common,3,16,True,False,window,birth-miss,False,3336302,3028960,3743533,2700743,155819,False
common,3,16,True,False,window,birth-miss,True,494541,378674,534789,491436,66208,False
common,3,16,True,False,window,birth-miss-template,False,3322769,2877712,5413590,2940099,187333,False
common,3,16,True,False,window,birth-miss-template,True,506914,481470,666832,524296,70282,False
common,3,16,True,False,window,conditional,False,2499406,2418691,2629430,2801030,76048,False
common,3,16,True,False,window,conditional,True,802960,717673,1211331,632895,43763,False
common,3,16,True,False,window,indexed,False,1968081,1903370,2269133,2059579,143940,False
common,3,16,True,False,window,indexed,True,718125,706120,779859,744960,93131,False
common,3,16,True,False,window,native-indexed,False,1463973,1351639,1518801,1759643,130254,False
common,3,16,True,False,window,native-indexed,True,675049,640594,4307855,713824,91011,False
common,3,16,True,False,window,native-scan,False,1200917,1052919,1296591,1484859,117070,False
common,3,16,True,False,window,native-scan,True,551806,502639,925259,590592,75685,False
common,3,16,True,False,window,scan,False,1503980,1373324,1614189,1503995,117222,False
common,3,16,True,False,window,scan,True,597285,574979,611393,585664,75837,False
common,3,16,True,False,window,sealed-indexed,False,1932660,1769410,1947227,1958451,141644,False
common,3,16,True,False,window,sealed-indexed,True,727070,699062,810327,721144,93715,False
common,3,16,True,False,window,sealed-scan,False,1438051,1309842,1506166,1402867,114862,False
common,3,16,True,False,window,sealed-scan,True,563599,511227,641146,561848,76421,False
common,3,16,True,True,all,active-indexed,False,1828462,1754711,2188847,1687963,144412,False
common,3,16,True,True,all,active-indexed,True,648499,590638,709350,637600,98883,False
common,3,16,True,True,all,active-native-indexed,False,1463301,1369730,1646790,1411547,137606,False
common,3,16,True,True,all,active-native-indexed,True,635001,520583,683682,614624,97787,False
common,3,16,True,True,all,active-native-scan,False,1312742,1172276,1386058,1233115,130310,False
common,3,16,True,True,all,active-native-scan,True,570283,492356,591715,554976,88701,False
common,3,16,True,True,all,active-scan,False,1696972,1370570,2901873,1415227,129294,False
common,3,16,True,True,all,active-scan,True,590070,575173,597683,562496,87875,False
common,3,16,True,True,all,birth,False,4028178,3585007,7399495,2800359,165763,False
common,3,16,True,True,all,birth,True,490731,430090,515350,485260,76176,False
common,3,16,True,True,all,birth-miss,False,3632866,3243448,3912852,2700743,165795,False
common,3,16,True,True,all,birth-miss,True,499798,373642,516522,491436,76184,False
common,3,16,True,True,all,birth-miss-template,False,3371909,2772934,3592725,2940099,197309,False
common,3,16,True,True,all,birth-miss-template,True,524371,490052,542816,524296,80258,False
common,3,16,True,True,all,conditional,False,2736842,2429317,3234898,2798502,81656,False
common,3,16,True,True,all,conditional,True,722378,615799,753188,632895,50003,False
common,3,16,True,True,all,indexed,False,2103872,1891739,2323481,2084699,144508,False
common,3,16,True,True,all,indexed,True,766786,724732,800951,744960,99459,False
common,3,16,True,True,all,native-indexed,False,1512637,1357528,1624156,1808315,136582,False
common,3,16,True,True,all,native-indexed,True,638191,613472,1115424,713824,97339,False
common,3,16,True,True,all,native-scan,False,1234116,1069317,1344242,1533531,123398,False
common,3,16,True,True,all,native-scan,True,572463,528190,572719,590592,82013,False
common,3,16,True,True,all,scan,False,1587728,1451963,1660693,1552667,123550,False
common,3,16,True,True,all,scan,True,591905,582416,634551,585664,82165,False
common,3,16,True,True,all,sealed-indexed,False,1996188,1808623,2063015,1983571,145156,False
common,3,16,True,True,all,sealed-indexed,True,738919,718216,746323,721144,100043,False
common,3,16,True,True,all,sealed-scan,False,1492009,1384505,1582210,1451539,121190,False
common,3,16,True,True,all,sealed-scan,True,572653,555321,594271,561848,82749,False
common,3,16,True,True,immediate,active-indexed,False,1619790,1586461,2034926,1687963,125428,False
common,3,16,True,True,immediate,active-indexed,True,619211,545624,690863,637600,79899,False
common,3,16,True,True,immediate,active-native-indexed,False,1293930,1258652,2980291,1411547,118622,False
common,3,16,True,True,immediate,active-native-indexed,True,541060,511645,581400,614624,78803,False
common,3,16,True,True,immediate,active-native-scan,False,1305745,1128884,1783700,1233115,111326,False
common,3,16,True,True,immediate,active-native-scan,True,557926,499795,664696,554976,69717,False
common,3,16,True,True,immediate,active-scan,False,1439863,1393932,1515059,1415227,110310,False
common,3,16,True,True,immediate,active-scan,True,618065,511013,667408,562496,68891,False
common,3,16,True,True,immediate,birth,False,3592064,3254224,3759952,2800359,135835,False
common,3,16,True,True,immediate,birth,True,555513,438492,704381,485260,46248,False
common,3,16,True,True,immediate,birth-miss,False,3231948,2799959,8911723,2700743,135867,False
common,3,16,True,True,immediate,birth-miss,True,433504,387062,454193,491436,46256,False
common,3,16,True,True,immediate,birth-miss-template,False,3099813,2949119,3423508,2940099,167381,False
common,3,16,True,True,immediate,birth-miss-template,True,481605,458081,614769,524296,50330,False
common,3,16,True,True,immediate,conditional,False,2232592,2181748,3445000,2798502,62672,False
common,3,16,True,True,immediate,conditional,True,639184,626165,765265,632895,31019,False
common,3,16,True,True,immediate,indexed,False,1921937,1751698,2434744,2084699,125524,False
common,3,16,True,True,immediate,indexed,True,640376,624038,722089,744960,80475,False
common,3,16,True,True,immediate,native-indexed,False,1393716,1241912,1563339,1808315,117598,False
common,3,16,True,True,immediate,native-indexed,True,647319,547755,865452,713824,78355,False
common,3,16,True,True,immediate,native-scan,False,1059579,1001190,1154432,1533531,104414,False
common,3,16,True,True,immediate,native-scan,True,498679,462564,562049,590592,63029,False
common,3,16,True,True,immediate,scan,False,1381748,1337792,1584738,1552667,104566,False
common,3,16,True,True,immediate,scan,True,539306,488708,546362,585664,63181,False
common,3,16,True,True,immediate,sealed-indexed,False,1882153,1669312,2680422,1983571,126172,False
common,3,16,True,True,immediate,sealed-indexed,True,711490,629540,1055991,721144,81059,False
common,3,16,True,True,immediate,sealed-scan,False,1385925,1273836,1511789,1451539,102206,False
common,3,16,True,True,immediate,sealed-scan,True,529176,514138,696062,561848,63765,False
common,3,16,True,True,window,active-indexed,False,1690694,1630052,2064764,1687963,138084,False
common,3,16,True,True,window,active-indexed,True,627424,569582,777752,637600,92555,False
common,3,16,True,True,window,active-native-indexed,False,1538063,1341827,5213939,1411547,131278,False
common,3,16,True,True,window,active-native-indexed,True,588295,545663,630797,614624,91459,False
common,3,16,True,True,window,active-native-scan,False,1236272,1153831,1615538,1233115,123982,False
common,3,16,True,True,window,active-native-scan,True,582082,550992,1054445,554976,82373,False
common,3,16,True,True,window,active-scan,False,1668474,1485315,2033281,1415227,122966,False
common,3,16,True,True,window,active-scan,True,544969,523102,859439,562496,81547,False
common,3,16,True,True,window,birth,False,3481458,3219582,3779812,2800359,155787,False
common,3,16,True,True,window,birth,True,477953,463574,742886,485260,66200,False
common,3,16,True,True,window,birth-miss,False,3355053,3017027,3410511,2700743,155819,False
common,3,16,True,True,window,birth-miss,True,477176,465031,688800,491436,66208,False
common,3,16,True,True,window,birth-miss-template,False,3492904,2761376,8841222,2940099,187333,False
common,3,16,True,True,window,birth-miss-template,True,508098,442726,520955,524296,70282,False
common,3,16,True,True,window,conditional,False,2345048,2203796,2695375,2798502,75328,False
common,3,16,True,True,window,conditional,True,679669,638910,1010112,632895,43675,False
common,3,16,True,True,window,indexed,False,2065785,1726932,2191433,2084699,138180,False
common,3,16,True,True,window,indexed,True,784150,680393,1080961,744960,93131,False
common,3,16,True,True,window,native-indexed,False,1422082,1280489,1476687,1808315,130254,False
common,3,16,True,True,window,native-indexed,True,658323,535163,1084003,713824,91011,False
common,3,16,True,True,window,native-scan,False,1196193,1011207,1419232,1533531,117070,False
common,3,16,True,True,window,native-scan,True,528313,475089,569665,590592,75685,False
common,3,16,True,True,window,scan,False,1439134,1358544,2026918,1552667,117222,False
common,3,16,True,True,window,scan,True,570965,524353,637986,585664,75837,False
common,3,16,True,True,window,sealed-indexed,False,1952807,1683201,2254483,1983571,138828,False
common,3,16,True,True,window,sealed-indexed,True,697761,680643,757629,721144,93715,False
common,3,16,True,True,window,sealed-scan,False,1508793,1292419,1575524,1451539,114862,False
common,3,16,True,True,window,sealed-scan,True,575719,509264,716771,561848,76421,False
early,3,0,False,False,all,active-indexed,False,388556,330502,489881,330113,52131,False
early,3,0,False,False,all,active-indexed,True,351675,312279,472212,337326,52658,False
early,3,0,False,False,all,active-native-indexed,False,341357,316816,397282,318977,51675,False
early,3,0,False,False,all,active-native-indexed,True,328028,298469,407593,326190,52202,False
early,3,0,False,False,all,active-native-scan,False,333767,302160,354630,289153,46917,False
early,3,0,False,False,all,active-native-scan,True,344447,296074,364796,296366,47444,False
early,3,0,False,False,all,active-scan,False,340742,274603,366453,290593,46627,False
early,3,0,False,False,all,active-scan,True,340976,322756,522983,297806,47154,False
early,3,0,False,False,all,birth,False,270931,255989,320611,268136,44836,False
early,3,0,False,False,all,birth,True,327160,238583,343657,275349,45363,False
early,3,0,False,False,all,birth-miss,False,283287,216962,306322,271240,44844,False
early,3,0,False,False,all,birth-miss,True,286357,275819,1364622,278453,45371,False
early,3,0,False,False,all,birth-miss-template,False,307772,267492,355979,300672,48845,False
early,3,0,False,False,all,birth-miss-template,True,325596,279050,371171,307885,49372,False
early,3,0,False,False,all,conditional,False,534014,503340,617481,504257,34695,False
early,3,0,False,False,all,conditional,True,570136,520585,623162,511470,35222,False
early,3,0,False,False,all,indexed,False,399038,348327,416678,359073,52323,False
early,3,0,False,False,all,indexed,True,384315,338883,409372,366286,52850,False
early,3,0,False,False,all,native-indexed,False,369561,322835,764402,340481,51355,False
early,3,0,False,False,all,native-indexed,True,340173,325722,373907,347694,51882,False
early,3,0,False,False,all,native-scan,False,286563,261264,346786,278881,43429,False
early,3,0,False,False,all,native-scan,True,309478,300573,767001,286094,43956,False
early,3,0,False,False,all,scan,False,316152,287449,989356,275745,43389,False
early,3,0,False,False,all,scan,True,307318,295210,393484,282958,43916,False
early,3,0,False,False,all,sealed-indexed,False,351531,338247,409853,349263,52939,False
early,3,0,False,False,all,sealed-indexed,True,390506,304037,424079,356476,53466,False
early,3,0,False,False,all,sealed-scan,False,298369,273631,610598,265935,44005,False
early,3,0,False,False,all,sealed-scan,True,332286,266864,335376,273148,44532,False
early,3,0,False,False,immediate,active-indexed,False,334443,330269,369132,330113,43263,False
early,3,0,False,False,immediate,active-indexed,True,370793,348429,395119,337326,43790,False
early,3,0,False,False,immediate,active-native-indexed,False,324744,312721,340859,318977,42807,False
early,3,0,False,False,immediate,active-native-indexed,True,346009,302984,504010,326190,43334,False
early,3,0,False,False,immediate,active-native-scan,False,321217,267219,380567,289153,38049,False
early,3,0,False,False,immediate,active-native-scan,True,322260,307988,399550,296366,38576,False
early,3,0,False,False,immediate,active-scan,False,310275,294825,571959,290593,37759,False
early,3,0,False,False,immediate,active-scan,True,326686,292389,404175,297806,38286,False
early,3,0,False,False,immediate,birth,False,256013,244931,313612,268136,29920,False
early,3,0,False,False,immediate,birth,True,276052,248910,434101,275349,30447,False
early,3,0,False,False,immediate,birth-miss,False,274320,261531,328053,271240,29928,False
early,3,0,False,False,immediate,birth-miss,True,299827,277279,318136,278453,30455,False
early,3,0,False,False,immediate,birth-miss-template,False,279995,262889,396852,300672,33929,False
early,3,0,False,False,immediate,birth-miss-template,True,298144,280795,353544,307885,34456,False
early,3,0,False,False,immediate,conditional,False,507798,477443,726005,504257,25251,False
early,3,0,False,False,immediate,conditional,True,526608,493069,589168,511470,25778,False
early,3,0,False,False,immediate,indexed,False,356388,348037,402579,359073,43455,False
early,3,0,False,False,immediate,indexed,True,367842,345147,370911,366286,43982,False
early,3,0,False,False,immediate,native-indexed,False,311008,264509,346295,340481,42487,False
early,3,0,False,False,immediate,native-indexed,True,336173,299468,372783,347694,43014,False
early,3,0,False,False,immediate,native-scan,False,266689,240843,463869,278881,34561,False
early,3,0,False,False,immediate,native-scan,True,294290,277679,322054,286094,35088,False
early,3,0,False,False,immediate,scan,False,297684,269514,478249,275745,34521,False
early,3,0,False,False,immediate,scan,True,313151,269895,345999,282958,35048,False
early,3,0,False,False,immediate,sealed-indexed,False,361479,338346,405331,349263,44071,False
early,3,0,False,False,immediate,sealed-indexed,True,367088,337055,510964,356476,44598,False
early,3,0,False,False,immediate,sealed-scan,False,297312,268880,323062,265935,35137,False
early,3,0,False,False,immediate,sealed-scan,True,290595,270289,329354,273148,35664,False
early,3,0,False,False,window,active-indexed,False,326025,324828,379426,330113,49175,False
early,3,0,False,False,window,active-indexed,True,352914,329330,426123,337326,49702,False
early,3,0,False,False,window,active-native-indexed,False,322882,298070,355415,318977,48719,False
early,3,0,False,False,window,active-native-indexed,True,330856,315602,390142,326190,49246,False
early,3,0,False,False,window,active-native-scan,False,322073,275336,366883,289153,43961,False
early,3,0,False,False,window,active-native-scan,True,337523,304256,371522,296366,44488,False
early,3,0,False,False,window,active-scan,False,309187,287875,350108,290593,43671,False
early,3,0,False,False,window,active-scan,True,319916,313780,330775,297806,44198,False
early,3,0,False,False,window,birth,False,282436,229655,301787,268136,39864,False
early,3,0,False,False,window,birth,True,281583,260411,297913,275349,40391,False
early,3,0,False,False,window,birth-miss,False,252728,239406,278653,271240,39872,False
early,3,0,False,False,window,birth-miss,True,281964,263376,305813,278453,40399,False
early,3,0,False,False,window,birth-miss-template,False,282833,269064,294661,300672,43873,False
early,3,0,False,False,window,birth-miss-template,True,301943,264821,348644,307885,44400,False
early,3,0,False,False,window,conditional,False,518504,475433,563839,504257,31547,False
early,3,0,False,False,window,conditional,True,505899,487152,559282,511470,32074,False
early,3,0,False,False,window,indexed,False,356087,335178,418898,359073,49367,False
early,3,0,False,False,window,indexed,True,371358,354366,495045,366286,49894,False
early,3,0,False,False,window,native-indexed,False,333665,294968,430337,340481,48399,False
early,3,0,False,False,window,native-indexed,True,346475,311601,348451,347694,48926,False
early,3,0,False,False,window,native-scan,False,300578,278229,303535,278881,40473,False
early,3,0,False,False,window,native-scan,True,281785,271413,301090,286094,41000,False
early,3,0,False,False,window,scan,False,283559,258513,308854,275745,40433,False
early,3,0,False,False,window,scan,True,297208,284264,301337,282958,40960,False
early,3,0,False,False,window,sealed-indexed,False,334048,323090,356126,349263,49983,False
early,3,0,False,False,window,sealed-indexed,True,422971,342873,464167,356476,50510,False
early,3,0,False,False,window,sealed-scan,False,280179,264697,288826,265935,41049,False
early,3,0,False,False,window,sealed-scan,True,283584,249097,291815,273148,41576,False
early,3,0,False,True,all,active-indexed,False,326800,317767,425885,322945,52131,False
early,3,0,False,True,all,active-indexed,True,320406,293578,360846,330158,52658,False
early,3,0,False,True,all,active-native-indexed,False,330288,287906,354138,313697,51675,False
early,3,0,False,True,all,active-native-indexed,True,334964,317473,340099,320910,52202,False
early,3,0,False,True,all,active-native-scan,False,286290,255057,317855,283873,46917,False
early,3,0,False,True,all,active-native-scan,True,317350,291518,337042,291086,47444,False
early,3,0,False,True,all,active-scan,False,303947,280038,491312,283617,46627,False
early,3,0,False,True,all,active-scan,True,333387,306648,350277,290830,47154,False
early,3,0,False,True,all,birth,False,257815,243609,281521,268136,44836,False
early,3,0,False,True,all,birth,True,271996,261234,361194,275349,45363,False
early,3,0,False,True,all,birth-miss,False,259502,244295,269051,271240,44844,False
early,3,0,False,True,all,birth-miss,True,281864,268501,348657,278453,45371,False
early,3,0,False,True,all,birth-miss-template,False,313581,300648,412717,300672,48845,False
early,3,0,False,True,all,birth-miss-template,True,305589,302419,337703,307885,49372,False
early,3,0,False,True,all,conditional,False,478328,463462,576687,504257,34607,False
early,3,0,False,True,all,conditional,True,518654,507330,607961,511470,35134,False
early,3,0,False,True,all,indexed,False,351461,332700,366339,359073,52323,False
early,3,0,False,True,all,indexed,True,339803,327118,397572,366286,52850,False
early,3,0,False,True,all,native-indexed,False,305866,302735,329048,340481,51355,False
early,3,0,False,True,all,native-indexed,True,342214,306173,399340,347694,51882,False
early,3,0,False,True,all,native-scan,False,293376,248790,410284,278881,43429,False
early,3,0,False,True,all,native-scan,True,293118,275676,2253632,286094,43956,False
early,3,0,False,True,all,scan,False,286593,267265,320636,275745,43389,False
early,3,0,False,True,all,scan,True,302663,264756,316905,282958,43916,False
early,3,0,False,True,all,sealed-indexed,False,368441,316283,406408,349263,52939,False
early,3,0,False,True,all,sealed-indexed,True,339640,316386,365618,356476,53466,False
early,3,0,False,True,all,sealed-scan,False,281757,250581,347579,265935,44005,False
early,3,0,False,True,all,sealed-scan,True,288192,270066,308866,273148,44532,False
early,3,0,False,True,immediate,active-indexed,False,336197,320241,445077,322945,43263,False
early,3,0,False,True,immediate,active-indexed,True,334139,299364,494673,330158,43790,False
early,3,0,False,True,immediate,active-native-indexed,False,345586,319602,439104,313697,42807,False
early,3,0,False,True,immediate,active-native-indexed,True,329834,317296,454946,320910,43334,False
early,3,0,False,True,immediate,active-native-scan,False,287054,284079,410438,283873,38049,False
early,3,0,False,True,immediate,active-native-scan,True,298642,253169,437718,291086,38576,False
early,3,0,False,True,immediate,active-scan,False,302416,281029,479908,283617,37759,False
early,3,0,False,True,immediate,active-scan,True,325934,290426,595645,290830,38286,False
early,3,0,False,True,immediate,birth,False,266937,238691,396008,268136,29920,False
early,3,0,False,True,immediate,birth,True,255810,227344,445931,275349,30447,False
early,3,0,False,True,immediate,birth-miss,False,254952,240551,373682,271240,29928,False
early,3,0,False,True,immediate,birth-miss,True,269973,245793,386573,278453,30455,False
early,3,0,False,True,immediate,birth-miss-template,False,293352,279716,434542,300672,33929,False
early,3,0,False,True,immediate,birth-miss-template,True,320096,278317,427220,307885,34456,False
early,3,0,False,True,immediate,conditional,False,673185,474715,698155,504257,25163,False
early,3,0,False,True,immediate,conditional,True,516566,474690,737043,511470,25690,False
early,3,0,False,True,immediate,indexed,False,352623,340549,525561,359073,43455,False
early,3,0,False,True,immediate,indexed,True,442035,337650,537111,366286,43982,False
early,3,0,False,True,immediate,native-indexed,False,351574,316006,460471,340481,42487,False
early,3,0,False,True,immediate,native-indexed,True,353500,299607,437067,347694,43014,False
early,3,0,False,True,immediate,native-scan,False,276105,267334,431359,278881,34561,False
early,3,0,False,True,immediate,native-scan,True,282889,261177,393294,286094,35088,False
early,3,0,False,True,immediate,scan,False,306175,272194,413521,275745,34521,False
early,3,0,False,True,immediate,scan,True,300000,279454,431757,282958,35048,False
early,3,0,False,True,immediate,sealed-indexed,False,339935,337817,480539,349263,44071,False
early,3,0,False,True,immediate,sealed-indexed,True,364480,336500,546664,356476,44598,False
early,3,0,False,True,immediate,sealed-scan,False,289663,267030,378941,265935,35137,False
early,3,0,False,True,immediate,sealed-scan,True,298703,270928,424467,273148,35664,False
early,3,0,False,True,window,active-indexed,False,338316,319430,474761,322945,49175,False
early,3,0,False,True,window,active-indexed,True,335435,298026,388210,330158,49702,False
early,3,0,False,True,window,active-native-indexed,False,338563,246621,383685,313697,48719,False
early,3,0,False,True,window,active-native-indexed,True,382065,305999,614349,320910,49246,False
early,3,0,False,True,window,active-native-scan,False,306336,271746,326589,283873,43961,False
early,3,0,False,True,window,active-native-scan,True,321297,301122,365929,291086,44488,False
early,3,0,False,True,window,active-scan,False,290029,253302,347665,283617,43671,False
early,3,0,False,True,window,active-scan,True,305774,279562,373416,290830,44198,False
early,3,0,False,True,window,birth,False,260391,214533,316731,268136,39864,False
early,3,0,False,True,window,birth,True,284815,278149,308755,275349,40391,False
early,3,0,False,True,window,birth-miss,False,260009,234980,307341,271240,39872,False
early,3,0,False,True,window,birth-miss,True,323178,300567,419912,278453,40399,False
early,3,0,False,True,window,birth-miss-template,False,287286,266077,299340,300672,43873,False
early,3,0,False,True,window,birth-miss-template,True,318496,281830,381882,307885,44400,False
early,3,0,False,True,window,conditional,False,520611,472893,623286,504257,31459,False
early,3,0,False,True,window,conditional,True,546911,517036,577388,511470,31986,False
early,3,0,False,True,window,indexed,False,361137,330145,525394,359073,49367,False
early,3,0,False,True,window,indexed,True,386482,371107,424516,366286,49894,False
early,3,0,False,True,window,native-indexed,False,328363,253940,538016,340481,48399,False
early,3,0,False,True,window,native-indexed,True,343757,271057,614707,347694,48926,False
early,3,0,False,True,window,native-scan,False,344557,270463,496959,278881,40473,False
early,3,0,False,True,window,native-scan,True,293395,280843,304556,286094,41000,False
early,3,0,False,True,window,scan,False,297893,273878,587344,275745,40433,False
early,3,0,False,True,window,scan,True,302891,275687,336296,282958,40960,False
early,3,0,False,True,window,sealed-indexed,False,352500,324303,497227,349263,49983,False
early,3,0,False,True,window,sealed-indexed,True,393073,335069,480545,356476,50510,False
early,3,0,False,True,window,sealed-scan,False,277279,224508,307067,265935,41049,False
early,3,0,False,True,window,sealed-scan,True,281630,267643,346683,273148,41576,False
early,3,0,True,False,all,active-indexed,False,407168,364201,500428,350373,52983,False
early,3,0,True,False,all,active-indexed,True,420126,363685,851124,357730,53510,False
early,3,0,True,False,all,active-native-indexed,False,402597,340469,428701,334757,52527,False
early,3,0,True,False,all,active-native-indexed,True,418944,354891,429180,342114,53054,False
early,3,0,True,False,all,active-native-scan,False,354851,303610,370087,304933,47769,False
early,3,0,True,False,all,active-native-scan,True,358445,328475,388892,312290,48296,False
early,3,0,True,False,all,active-scan,False,349225,339660,402872,310597,47479,False
early,3,0,True,False,all,active-scan,True,397066,359960,446863,317954,48006,False
early,3,0,True,False,all,birth,False,281038,248467,487714,272190,45298,False
early,3,0,True,False,all,birth,True,294558,284144,330778,279547,45825,False
early,3,0,True,False,all,birth-miss,False,280133,244230,296005,275294,45306,False
early,3,0,True,False,all,birth-miss,True,291575,278282,313052,282651,45833,False
early,3,0,True,False,all,birth-miss-template,False,307269,288639,333574,304726,49307,False
early,3,0,True,False,all,birth-miss-template,True,313850,307212,373757,312083,49834,False
early,3,0,True,False,all,conditional,False,627422,577157,697361,594689,36683,False
early,3,0,True,False,all,conditional,True,635776,595642,692439,602046,37210,False
early,3,0,True,False,all,indexed,False,417176,398633,450578,393941,53271,False
early,3,0,True,False,all,indexed,True,434818,396422,458952,401298,53798,False
early,3,0,True,False,all,native-indexed,False,388697,353104,441363,376117,52303,False
early,3,0,True,False,all,native-indexed,True,383520,345976,414060,383474,52830,False
early,3,0,True,False,all,native-scan,False,325082,294254,365066,314501,44409,False
early,3,0,True,False,all,native-scan,True,339017,302313,347318,321858,44936,False
early,3,0,True,False,all,scan,False,333812,304644,400953,310341,44369,False
early,3,0,True,False,all,scan,True,393666,387436,405536,317698,44896,False
early,3,0,True,False,all,sealed-indexed,False,408287,379119,865107,382317,53919,False
early,3,0,True,False,all,sealed-indexed,True,395286,385674,438796,389674,54446,False
early,3,0,True,False,all,sealed-scan,False,355479,306346,372077,298717,45017,False
early,3,0,True,False,all,sealed-scan,True,345852,316382,399889,306074,45544,False
early,3,0,True,False,immediate,active-indexed,False,401110,330425,574848,350373,43491,False
early,3,0,True,False,immediate,active-indexed,True,418148,345945,540956,357730,44018,False
early,3,0,True,False,immediate,active-native-indexed,False,373709,326559,492041,334757,43035,False
early,3,0,True,False,immediate,active-native-indexed,True,377551,347158,535901,342114,43562,False
early,3,0,True,False,immediate,active-native-scan,False,318610,307620,569388,304933,38277,False
early,3,0,True,False,immediate,active-native-scan,True,337070,308508,488318,312290,38804,False
early,3,0,True,False,immediate,active-scan,False,353336,328126,565434,310597,37987,False
early,3,0,True,False,immediate,active-scan,True,369663,315486,527537,317954,38514,False
early,3,0,True,False,immediate,birth,False,268518,245900,369494,272190,30334,False
early,3,0,True,False,immediate,birth,True,292030,262565,416034,279547,30861,False
early,3,0,True,False,immediate,birth-miss,False,255206,241981,371324,275294,30342,False
early,3,0,True,False,immediate,birth-miss,True,288311,266507,443220,282651,30869,False
early,3,0,True,False,immediate,birth-miss-template,False,287827,265188,438780,304726,34343,False
early,3,0,True,False,immediate,birth-miss-template,True,305962,287907,449108,312083,34870,False
early,3,0,True,False,immediate,conditional,False,604006,551966,870806,594689,27191,False
early,3,0,True,False,immediate,conditional,True,594976,559394,885839,602046,27718,False
early,3,0,True,False,immediate,indexed,False,436608,376415,637417,393941,43779,False
early,3,0,True,False,immediate,indexed,True,415339,401293,535054,401298,44306,False
early,3,0,True,False,immediate,native-indexed,False,357876,327550,483380,376117,42811,False
early,3,0,True,False,immediate,native-indexed,True,427005,336061,470591,383474,43338,False
early,3,0,True,False,immediate,native-scan,False,308037,288011,412724,314501,34917,False
early,3,0,True,False,immediate,native-scan,True,315269,282538,376475,321858,35444,False
early,3,0,True,False,immediate,scan,False,354196,307859,425403,310341,34877,False
early,3,0,True,False,immediate,scan,True,349168,324184,456591,317698,35404,False
early,3,0,True,False,immediate,sealed-indexed,False,393783,347315,540360,382317,44427,False
early,3,0,True,False,immediate,sealed-indexed,True,385615,354633,645737,389674,44954,False
early,3,0,True,False,immediate,sealed-scan,False,342142,308801,462299,298717,35525,False
early,3,0,True,False,immediate,sealed-scan,True,341645,311202,482236,306074,36052,False
early,3,0,True,False,window,active-indexed,False,405228,356391,453883,350373,49819,False
early,3,0,True,False,window,active-indexed,True,417438,357772,982203,357730,50346,False
early,3,0,True,False,window,active-native-indexed,False,362639,336222,430018,334757,49363,False
early,3,0,True,False,window,active-native-indexed,True,348542,322972,437702,342114,49890,False
early,3,0,True,False,window,active-native-scan,False,347740,303515,462731,304933,44605,False
early,3,0,True,False,window,active-native-scan,True,365101,333892,496974,312290,45132,False
early,3,0,True,False,window,active-scan,False,386679,307681,717062,310597,44315,False
early,3,0,True,False,window,active-scan,True,408161,342404,421262,317954,44842,False
early,3,0,True,False,window,birth,False,285119,254998,687936,272190,40310,False
early,3,0,True,False,window,birth,True,288093,271356,343773,279547,40837,False
early,3,0,True,False,window,birth-miss,False,300795,235819,394127,275294,40318,False
early,3,0,True,False,window,birth-miss,True,334575,252841,437408,282651,40845,False
early,3,0,True,False,window,birth-miss-template,False,297983,287872,327865,304726,44319,False
early,3,0,True,False,window,birth-miss-template,True,345790,307840,372934,312083,44846,False
early,3,0,True,False,window,conditional,False,684296,544337,744374,594689,33519,False
early,3,0,True,False,window,conditional,True,631614,546141,692830,602046,34046,False
early,3,0,True,False,window,indexed,False,419182,380357,517455,393941,50107,False
early,3,0,True,False,window,indexed,True,440164,406412,489983,401298,50634,False
early,3,0,True,False,window,native-indexed,False,405910,292891,550869,376117,49139,False
early,3,0,True,False,window,native-indexed,True,397088,325336,613180,383474,49666,False
early,3,0,True,False,window,native-scan,False,349463,279914,459829,314501,41245,False
early,3,0,True,False,window,native-scan,True,363596,285614,601677,321858,41772,False
early,3,0,True,False,window,scan,False,361085,312270,628003,310341,41205,False
early,3,0,True,False,window,scan,True,422385,312588,466992,317698,41732,False
early,3,0,True,False,window,sealed-indexed,False,391347,372117,814008,382317,50755,False
early,3,0,True,False,window,sealed-indexed,True,459696,374813,512697,389674,51282,False
early,3,0,True,False,window,sealed-scan,False,380275,308498,469202,298717,41853,False
early,3,0,True,False,window,sealed-scan,True,384924,305593,504925,306074,42380,False
early,3,0,True,True,all,active-indexed,False,353516,288054,367418,341765,52983,False
early,3,0,True,True,all,active-indexed,True,370017,359132,551254,349122,53510,False
early,3,0,True,True,all,active-native-indexed,False,372863,323291,391896,328261,52527,False
early,3,0,True,True,all,active-native-indexed,True,340417,318584,358720,335618,53054,False
early,3,0,True,True,all,active-native-scan,False,331852,301413,353038,298437,47769,False
early,3,0,True,True,all,active-native-scan,True,332137,321966,374645,305794,48296,False
early,3,0,True,True,all,active-scan,False,335445,296044,367416,302181,47479,False
early,3,0,True,True,all,active-scan,True,325753,304955,335876,309538,48006,False
early,3,0,True,True,all,birth,False,247699,240044,374635,272190,45298,False
early,3,0,True,True,all,birth,True,286895,268575,300870,279547,45825,False
early,3,0,True,True,all,birth-miss,False,261023,240975,288857,275294,45306,False
early,3,0,True,True,all,birth-miss,True,286444,266282,704010,282651,45833,False
early,3,0,True,True,all,birth-miss-template,False,309428,263539,408156,304726,49307,False
early,3,0,True,True,all,birth-miss-template,True,295933,293143,306422,312083,49834,False
early,3,0,True,True,all,conditional,False,548535,529755,602273,594689,36595,False
early,3,0,True,True,all,conditional,True,572117,499656,648290,602046,37122,False
early,3,0,True,True,all,indexed,False,388799,321270,435403,393941,53271,False
early,3,0,True,True,all,indexed,True,421369,361283,772817,401298,53798,False
early,3,0,True,True,all,native-indexed,False,375483,329531,421956,376117,52303,False
early,3,0,True,True,all,native-indexed,True,349238,309473,388702,383474,52830,False
early,3,0,True,True,all,native-scan,False,289011,263460,298644,314501,44409,False
early,3,0,True,True,all,native-scan,True,288762,274396,331766,321858,44936,False
early,3,0,True,True,all,scan,False,299839,291075,348760,310341,44369,False
early,3,0,True,True,all,scan,True,326075,310329,332762,317698,44896,False
early,3,0,True,True,all,sealed-indexed,False,369099,362007,437926,382317,53919,False
early,3,0,True,True,all,sealed-indexed,True,408259,358800,426872,389674,54446,False
early,3,0,True,True,all,sealed-scan,False,316715,256793,341386,298717,45017,False
early,3,0,True,True,all,sealed-scan,True,327904,295972,352685,306074,45544,False
early,3,0,True,True,immediate,active-indexed,False,415613,365190,484635,341765,43491,False
early,3,0,True,True,immediate,active-indexed,True,392062,369913,541655,349122,44018,False
early,3,0,True,True,immediate,active-native-indexed,False,387629,371748,478798,328261,43035,False
early,3,0,True,True,immediate,active-native-indexed,True,367626,362936,521203,335618,43562,False
early,3,0,True,True,immediate,active-native-scan,False,356440,311724,422529,298437,38277,False
early,3,0,True,True,immediate,active-native-scan,True,370076,321504,442823,305794,38804,False
early,3,0,True,True,immediate,active-scan,False,350680,268634,3585878,302181,37987,False
early,3,0,True,True,immediate,active-scan,True,394278,373366,852798,309538,38514,False
early,3,0,True,True,immediate,birth,False,267143,233410,422467,272190,30334,False
early,3,0,True,True,immediate,birth,True,355850,331118,407161,279547,30861,False
early,3,0,True,True,immediate,birth-miss,False,276092,259178,352270,275294,30342,False
early,3,0,True,True,immediate,birth-miss,True,294031,227640,324106,282651,30869,False
early,3,0,True,True,immediate,birth-miss-template,False,293700,264397,421944,304726,34343,False
early,3,0,True,True,immediate,birth-miss-template,True,331168,286197,386857,312083,34870,False
early,3,0,True,True,immediate,conditional,False,622193,549641,814124,594689,27103,False
early,3,0,True,True,immediate,conditional,True,628174,568574,793222,602046,27630,False
early,3,0,True,True,immediate,indexed,False,391051,376082,540037,393941,43779,False
early,3,0,True,True,immediate,indexed,True,450307,379864,601118,401298,44306,False
early,3,0,True,True,immediate,native-indexed,False,347396,318319,546431,376117,42811,False
early,3,0,True,True,immediate,native-indexed,True,402506,378930,502475,383474,43338,False
early,3,0,True,True,immediate,native-scan,False,329456,304873,434295,314501,34917,False
early,3,0,True,True,immediate,native-scan,True,327453,286300,475925,321858,35444,False
early,3,0,True,True,immediate,scan,False,364090,346256,508552,310341,34877,False
early,3,0,True,True,immediate,scan,True,366725,316391,438518,317698,35404,False
early,3,0,True,True,immediate,sealed-indexed,False,448707,399041,737012,382317,44427,False
early,3,0,True,True,immediate,sealed-indexed,True,472416,400185,577179,389674,44954,False
early,3,0,True,True,immediate,sealed-scan,False,338443,324610,429107,298717,35525,False
early,3,0,True,True,immediate,sealed-scan,True,340609,309685,418453,306074,36052,False
early,3,0,True,True,window,active-indexed,False,363035,309490,629912,341765,49819,False
early,3,0,True,True,window,active-indexed,True,356385,336583,453170,349122,50346,False
early,3,0,True,True,window,active-native-indexed,False,411626,322921,566530,328261,49363,False
early,3,0,True,True,window,active-native-indexed,True,363719,334278,465227,335618,49890,False
early,3,0,True,True,window,active-native-scan,False,315830,291757,780143,298437,44605,False
early,3,0,True,True,window,active-native-scan,True,388022,303285,751174,305794,45132,False
early,3,0,True,True,window,active-scan,False,343764,317427,357577,302181,44315,False
early,3,0,True,True,window,active-scan,True,434603,326990,662661,309538,44842,False
early,3,0,True,True,window,birth,False,269299,246498,512397,272190,40310,False
early,3,0,True,True,window,birth,True,273174,243609,388587,279547,40837,False
early,3,0,True,True,window,birth-miss,False,280415,260515,488147,275294,40318,False
early,3,0,True,True,window,birth-miss,True,304902,261488,414954,282651,40845,False
early,3,0,True,True,window,birth-miss-template,False,287805,273927,428940,304726,44319,False
early,3,0,True,True,window,birth-miss-template,True,330382,284890,415422,312083,44846,False
early,3,0,True,True,window,conditional,False,576936,562188,837077,594689,33431,False
early,3,0,True,True,window,conditional,True,736468,515562,913572,602046,33958,False
early,3,0,True,True,window,indexed,False,394541,346157,1168216,393941,50107,False
early,3,0,True,True,window,indexed,True,416776,406475,1073785,401298,50634,False
early,3,0,True,True,window,native-indexed,False,379935,321303,565907,376117,49139,False
early,3,0,True,True,window,native-indexed,True,372110,349963,538051,383474,49666,False
early,3,0,True,True,window,native-scan,False,325655,301377,405597,314501,41245,False
early,3,0,True,True,window,native-scan,True,327268,302748,517777,321858,41772,False
early,3,0,True,True,window,scan,False,309807,290726,366777,310341,41205,False
early,3,0,True,True,window,scan,True,391519,345191,467787,317698,41732,False
early,3,0,True,True,window,sealed-indexed,False,440917,366739,748736,382317,50755,False
early,3,0,True,True,window,sealed-indexed,True,443519,376729,778486,389674,51282,False
early,3,0,True,True,window,sealed-scan,False,315145,284543,453586,298717,41853,False
early,3,0,True,True,window,sealed-scan,True,322641,278152,417749,306074,42380,False
early,3,16,False,False,all,active-indexed,False,988919,898339,1095779,898241,80571,False
early,3,16,False,False,all,active-indexed,True,368184,348586,443752,354478,52658,False
early,3,16,False,False,all,active-native-indexed,False,820468,723691,1653896,746817,71277,False
early,3,16,False,False,all,active-native-indexed,True,366623,326748,423748,343342,52202,False
early,3,16,False,False,all,active-native-scan,False,792773,711119,4535342,657601,67629,False
early,3,16,False,False,all,active-native-scan,True,348649,301579,356708,313518,47444,False
early,3,16,False,False,all,active-scan,False,962794,886376,979546,751201,71195,False
early,3,16,False,False,all,active-scan,True,351463,316678,387075,314958,47154,False
early,3,16,False,False,all,birth,False,1665360,1601307,1884951,1533128,100858,False
early,3,16,False,False,all,birth,True,302510,296719,349845,292501,45363,False
early,3,16,False,False,all,birth-miss,False,1500003,1433810,1627493,1483432,100890,False
early,3,16,False,False,all,birth-miss,True,320356,278021,382747,295605,45371,False
early,3,16,False,False,all,birth-miss-template,False,1772776,1550534,3072603,1536000,109803,False
early,3,16,False,False,all,birth-miss-template,True,356025,327105,682973,325037,49372,False
early,3,16,False,False,all,conditional,False,2790383,2222388,3340514,3000365,68019,False
early,3,16,False,False,all,conditional,True,636682,512833,953191,528622,35222,False
early,3,16,False,False,all,indexed,False,1186292,1050262,1236148,1049825,78603,False
early,3,16,False,False,all,indexed,True,419511,409539,5827421,383438,52850,False
early,3,16,False,False,all,native-indexed,False,831665,691757,852052,890177,69789,False
early,3,16,False,False,all,native-indexed,True,375282,338524,410274,364846,51882,False
early,3,16,False,False,all,native-scan,False,670054,589880,772313,752801,63197,False
early,3,16,False,False,all,native-scan,True,323907,315769,363496,303246,43956,False
early,3,16,False,False,all,scan,False,801443,763836,923179,761697,63157,False
early,3,16,False,False,all,scan,True,349399,326849,368093,300110,43916,False
early,3,16,False,False,all,sealed-indexed,False,1078923,1012059,1385436,1007247,77779,False
early,3,16,False,False,all,sealed-indexed,True,420338,361046,434481,373628,53466,False
early,3,16,False,False,all,sealed-scan,False,753068,694146,924512,719119,63773,False
early,3,16,False,False,all,sealed-scan,True,314098,290565,363929,290300,44532,False
early,3,16,False,False,immediate,active-indexed,False,1124552,867664,1689725,898241,71703,False
early,3,16,False,False,immediate,active-indexed,True,385749,344506,492612,354478,43790,False
early,3,16,False,False,immediate,active-native-indexed,False,823544,770972,1354698,746817,62409,False
early,3,16,False,False,immediate,active-native-indexed,True,394930,362114,628119,343342,43334,False
early,3,16,False,False,immediate,active-native-scan,False,784418,745755,1392138,657601,58761,False
early,3,16,False,False,immediate,active-native-scan,True,376181,338189,567781,313518,38576,False
early,3,16,False,False,immediate,active-scan,False,920471,772362,1599207,751201,62327,False
early,3,16,False,False,immediate,active-scan,True,354345,326895,517372,314958,38286,False
early,3,16,False,False,immediate,birth,False,1630644,1360119,2695180,1533128,85942,False
early,3,16,False,False,immediate,birth,True,468541,288968,594689,292501,30447,False
early,3,16,False,False,immediate,birth-miss,False,1934770,1357844,3492442,1483432,85974,False
early,3,16,False,False,immediate,birth-miss,True,304997,244429,458929,295605,30455,False
early,3,16,False,False,immediate,birth-miss-template,False,1591210,1446574,2946391,1536000,94887,False
early,3,16,False,False,immediate,birth-miss-template,True,344298,313445,465540,325037,34456,False
early,3,16,False,False,immediate,conditional,False,2509257,2135112,3029438,3000365,58575,False
early,3,16,False,False,immediate,conditional,True,588913,495335,2982955,528622,25778,False
early,3,16,False,False,immediate,indexed,False,1258083,1029360,1701422,1049825,69735,False
early,3,16,False,False,immediate,indexed,True,435885,355138,616571,383438,43982,False
early,3,16,False,False,immediate,native-indexed,False,884906,755874,1369914,890177,60921,False
early,3,16,False,False,immediate,native-indexed,True,376489,329476,2731868,364846,43014,False
early,3,16,False,False,immediate,native-scan,False,983498,646402,2155023,752801,54329,False
early,3,16,False,False,immediate,native-scan,True,356452,307594,514101,303246,35088,False
early,3,16,False,False,immediate,scan,False,807810,749543,1019333,761697,54289,False
early,3,16,False,False,immediate,scan,True,439247,314476,595147,300110,35048,False
early,3,16,False,False,immediate,sealed-indexed,False,1201155,1021724,1361420,1007247,68911,False
early,3,16,False,False,immediate,sealed-indexed,True,395284,343906,651252,373628,44598,False
early,3,16,False,False,immediate,sealed-scan,False,793115,737937,959318,719119,54905,False
early,3,16,False,False,immediate,sealed-scan,True,345738,302466,612094,290300,35664,False
early,3,16,False,False,window,active-indexed,False,972631,933482,1031608,898241,77615,False
early,3,16,False,False,window,active-indexed,True,400856,366013,3813851,354478,49702,False
early,3,16,False,False,window,active-native-indexed,False,836928,786224,882560,746817,68321,False
early,3,16,False,False,window,active-native-indexed,True,367356,354149,559589,343342,49246,False
early,3,16,False,False,window,active-native-scan,False,742369,717945,786025,657601,64673,False
early,3,16,False,False,window,active-native-scan,True,339838,326735,370937,313518,44488,False
early,3,16,False,False,window,active-scan,False,857759,834556,905551,751201,68239,False
early,3,16,False,False,window,active-scan,True,363638,358113,390782,314958,44198,False
early,3,16,False,False,window,birth,False,1681818,1572530,3470713,1533128,95886,False
early,3,16,False,False,window,birth,True,328196,289585,346707,292501,40391,False
early,3,16,False,False,window,birth-miss,False,1523400,1465728,1563400,1483432,95918,False
early,3,16,False,False,window,birth-miss,True,304497,285921,366994,295605,40399,False
early,3,16,False,False,window,birth-miss-template,False,1585666,1526995,1809796,1536000,104831,False
early,3,16,False,False,window,birth-miss-template,True,343844,331108,386573,325037,44400,False
early,3,16,False,False,window,conditional,False,2502676,2219718,2530286,3000365,64871,False
early,3,16,False,False,window,conditional,True,573989,538550,1035681,528622,32074,False
early,3,16,False,False,window,indexed,False,1092442,1017308,1182607,1049825,75647,False
early,3,16,False,False,window,indexed,True,380848,375741,428455,383438,49894,False
early,3,16,False,False,window,native-indexed,False,744194,707582,777596,890177,66833,False
early,3,16,False,False,window,native-indexed,True,387250,361711,537630,364846,48926,False
early,3,16,False,False,window,native-scan,False,634186,627942,674223,752801,60241,False
early,3,16,False,False,window,native-scan,True,322801,308798,384883,303246,41000,False
early,3,16,False,False,window,scan,False,864747,770168,982963,761697,60201,False
early,3,16,False,False,window,scan,True,331863,315708,339577,300110,40960,False
early,3,16,False,False,window,sealed-indexed,False,1019952,1000210,1109750,1007247,74823,False
early,3,16,False,False,window,sealed-indexed,True,403945,384613,437386,373628,50510,False
early,3,16,False,False,window,sealed-scan,False,788137,739439,848914,719119,60817,False
early,3,16,False,False,window,sealed-scan,True,322230,304398,548849,290300,41576,False
early,3,16,False,True,all,active-indexed,False,1113311,986725,4167831,962817,75883,False
early,3,16,False,True,all,active-indexed,True,374421,340848,468551,347310,52658,False
early,3,16,False,True,all,active-native-indexed,False,834678,784535,1003274,812001,70557,False
early,3,16,False,True,all,active-native-indexed,True,380380,342015,399018,338062,52202,False
early,3,16,False,True,all,active-native-scan,False,811540,740038,1065613,722785,66909,False
early,3,16,False,True,all,active-native-scan,True,326660,306880,414053,308238,47444,False
early,3,16,False,True,all,active-scan,False,936031,880509,1035063,824929,67979,False
early,3,16,False,True,all,active-scan,True,323258,303399,421311,307982,47154,False
early,3,16,False,True,all,birth,False,1725399,1680679,1897623,1533128,100858,False
early,3,16,False,True,all,birth,True,300173,270968,337229,292501,45363,False
early,3,16,False,True,all,birth-miss,False,1558486,1505508,2027802,1483432,100890,False
early,3,16,False,True,all,birth-miss,True,322625,284693,352638,295605,45371,False
early,3,16,False,True,all,birth-miss-template,False,1638717,1588681,1901276,1536000,109803,False
early,3,16,False,True,all,birth-miss-template,True,371601,325232,409319,325037,49372,False
early,3,16,False,True,all,conditional,False,2542829,2486505,2778300,2997837,67299,False
early,3,16,False,True,all,conditional,True,553892,520921,577296,528622,35134,False
early,3,16,False,True,all,indexed,False,1197977,1043383,4671672,1061473,75723,False
early,3,16,False,True,all,indexed,True,399585,361468,530165,383438,52850,False
early,3,16,False,True,all,native-indexed,False,730276,711708,856095,913601,69789,False
early,3,16,False,True,all,native-indexed,True,362146,356308,422464,364846,51882,False
early,3,16,False,True,all,native-scan,False,680399,610558,917255,776225,63197,False
early,3,16,False,True,all,native-scan,True,303906,255074,336460,303246,43956,False
early,3,16,False,True,all,scan,False,827295,744631,1008223,785121,63157,False
early,3,16,False,True,all,scan,True,356433,283832,376370,300110,43916,False
early,3,16,False,True,all,sealed-indexed,False,1046172,921572,1221962,1018895,76371,False
early,3,16,False,True,all,sealed-indexed,True,385544,364504,438058,373628,53466,False
early,3,16,False,True,all,sealed-scan,False,773223,694379,956856,742543,63773,False
early,3,16,False,True,all,sealed-scan,True,303163,291687,381470,290300,44532,False
early,3,16,False,True,immediate,active-indexed,False,1122393,1022765,1174820,962817,67015,False
early,3,16,False,True,immediate,active-indexed,True,395800,382602,417067,347310,43790,False
early,3,16,False,True,immediate,active-native-indexed,False,905426,811773,967930,812001,61689,False
early,3,16,False,True,immediate,active-native-indexed,True,389514,365082,645576,338062,43334,False
early,3,16,False,True,immediate,active-native-scan,False,837359,813131,936058,722785,58041,False
early,3,16,False,True,immediate,active-native-scan,True,385588,307018,426605,308238,38576,False
early,3,16,False,True,immediate,active-scan,False,1050660,898460,1089950,824929,59111,False
early,3,16,False,True,immediate,active-scan,True,371074,333761,384071,307982,38286,False
early,3,16,False,True,immediate,birth,False,1920677,1653978,2016613,1533128,85942,False
early,3,16,False,True,immediate,birth,True,315957,261323,341244,292501,30447,False
early,3,16,False,True,immediate,birth-miss,False,1747802,1607939,1833010,1483432,85974,False
early,3,16,False,True,immediate,birth-miss,True,315251,303204,339303,295605,30455,False
early,3,16,False,True,immediate,birth-miss-template,False,1734450,1496802,1961243,1536000,94887,False
early,3,16,False,True,immediate,birth-miss-template,True,345955,321557,459847,325037,34456,False
early,3,16,False,True,immediate,conditional,False,2781870,2391635,3007907,2997837,57855,False
early,3,16,False,True,immediate,conditional,True,583975,496794,670734,528622,25690,False
early,3,16,False,True,immediate,indexed,False,1192494,920436,1533660,1061473,66855,False
early,3,16,False,True,immediate,indexed,True,467357,413271,3718432,383438,43982,False
early,3,16,False,True,immediate,native-indexed,False,877244,846187,929628,913601,60921,False
early,3,16,False,True,immediate,native-indexed,True,396213,358085,1007306,364846,43014,False
early,3,16,False,True,immediate,native-scan,False,719457,572168,784157,776225,54329,False
early,3,16,False,True,immediate,native-scan,True,337018,316516,359250,303246,35088,False
early,3,16,False,True,immediate,scan,False,918281,710063,1002909,785121,54289,False
early,3,16,False,True,immediate,scan,True,341638,329244,379582,300110,35048,False
early,3,16,False,True,immediate,sealed-indexed,False,1204347,1055993,2047441,1018895,67503,False
early,3,16,False,True,immediate,sealed-indexed,True,438176,363150,459054,373628,44598,False
early,3,16,False,True,immediate,sealed-scan,False,949372,808272,1156729,742543,54905,False
early,3,16,False,True,immediate,sealed-scan,True,328499,277769,412531,290300,35664,False
early,3,16,False,True,window,active-indexed,False,1071973,996119,5081772,962817,72927,False
early,3,16,False,True,window,active-indexed,True,360169,352724,397414,347310,49702,False
early,3,16,False,True,window,active-native-indexed,False,863764,779365,930399,812001,67601,False
early,3,16,False,True,window,active-native-indexed,True,364171,360842,438356,338062,49246,False
early,3,16,False,True,window,active-native-scan,False,843611,780137,900581,722785,63953,False
early,3,16,False,True,window,active-native-scan,True,397958,344985,500409,308238,44488,False
early,3,16,False,True,window,active-scan,False,954355,922100,1027754,824929,65023,False
early,3,16,False,True,window,active-scan,True,338133,303517,394170,307982,44198,False
early,3,16,False,True,window,birth,False,1794148,1656380,1917333,1533128,95886,False
early,3,16,False,True,window,birth,True,310961,297290,328077,292501,40391,False
early,3,16,False,True,window,birth-miss,False,1616525,1471886,1864700,1483432,95918,False
early,3,16,False,True,window,birth-miss,True,305106,294364,321607,295605,40399,False
early,3,16,False,True,window,birth-miss-template,False,1707025,1545596,1930069,1536000,104831,False
early,3,16,False,True,window,birth-miss-template,True,334324,322804,358381,325037,44400,False
early,3,16,False,True,window,conditional,False,2589414,2458569,2898073,2997837,64151,False
early,3,16,False,True,window,conditional,True,556234,550813,630360,528622,31986,False
early,3,16,False,True,window,indexed,False,1148382,1093904,1566643,1061473,72767,False
early,3,16,False,True,window,indexed,True,434560,395808,452800,383438,49894,False
early,3,16,False,True,window,native-indexed,False,807120,755188,886449,913601,66833,False
early,3,16,False,True,window,native-indexed,True,382318,362441,394899,364846,48926,False
early,3,16,False,True,window,native-scan,False,673919,654686,2008640,776225,60241,False
early,3,16,False,True,window,native-scan,True,313871,289323,335185,303246,41000,False
early,3,16,False,True,window,scan,False,844093,793235,906587,785121,60201,False
early,3,16,False,True,window,scan,True,326134,305892,346979,300110,40960,False
early,3,16,False,True,window,sealed-indexed,False,1119537,983007,1291692,1018895,73415,False
early,3,16,False,True,window,sealed-indexed,True,367041,353057,405716,373628,50510,False
early,3,16,False,True,window,sealed-scan,False,803010,742260,858561,742543,60817,False
early,3,16,False,True,window,sealed-scan,True,322048,311932,506885,290300,41576,False
early,3,16,True,False,all,active-indexed,False,983317,924823,1119507,925157,81519,False
early,3,16,True,False,all,active-indexed,True,401409,392185,433216,374882,53510,False
early,3,16,True,False,all,active-native-indexed,False,899960,797588,1349805,769253,73601,False
early,3,16,True,False,all,active-native-indexed,True,380977,360251,566128,359266,53054,False
early,3,16,True,False,all,active-native-scan,False,801124,740891,807288,680037,69953,False
early,3,16,True,False,all,active-native-scan,True,354098,337290,388181,329442,48296,False
early,3,16,True,False,all,active-scan,False,952380,845004,1131292,777861,72143,False
early,3,16,True,False,all,active-scan,True,394433,347866,582666,335106,48006,False
early,3,16,True,False,all,birth,False,1709696,1646121,2930475,1543326,101320,False
early,3,16,True,False,all,birth,True,309586,296842,440579,296699,45825,False
early,3,16,True,False,all,birth-miss,False,1451326,1416289,1710531,1493630,101352,False
early,3,16,True,False,all,birth-miss,True,337887,284401,413636,299803,45833,False
early,3,16,True,False,all,birth-miss-template,False,1615515,1550238,2590832,1546198,110265,False
early,3,16,True,False,all,birth-miss-template,True,355816,323104,691026,329235,49834,False
early,3,16,True,False,all,conditional,False,3185677,2570856,4303473,3179373,69495,False
early,3,16,True,False,all,conditional,True,620086,595518,902933,619198,37210,False
early,3,16,True,False,all,indexed,False,1099204,1071756,1829746,1098773,79551,False
early,3,16,True,False,all,indexed,True,514515,408481,792752,418450,53798,False
early,3,16,True,False,all,native-indexed,False,856495,728332,1686138,939893,72241,False
early,3,16,True,False,all,native-indexed,True,432484,354423,607450,400626,52830,False
early,3,16,True,False,all,native-scan,False,643574,605967,726905,802501,65649,False
early,3,16,True,False,all,native-scan,True,344053,314974,472922,339010,44936,False
early,3,16,True,False,all,scan,False,819221,739108,933219,810373,65609,False
early,3,16,True,False,all,scan,True,349752,332391,524937,334850,44896,False
early,3,16,True,False,all,sealed-indexed,False,1193512,1010999,1638154,1048493,78759,False
early,3,16,True,False,all,sealed-indexed,True,457753,390475,671941,406826,54446,False
early,3,16,True,False,all,sealed-scan,False,835379,700271,1317109,760093,64785,False
early,3,16,True,False,all,sealed-scan,True,326152,320341,553922,323226,45544,False
early,3,16,True,False,immediate,active-indexed,False,1044540,927935,1159978,925157,72027,False
early,3,16,True,False,immediate,active-indexed,True,408659,387260,441272,374882,44018,False
early,3,16,True,False,immediate,active-native-indexed,False,928910,775140,4541604,769253,64109,False
early,3,16,True,False,immediate,active-native-indexed,True,398687,386749,430303,359266,43562,False
early,3,16,True,False,immediate,active-native-scan,False,878124,688371,901939,680037,60461,False
early,3,16,True,False,immediate,active-native-scan,True,399466,350992,702820,329442,38804,False
early,3,16,True,False,immediate,active-scan,False,953711,850753,1047203,777861,62651,False
early,3,16,True,False,immediate,active-scan,True,406003,358538,424640,335106,38514,False
early,3,16,True,False,immediate,birth,False,1671610,1413493,1786819,1543326,86356,False
early,3,16,True,False,immediate,birth,True,319896,303880,691980,296699,30861,False
early,3,16,True,False,immediate,birth-miss,False,1581066,1460795,1694034,1493630,86388,False
early,3,16,True,False,immediate,birth-miss,True,327136,280324,357623,299803,30869,False
early,3,16,True,False,immediate,birth-miss-template,False,1710200,1534744,1821386,1546198,95301,False
early,3,16,True,False,immediate,birth-miss-template,True,357603,351504,375329,329235,34870,False
early,3,16,True,False,immediate,conditional,False,2700652,2431937,6911019,3179373,60003,False
early,3,16,True,False,immediate,conditional,True,672098,614715,856014,619198,27718,False
early,3,16,True,False,immediate,indexed,False,1171791,1103892,1281395,1098773,70059,False
early,3,16,True,False,immediate,indexed,True,456675,435401,676454,418450,44306,False
early,3,16,True,False,immediate,native-indexed,False,806930,767013,845946,939893,62749,False
early,3,16,True,False,immediate,native-indexed,True,415964,366759,444833,400626,43338,False
early,3,16,True,False,immediate,native-scan,False,698701,649942,740639,802501,56157,False
early,3,16,True,False,immediate,native-scan,True,358237,332720,737374,339010,35444,False
early,3,16,True,False,immediate,scan,False,874669,786915,917657,810373,56117,False
early,3,16,True,False,immediate,scan,True,396958,376105,4774940,334850,35404,False
early,3,16,True,False,immediate,sealed-indexed,False,1149607,1064761,1247986,1048493,69267,False
early,3,16,True,False,immediate,sealed-indexed,True,465709,377949,754623,406826,44954,False
early,3,16,True,False,immediate,sealed-scan,False,844860,802409,1837261,760093,55293,False
early,3,16,True,False,immediate,sealed-scan,True,376900,341943,446942,323226,36052,False
early,3,16,True,False,window,active-indexed,False,1103454,890241,1180028,925157,78355,False
early,3,16,True,False,window,active-indexed,True,466909,419558,1170995,374882,50346,False
early,3,16,True,False,window,active-native-indexed,False,960535,824823,980528,769253,70437,False
early,3,16,True,False,window,active-native-indexed,True,393419,356270,437170,359266,49890,False
early,3,16,True,False,window,active-native-scan,False,816671,777951,910286,680037,66789,False
early,3,16,True,False,window,active-native-scan,True,378068,345050,410252,329442,45132,False
early,3,16,True,False,window,active-scan,False,993305,930272,1571900,777861,68979,False
early,3,16,True,False,window,active-scan,True,413472,381530,444092,335106,44842,False
early,3,16,True,False,window,birth,False,1911563,1728422,4018729,1543326,96332,False
early,3,16,True,False,window,birth,True,329692,295663,349550,296699,40837,False
early,3,16,True,False,window,birth-miss,False,1584701,1380852,1729091,1493630,96364,False
early,3,16,True,False,window,birth-miss,True,324551,298571,328044,299803,40845,False
early,3,16,True,False,window,birth-miss-template,False,1690252,1425008,1910912,1546198,105277,False
early,3,16,True,False,window,birth-miss-template,True,367064,314709,380162,329235,44846,False
early,3,16,True,False,window,conditional,False,2892992,2244016,2972907,3179373,66331,False
early,3,16,True,False,window,conditional,True,688787,647674,715349,619198,34046,False
early,3,16,True,False,window,indexed,False,1195134,1049087,1228165,1098773,76387,False
early,3,16,True,False,window,indexed,True,449741,415468,528270,418450,50634,False
early,3,16,True,False,window,native-indexed,False,814800,743328,901025,939893,69077,False
early,3,16,True,False,window,native-indexed,True,420717,401556,451856,400626,49666,False
early,3,16,True,False,window,native-scan,False,730529,669231,758100,802501,62485,False
early,3,16,True,False,window,native-scan,True,359083,338097,397923,339010,41772,False
early,3,16,True,False,window,scan,False,923796,899819,1828250,810373,62445,False
early,3,16,True,False,window,scan,True,410782,379419,461537,334850,41732,False
early,3,16,True,False,window,sealed-indexed,False,1244477,1144036,6706885,1048493,75595,False
early,3,16,True,False,window,sealed-indexed,True,449162,357454,461967,406826,51282,False
early,3,16,True,False,window,sealed-scan,False,889245,872700,1405493,760093,61621,False
early,3,16,True,False,window,sealed-scan,True,381215,348992,391981,323226,42380,False
early,3,16,True,True,all,active-indexed,False,1159739,1105305,4644483,931333,76735,False
early,3,16,True,True,all,active-indexed,True,444302,353779,505235,366274,53510,False
early,3,16,True,True,all,active-native-indexed,False,877664,757814,953957,780357,72881,False
early,3,16,True,True,all,active-native-indexed,True,397502,328048,440600,352770,53054,False
early,3,16,True,True,all,active-native-scan,False,822022,674536,930289,691141,69233,False
early,3,16,True,True,all,active-native-scan,True,399306,343830,408412,322946,48296,False
early,3,16,True,True,all,active-scan,False,1048923,851304,1098125,789093,68831,False
early,3,16,True,True,all,active-scan,True,384373,355338,425853,326690,48006,False
early,3,16,True,True,all,birth,False,1872483,1598601,2324668,1543326,101320,False
early,3,16,True,True,all,birth,True,315838,291539,348184,296699,45825,False
early,3,16,True,True,all,birth-miss,False,1658732,1470266,1774729,1493630,101352,False
early,3,16,True,True,all,birth-miss,True,339775,296752,477227,299803,45833,False
early,3,16,True,True,all,birth-miss-template,False,1786382,1597899,1929360,1546198,110265,False
early,3,16,True,True,all,birth-miss-template,True,359321,317953,393534,329235,49834,False
early,3,16,True,True,all,conditional,False,2883380,2558729,2894297,3176845,68775,False
early,3,16,True,True,all,conditional,True,722814,618130,1026387,619198,37122,False
early,3,16,True,True,all,indexed,False,1164069,1020491,1471217,1110421,76671,False
early,3,16,True,True,all,indexed,True,469342,427611,507679,418450,53798,False
early,3,16,True,True,all,native-indexed,False,866082,781959,872884,963317,72241,False
early,3,16,True,True,all,native-indexed,True,387747,370797,732041,400626,52830,False
early,3,16,True,True,all,native-scan,False,691290,650005,769116,825925,65649,False
early,3,16,True,True,all,native-scan,True,379463,349440,659165,339010,44936,False
early,3,16,True,True,all,scan,False,936261,822020,979364,833797,65609,False
early,3,16,True,True,all,scan,True,386395,348456,461622,334850,44896,False
early,3,16,True,True,all,sealed-indexed,False,1196701,1018175,1461614,1060141,77351,False
early,3,16,True,True,all,sealed-indexed,True,449962,422440,487579,406826,54446,False
early,3,16,True,True,all,sealed-scan,False,869833,774347,900189,783517,64785,False
early,3,16,True,True,all,sealed-scan,True,362112,340008,471430,323226,45544,False
early,3,16,True,True,immediate,active-indexed,False,1142103,1030183,1796323,931333,67243,False
early,3,16,True,True,immediate,active-indexed,True,400107,382640,423021,366274,44018,False
early,3,16,True,True,immediate,active-native-indexed,False,839274,793434,881691,780357,63389,False
early,3,16,True,True,immediate,active-native-indexed,True,371108,341199,415513,352770,43562,False
early,3,16,True,True,immediate,active-native-scan,False,775359,754515,1315331,691141,59741,False
early,3,16,True,True,immediate,active-native-scan,True,385707,320591,634211,322946,38804,False
early,3,16,True,True,immediate,active-scan,False,985885,924808,1044264,789093,59339,False
early,3,16,True,True,immediate,active-scan,True,374674,340824,403032,326690,38514,False
early,3,16,True,True,immediate,birth,False,1858873,1625738,6087603,1543326,86356,False
early,3,16,True,True,immediate,birth,True,304250,269805,315514,296699,30861,False
early,3,16,True,True,immediate,birth-miss,False,1654614,1514891,1782727,1493630,86388,False
early,3,16,True,True,immediate,birth-miss,True,306437,287161,435853,299803,30869,False
early,3,16,True,True,immediate,birth-miss-template,False,1755213,1602259,2288644,1546198,95301,False
early,3,16,True,True,immediate,birth-miss-template,True,347480,313613,358186,329235,34870,False
early,3,16,True,True,immediate,conditional,False,2622385,2518007,2890264,3176845,59283,False
early,3,16,True,True,immediate,conditional,True,660752,600473,926234,619198,27630,False
early,3,16,True,True,immediate,indexed,False,1119592,1106094,1193390,1110421,67179,False
early,3,16,True,True,immediate,indexed,True,452697,405693,671380,418450,44306,False
early,3,16,True,True,immediate,native-indexed,False,839695,732552,1768762,963317,62749,False
early,3,16,True,True,immediate,native-indexed,True,385996,366758,415406,400626,43338,False
early,3,16,True,True,immediate,native-scan,False,677837,634470,909092,825925,56157,False
early,3,16,True,True,immediate,native-scan,True,335937,310484,371029,339010,35444,False
early,3,16,True,True,immediate,scan,False,885271,820619,1236555,833797,56117,False
early,3,16,True,True,immediate,scan,True,365784,326065,553720,334850,35404,False
early,3,16,True,True,immediate,sealed-indexed,False,1049608,1040270,1177762,1060141,67859,False
early,3,16,True,True,immediate,sealed-indexed,True,421286,384803,4854563,406826,44954,False
early,3,16,True,True,immediate,sealed-scan,False,877653,784534,895567,783517,55293,False
early,3,16,True,True,immediate,sealed-scan,True,418687,332860,700609,323226,36052,False
early,3,16,True,True,window,active-indexed,False,1034077,954312,2447502,931333,73571,False
early,3,16,True,True,window,active-indexed,True,405968,348972,565994,366274,50346,False
early,3,16,True,True,window,active-native-indexed,False,848513,684489,1412887,780357,69717,False
early,3,16,True,True,window,active-native-indexed,True,374640,322995,553526,352770,49890,False
early,3,16,True,True,window,active-native-scan,False,797011,716018,1348232,691141,66069,False
early,3,16,True,True,window,active-native-scan,True,413592,350231,501825,322946,45132,False
early,3,16,True,True,window,active-scan,False,903900,869630,1491640,789093,65667,False
early,3,16,True,True,window,active-scan,True,351044,308182,558318,326690,44842,False
early,3,16,True,True,window,birth,False,1698449,1636086,3057516,1543326,96332,False
early,3,16,True,True,window,birth,True,301587,256210,445960,296699,40837,False
early,3,16,True,True,window,birth-miss,False,1590839,1422547,2871550,1493630,96364,False
early,3,16,True,True,window,birth-miss,True,311482,259061,508224,299803,40845,False
early,3,16,True,True,window,birth-miss-template,False,1716841,1476011,3043252,1546198,105277,False
early,3,16,True,True,window,birth-miss-template,True,333056,321382,357717,329235,44846,False
early,3,16,True,True,window,conditional,False,2527855,2194886,4295572,3176845,65611,False
early,3,16,True,True,window,conditional,True,716713,522339,939024,619198,33958,False
early,3,16,True,True,window,indexed,False,1108142,1016852,1987805,1110421,73507,False
early,3,16,True,True,window,indexed,True,449766,395580,662856,418450,50634,False
early,3,16,True,True,window,native-indexed,False,764621,692035,1131003,963317,69077,False
early,3,16,True,True,window,native-indexed,True,408549,361300,580114,400626,49666,False
early,3,16,True,True,window,native-scan,False,674939,644905,1068368,825925,62485,False
early,3,16,True,True,window,native-scan,True,482378,360188,884869,339010,41772,False
early,3,16,True,True,window,scan,False,827974,766463,1868785,833797,62445,False
early,3,16,True,True,window,scan,True,406106,357381,629837,334850,41732,False
early,3,16,True,True,window,sealed-indexed,False,1068032,904223,1781277,1060141,74187,False
early,3,16,True,True,window,sealed-indexed,True,419165,350093,450910,406826,51282,False
early,3,16,True,True,window,sealed-scan,False,829712,683884,1302937,783517,61621,False
early,3,16,True,True,window,sealed-scan,True,351506,320617,502908,323226,42380,False
independent,3,0,False,False,all,active-indexed,False,809452,781195,1014414,846997,135177,False
independent,3,0,False,False,all,active-indexed,True,904213,823099,941974,858313,135704,False
independent,3,0,False,False,all,active-native-indexed,False,793804,717264,807875,811541,134697,False
independent,3,0,False,False,all,active-native-indexed,True,816381,734726,1310175,822857,135224,False
independent,3,0,False,False,all,active-native-scan,False,737989,658366,1073722,740757,127401,False
independent,3,0,False,False,all,active-native-scan,True,785460,623307,1056141,752073,127928,False
independent,3,0,False,False,all,active-scan,False,801120,700880,863776,757749,126857,False
independent,3,0,False,False,all,active-scan,True,842212,766362,1189972,769065,127384,False
independent,3,0,False,False,all,birth,False,554210,528682,635635,660045,111446,False
independent,3,0,False,False,all,birth,True,639636,510448,742495,671361,111973,False
independent,3,0,False,False,all,birth-miss,False,581861,550079,613151,653801,111454,False
independent,3,0,False,False,all,birth-miss,True,624178,600037,1235883,665117,111981,False
independent,3,0,False,False,all,birth-miss-template,False,663107,651662,759052,712769,121635,False
independent,3,0,False,False,all,birth-miss-template,True,643467,554914,731918,723701,122162,False
independent,3,0,False,False,all,conditional,False,3673687,3326196,3847597,3337029,91109,False
independent,3,0,False,False,all,conditional,True,3587825,3265551,3803670,3348345,91636,False
independent,3,0,False,False,all,indexed,False,876254,708411,1207720,893045,130216,False
independent,3,0,False,False,all,indexed,True,862637,815390,954210,904361,130743,False
independent,3,0,False,False,all,native-indexed,False,710587,701513,784077,853717,126911,False
independent,3,0,False,False,all,native-indexed,True,775645,700883,786345,865033,127438,False
independent,3,0,False,False,all,native-scan,False,638590,601037,702452,719893,112230,False
independent,3,0,False,False,all,native-scan,True,661685,632579,951539,731209,112757,False
independent,3,0,False,False,all,scan,False,736471,579971,1071266,712917,112486,False
independent,3,0,False,False,all,scan,True,696209,663686,746929,724233,113013,False
independent,3,0,False,False,all,sealed-indexed,False,867854,845125,4290124,867139,130096,False
independent,3,0,False,False,all,sealed-indexed,True,851721,825674,951920,878455,130623,False
independent,3,0,False,False,all,sealed-scan,False,739271,712895,1073205,687011,112614,False
independent,3,0,False,False,all,sealed-scan,True,721392,681945,799001,698327,113141,False
independent,3,0,False,False,immediate,active-indexed,False,884627,802244,1037253,846997,115569,False
independent,3,0,False,False,immediate,active-indexed,True,937937,812585,1391231,858313,116096,False
independent,3,0,False,False,immediate,active-native-indexed,False,781602,728625,1047785,811541,115089,False
independent,3,0,False,False,immediate,active-native-indexed,True,909115,653054,1123427,822857,115616,False
independent,3,0,False,False,immediate,active-native-scan,False,767611,675672,954142,740757,107793,False
independent,3,0,False,False,immediate,active-native-scan,True,774130,636726,4538656,752073,108320,False
independent,3,0,False,False,immediate,active-scan,False,862588,752648,1199459,757749,107249,False
independent,3,0,False,False,immediate,active-scan,True,826672,777254,912697,769065,107776,False
independent,3,0,False,False,immediate,birth,False,641647,496361,834230,660045,79166,False
independent,3,0,False,False,immediate,birth,True,616240,562038,715132,671361,79693,False
independent,3,0,False,False,immediate,birth-miss,False,562082,470356,810707,653801,79174,False
independent,3,0,False,False,immediate,birth-miss,True,559162,504778,687876,665117,79701,False
independent,3,0,False,False,immediate,birth-miss-template,False,636645,618280,957182,712385,89355,False
independent,3,0,False,False,immediate,birth-miss-template,True,672076,631663,767513,723701,89882,False
independent,3,0,False,False,immediate,conditional,False,3784514,2930075,12290462,3337029,69773,False
independent,3,0,False,False,immediate,conditional,True,3421968,3197797,3882794,3348345,70300,False
independent,3,0,False,False,immediate,indexed,False,963961,772910,1255165,893045,110608,False
independent,3,0,False,False,immediate,indexed,True,961948,894986,1702296,904361,111135,False
independent,3,0,False,False,immediate,native-indexed,False,761790,698899,873231,853717,107303,False
independent,3,0,False,False,immediate,native-indexed,True,774224,714246,1074244,865033,107830,False
independent,3,0,False,False,immediate,native-scan,False,608157,583734,996478,719893,92622,False
independent,3,0,False,False,immediate,native-scan,True,705964,533787,4178748,731209,93149,False
independent,3,0,False,False,immediate,scan,False,670494,575741,1140473,712917,92878,False
independent,3,0,False,False,immediate,scan,True,671159,637384,3363616,724233,93405,False
independent,3,0,False,False,immediate,sealed-indexed,False,928187,803273,6391625,867139,110488,False
independent,3,0,False,False,immediate,sealed-indexed,True,920112,821487,1283353,878455,111015,False
independent,3,0,False,False,immediate,sealed-scan,False,644127,598000,1182576,687011,93006,False
independent,3,0,False,False,immediate,sealed-scan,True,681086,610740,1322878,698327,93533,False
independent,3,0,False,False,window,active-indexed,False,850141,800006,1039129,846997,128641,False
independent,3,0,False,False,window,active-indexed,True,890977,875574,1517814,858313,129168,False
independent,3,0,False,False,window,active-native-indexed,False,788106,754381,1000485,811541,128161,False
independent,3,0,False,False,window,active-native-indexed,True,817319,796618,825678,822857,128688,False
independent,3,0,False,False,window,active-native-scan,False,777313,719694,897560,740757,120865,False
independent,3,0,False,False,window,active-native-scan,True,779943,721503,812327,752073,121392,False
independent,3,0,False,False,window,active-scan,False,855324,743238,929240,757749,120321,False
independent,3,0,False,False,window,active-scan,True,823311,802191,936792,769065,120848,False
independent,3,0,False,False,window,birth,False,598007,551997,685527,660045,100686,False
independent,3,0,False,False,window,birth,True,617036,582793,668100,671361,101213,False
independent,3,0,False,False,window,birth-miss,False,591230,552075,767115,653801,100694,False
independent,3,0,False,False,window,birth-miss,True,628321,532353,685319,665117,101221,False
independent,3,0,False,False,window,birth-miss-template,False,693009,640227,826168,712769,110875,False
independent,3,0,False,False,window,birth-miss-template,True,674406,640654,794576,723701,111402,False
independent,3,0,False,False,window,conditional,False,3899350,3560934,3995871,3337029,83997,False
independent,3,0,False,False,window,conditional,True,3555884,3265499,3703897,3348345,84524,False
independent,3,0,False,False,window,indexed,False,901555,810153,1014551,893045,123680,False
independent,3,0,False,False,window,indexed,True,883835,841264,1026696,904361,124207,False
independent,3,0,False,False,window,native-indexed,False,760989,701608,779439,853717,120375,False
independent,3,0,False,False,window,native-indexed,True,794803,652928,910938,865033,120902,False
independent,3,0,False,False,window,native-scan,False,647763,618280,723368,719893,105694,False
independent,3,0,False,False,window,native-scan,True,660452,618448,711797,731209,106221,False
independent,3,0,False,False,window,scan,False,714061,693836,728759,712917,105950,False
independent,3,0,False,False,window,scan,True,756590,675466,829640,724233,106477,False
independent,3,0,False,False,window,sealed-indexed,False,901730,836784,1033905,867139,123560,False
independent,3,0,False,False,window,sealed-indexed,True,907555,824304,957218,878455,124087,False
independent,3,0,False,False,window,sealed-scan,False,715768,691600,801579,687011,106078,False
independent,3,0,False,False,window,sealed-scan,True,740935,659724,890587,698327,106605,False
independent,3,0,False,True,all,active-indexed,False,808277,758935,1035126,816181,129304,False
independent,3,0,False,True,all,active-indexed,True,816965,726247,1001223,827497,129831,False
independent,3,0,False,True,all,active-native-indexed,False,744526,674246,870510,792341,128319,False
independent,3,0,False,True,all,active-native-indexed,True,830886,721565,983434,803657,128846,False
independent,3,0,False,True,all,active-native-scan,False,653014,645408,851454,721557,119838,False
independent,3,0,False,True,all,active-native-scan,True,737790,691923,869743,732873,120365,False
independent,3,0,False,True,all,active-scan,False,828274,722444,3197549,728725,119990,False
independent,3,0,False,True,all,active-scan,True,719536,656673,1779441,740041,120517,False
independent,3,0,False,True,all,birth,False,620656,505440,697185,660045,111446,False
independent,3,0,False,True,all,birth,True,625793,562877,774726,671361,111973,False
independent,3,0,False,True,all,birth-miss,False,557626,550090,1151440,653801,111454,False
independent,3,0,False,True,all,birth-miss,True,599369,528957,1266495,665117,111981,False
independent,3,0,False,True,all,birth-miss-template,False,640083,612309,784920,712769,121635,False
independent,3,0,False,True,all,birth-miss-template,True,707325,621123,871540,723701,122162,False
independent,3,0,False,True,all,conditional,False,3449008,3276397,4390252,3337029,91107,False
independent,3,0,False,True,all,conditional,True,3661245,3420434,5825221,3348345,91634,False
independent,3,0,False,True,all,indexed,False,876649,732102,4827414,893045,130216,False
independent,3,0,False,True,all,indexed,True,864628,850379,2378701,904361,130743,False
independent,3,0,False,True,all,native-indexed,False,773592,658198,989591,853717,126911,False
independent,3,0,False,True,all,native-indexed,True,763235,731666,935489,865033,127438,False
independent,3,0,False,True,all,native-scan,False,719325,636577,1100850,719893,112230,False
independent,3,0,False,True,all,native-scan,True,637184,620970,783074,731209,112757,False
independent,3,0,False,True,all,scan,False,723847,678049,1018201,712917,112486,False
independent,3,0,False,True,all,scan,True,725760,650598,827253,724233,113013,False
independent,3,0,False,True,all,sealed-indexed,False,826547,686438,1054168,867139,130096,False
independent,3,0,False,True,all,sealed-indexed,True,851640,838158,1042058,878455,130623,False
independent,3,0,False,True,all,sealed-scan,False,734169,615737,923439,687011,112614,False
independent,3,0,False,True,all,sealed-scan,True,659280,635577,861447,698327,113141,False
independent,3,0,False,True,immediate,active-indexed,False,1055754,746617,1422858,816181,109696,False
independent,3,0,False,True,immediate,active-indexed,True,743546,717895,907436,827497,110223,False
independent,3,0,False,True,immediate,active-native-indexed,False,713743,672652,1015357,792341,108711,False
independent,3,0,False,True,immediate,active-native-indexed,True,804245,685168,951566,803657,109238,False
independent,3,0,False,True,immediate,active-native-scan,False,665678,652517,700101,721557,100230,False
independent,3,0,False,True,immediate,active-native-scan,True,663211,592330,731776,732873,100757,False
independent,3,0,False,True,immediate,active-scan,False,721627,621292,783680,728725,100382,False
independent,3,0,False,True,immediate,active-scan,True,688265,664175,753070,740041,100909,False
independent,3,0,False,True,immediate,birth,False,581744,514198,783876,660045,79166,False
independent,3,0,False,True,immediate,birth,True,589460,542424,602406,671361,79693,False
independent,3,0,False,True,immediate,birth-miss,False,573121,507958,812212,653801,79174,False
independent,3,0,False,True,immediate,birth-miss,True,598582,532859,1067094,665117,79701,False
independent,3,0,False,True,immediate,birth-miss-template,False,636539,575091,1263297,712193,89355,False
independent,3,0,False,True,immediate,birth-miss-template,True,657660,550456,842298,723701,89882,False
independent,3,0,False,True,immediate,conditional,False,3508673,3240361,3689121,3337029,69771,False
independent,3,0,False,True,immediate,conditional,True,3280729,3167614,4933867,3348345,70298,False
independent,3,0,False,True,immediate,indexed,False,883123,853507,1212346,893045,110608,False
independent,3,0,False,True,immediate,indexed,True,829651,771311,1035841,904361,111135,False
independent,3,0,False,True,immediate,native-indexed,False,720844,688014,732065,853717,107303,False
independent,3,0,False,True,immediate,native-indexed,True,714198,643700,769048,865033,107830,False
independent,3,0,False,True,immediate,native-scan,False,604873,572841,701458,719893,92622,False
independent,3,0,False,True,immediate,native-scan,True,625623,562483,894931,731209,93149,False
independent,3,0,False,True,immediate,scan,False,667312,659987,860579,712917,92878,False
independent,3,0,False,True,immediate,scan,True,701308,611772,722083,724233,93405,False
independent,3,0,False,True,immediate,sealed-indexed,False,839127,769282,1032359,867139,110488,False
independent,3,0,False,True,immediate,sealed-indexed,True,880250,787949,7500235,878455,111015,False
independent,3,0,False,True,immediate,sealed-scan,False,640999,565718,859437,687011,93006,False
independent,3,0,False,True,immediate,sealed-scan,True,679076,661592,826106,698327,93533,False
independent,3,0,False,True,window,active-indexed,False,812538,792381,998777,816181,122768,False
independent,3,0,False,True,window,active-indexed,True,840936,806033,919729,827497,123295,False
independent,3,0,False,True,window,active-native-indexed,False,748351,720091,973965,792341,121783,False
independent,3,0,False,True,window,active-native-indexed,True,803380,773234,1481716,803657,122310,False
independent,3,0,False,True,window,active-native-scan,False,712111,670144,892051,721557,113302,False
independent,3,0,False,True,window,active-native-scan,True,743285,649803,876054,732873,113829,False
independent,3,0,False,True,window,active-scan,False,750883,648707,932403,728725,113454,False
independent,3,0,False,True,window,active-scan,True,976824,681044,4614983,740041,113981,False
independent,3,0,False,True,window,birth,False,629077,562532,650685,660045,100686,False
independent,3,0,False,True,window,birth,True,631203,589023,692931,671361,101213,False
independent,3,0,False,True,window,birth-miss,False,581589,573392,742079,653801,100694,False
independent,3,0,False,True,window,birth-miss,True,634895,609991,668680,665117,101221,False
independent,3,0,False,True,window,birth-miss-template,False,805895,676699,958875,712769,110875,False
independent,3,0,False,True,window,birth-miss-template,True,708581,617250,1420664,723701,111402,False
independent,3,0,False,True,window,conditional,False,3498604,3382389,3951670,3337029,83995,False
independent,3,0,False,True,window,conditional,True,3610604,3358224,3732703,3348345,84522,False
independent,3,0,False,True,window,indexed,False,876399,820948,1061222,893045,123680,False
independent,3,0,False,True,window,indexed,True,908912,827955,981669,904361,124207,False
independent,3,0,False,True,window,native-indexed,False,724242,683186,1170862,853717,120375,False
independent,3,0,False,True,window,native-indexed,True,807328,723031,1484125,865033,120902,False
independent,3,0,False,True,window,native-scan,False,659040,580887,780337,719893,105694,False
independent,3,0,False,True,window,native-scan,True,688293,628930,785852,731209,106221,False
independent,3,0,False,True,window,scan,False,714133,647478,852643,712917,105950,False
independent,3,0,False,True,window,scan,True,699985,672191,801934,724233,106477,False
independent,3,0,False,True,window,sealed-indexed,False,859742,766822,1013148,867139,123560,False
independent,3,0,False,True,window,sealed-indexed,True,900308,790319,1441120,878455,124087,False
independent,3,0,False,True,window,sealed-scan,False,708181,657772,797267,687011,106078,False
independent,3,0,False,True,window,sealed-scan,True,722945,641060,861957,698327,106605,False
independent,3,0,True,False,all,active-indexed,False,1055223,922069,1280772,886169,136897,False
independent,3,0,True,False,all,active-indexed,True,1057604,959660,1155048,897629,137424,False
independent,3,0,True,False,all,active-native-indexed,False,990068,809670,1015659,841753,136417,False
independent,3,0,True,False,all,active-native-indexed,True,885542,855811,936703,853213,136944,False
independent,3,0,True,False,all,active-native-scan,False,793550,761944,994077,770969,129121,False
independent,3,0,True,False,all,active-native-scan,True,876305,781993,961721,782429,129648,False
independent,3,0,True,False,all,active-scan,False,961716,828924,1630708,796409,128577,False
independent,3,0,True,False,all,active-scan,True,883177,838435,1038647,807869,129104,False
independent,3,0,True,False,all,birth,False,618430,569932,904647,669923,114276,False
independent,3,0,True,False,all,birth,True,728538,612844,1221216,681383,114803,False
independent,3,0,True,False,all,birth-miss,False,579256,552414,675559,663679,114284,False
independent,3,0,True,False,all,birth-miss,True,653983,606747,717981,675139,114811,False
independent,3,0,True,False,all,birth-miss-template,False,674681,618984,735449,722455,124465,False
independent,3,0,True,False,all,birth-miss-template,True,789800,664938,881048,734107,124992,False
independent,3,0,True,False,all,conditional,False,4029763,3685956,4562655,3583845,94101,False
independent,3,0,True,False,all,conditional,True,4051996,3664915,7841545,3595305,94628,False
independent,3,0,True,False,all,indexed,False,983091,893943,1220285,959961,137766,False
independent,3,0,True,False,all,indexed,True,1001863,929010,4519454,971421,138293,False
independent,3,0,True,False,all,native-indexed,False,910244,763879,2049354,922169,135166,False
independent,3,0,True,False,all,native-indexed,True,849520,798883,977298,933629,135693,False
independent,3,0,True,False,all,native-scan,False,680744,625264,794151,788313,121206,False
independent,3,0,True,False,all,native-scan,True,710443,676929,812533,799773,121733,False
independent,3,0,True,False,all,scan,False,825763,668316,926271,779289,121350,False
independent,3,0,True,False,all,scan,True,808326,735102,940893,790749,121877,False
independent,3,0,True,False,all,sealed-indexed,False,953762,900530,1060286,930193,138350,False
independent,3,0,True,False,all,sealed-indexed,True,986096,916412,1136576,941653,138877,False
independent,3,0,True,False,all,sealed-scan,False,999276,716503,1126334,749521,121934,False
independent,3,0,True,False,all,sealed-scan,True,797215,726837,919727,760981,122461,False
independent,3,0,True,False,immediate,active-indexed,False,975174,940688,1331994,886169,116041,False
independent,3,0,True,False,immediate,active-indexed,True,992255,912303,1222114,897629,116568,False
independent,3,0,True,False,immediate,active-native-indexed,False,835862,827757,1166517,841753,115561,False
independent,3,0,True,False,immediate,active-native-indexed,True,856200,808492,1216735,853213,116088,False
independent,3,0,True,False,immediate,active-native-scan,False,809186,695252,1217245,770969,108265,False
independent,3,0,True,False,immediate,active-native-scan,True,856312,767763,1073230,782429,108792,False
independent,3,0,True,False,immediate,active-scan,False,905953,875381,1674390,796409,107721,False
independent,3,0,True,False,immediate,active-scan,True,865495,724120,903654,807869,108248,False
independent,3,0,True,False,immediate,birth,False,596732,548961,797894,669923,80172,False
independent,3,0,True,False,immediate,birth,True,631995,594337,668559,681383,80699,False
independent,3,0,True,False,immediate,birth-miss,False,578742,483119,628233,663679,80180,False
independent,3,0,True,False,immediate,birth-miss,True,643680,562429,759199,675139,80707,False
independent,3,0,True,False,immediate,birth-miss-template,False,647510,562220,1035230,722263,90361,False
independent,3,0,True,False,immediate,birth-miss-template,True,676201,665384,716567,733723,90888,False
independent,3,0,True,False,immediate,conditional,False,3924421,3756498,9450806,3583845,70941,False
independent,3,0,True,False,immediate,conditional,True,3765963,3541888,4195010,3595305,71468,False
independent,3,0,True,False,immediate,indexed,False,954840,926564,1119374,959961,116910,False
independent,3,0,True,False,immediate,indexed,True,981236,946301,1063855,971421,117437,False
independent,3,0,True,False,immediate,native-indexed,False,846813,787869,939117,922169,114310,False
independent,3,0,True,False,immediate,native-indexed,True,854186,805698,1712521,933629,114837,False
independent,3,0,True,False,immediate,native-scan,False,698530,667819,713632,788313,100350,False
independent,3,0,True,False,immediate,native-scan,True,728405,632054,1053283,799773,100877,False
independent,3,0,True,False,immediate,scan,False,812432,780600,928558,779289,100494,False
independent,3,0,True,False,immediate,scan,True,787932,753054,853993,790749,101021,False
independent,3,0,True,False,immediate,sealed-indexed,False,927184,911427,1025597,930193,117494,False
independent,3,0,True,False,immediate,sealed-indexed,True,884793,782825,1001971,941653,118021,False
independent,3,0,True,False,immediate,sealed-scan,False,751300,741930,826326,749521,101078,False
independent,3,0,True,False,immediate,sealed-scan,True,805688,769674,10259827,760981,101605,False
independent,3,0,True,False,window,active-indexed,False,930257,821800,1007680,886169,129945,False
independent,3,0,True,False,window,active-indexed,True,964073,865266,1074884,897629,130472,False
independent,3,0,True,False,window,active-native-indexed,False,823725,768529,899617,841753,129465,False
independent,3,0,True,False,window,active-native-indexed,True,898623,796838,913515,853213,129992,False
independent,3,0,True,False,window,active-native-scan,False,815682,787038,847573,770969,122169,False
independent,3,0,True,False,window,active-native-scan,True,825264,736273,1453375,782429,122696,False
independent,3,0,True,False,window,active-scan,False,921547,796988,958979,796409,121625,False
independent,3,0,True,False,window,active-scan,True,934108,893119,1762911,807869,122152,False
independent,3,0,True,False,window,birth,False,638183,576249,681243,669923,102908,False
independent,3,0,True,False,window,birth,True,637498,627792,712377,681383,103435,False
independent,3,0,True,False,window,birth-miss,False,607058,573649,651466,663679,102916,False
independent,3,0,True,False,window,birth-miss,True,650327,628886,671251,675139,103443,False
independent,3,0,True,False,window,birth-miss-template,False,602159,579413,788642,722455,113097,False
independent,3,0,True,False,window,birth-miss-template,True,709054,648520,791408,734107,113624,False
independent,3,0,True,False,window,conditional,False,3927517,3434187,4099212,3583845,86381,False
independent,3,0,True,False,window,conditional,True,3932570,3436498,4148774,3595305,86908,False
independent,3,0,True,False,window,indexed,False,970784,944148,1006078,959961,130814,False
independent,3,0,True,False,window,indexed,True,1000333,950862,1120144,971421,131341,False
independent,3,0,True,False,window,native-indexed,False,845563,771582,1105022,922169,128214,False
independent,3,0,True,False,window,native-indexed,True,883144,774223,934499,933629,128741,False
independent,3,0,True,False,window,native-scan,False,705851,614820,1101382,788313,114254,False
independent,3,0,True,False,window,native-scan,True,721918,701639,821846,799773,114781,False
independent,3,0,True,False,window,scan,False,823268,680591,859684,779289,114398,False
independent,3,0,True,False,window,scan,True,808093,710362,921381,790749,114925,False
independent,3,0,True,False,window,sealed-indexed,False,944806,864985,1005860,930193,131398,False
independent,3,0,True,False,window,sealed-indexed,True,923679,846625,1093930,941653,131925,False
independent,3,0,True,False,window,sealed-scan,False,776222,737460,849610,749521,114982,False
independent,3,0,True,False,window,sealed-scan,True,811641,745021,838721,760981,115509,False
independent,3,0,True,True,all,active-indexed,False,832099,760049,995373,842873,130972,False
independent,3,0,True,True,all,active-indexed,True,950004,857179,1362466,854333,131499,False
independent,3,0,True,True,all,active-native-indexed,False,920202,777357,7230070,811705,129987,False
independent,3,0,True,True,all,active-native-indexed,True,794903,745979,1241354,823165,130514,False
independent,3,0,True,True,all,active-native-scan,False,734743,664637,924092,740921,121506,False
independent,3,0,True,True,all,active-native-scan,True,805586,723887,922170,752381,122033,False
independent,3,0,True,True,all,active-scan,False,904378,755399,988039,754137,121658,False
independent,3,0,True,True,all,active-scan,True,804368,768874,967003,765597,122185,False
independent,3,0,True,True,all,birth,False,581863,505162,1158198,669923,114276,False
independent,3,0,True,True,all,birth,True,653779,584496,775356,681383,114803,False
independent,3,0,True,True,all,birth-miss,False,645922,565721,949834,663679,114284,False
independent,3,0,True,True,all,birth-miss,True,592294,576979,716378,675139,114811,False
independent,3,0,True,True,all,birth-miss-template,False,682068,622196,782021,722071,124465,False
independent,3,0,True,True,all,birth-miss-template,True,665499,559458,689684,733723,124992,False
independent,3,0,True,True,all,conditional,False,3720973,3562752,6604557,3583845,94099,False
independent,3,0,True,True,all,conditional,True,3628930,3295667,5222159,3595305,94626,False
independent,3,0,True,True,all,indexed,False,956218,893610,1298209,959961,137766,False
independent,3,0,True,True,all,indexed,True,920787,869668,1105834,971421,138293,False
independent,3,0,True,True,all,native-indexed,False,798131,732898,966481,922169,135166,False
independent,3,0,True,True,all,native-indexed,True,823045,794151,1019793,933629,135693,False
independent,3,0,True,True,all,native-scan,False,655252,612252,762585,788313,121206,False
independent,3,0,True,True,all,native-scan,True,680454,588783,814722,799773,121733,False
independent,3,0,True,True,all,scan,False,725410,633336,902097,779289,121350,False
independent,3,0,True,True,all,scan,True,805174,759674,1568904,790749,121877,False
independent,3,0,True,True,all,sealed-indexed,False,955139,885220,1050226,930193,138350,False
independent,3,0,True,True,all,sealed-indexed,True,894105,872099,1133354,941653,138877,False
independent,3,0,True,True,all,sealed-scan,False,746601,705174,888025,749521,121934,False
independent,3,0,True,True,all,sealed-scan,True,776080,752699,1427575,760981,122461,False
independent,3,0,True,True,immediate,active-indexed,False,839497,798352,945023,842873,110116,False
independent,3,0,True,True,immediate,active-indexed,True,882912,842980,974626,854333,110643,False
independent,3,0,True,True,immediate,active-native-indexed,False,870087,769771,1168742,811705,109131,False
independent,3,0,True,True,immediate,active-native-indexed,True,819214,776194,903366,823165,109658,False
independent,3,0,True,True,immediate,active-native-scan,False,776416,701039,824576,740921,100650,False
independent,3,0,True,True,immediate,active-native-scan,True,825288,730566,930318,752381,101177,False
independent,3,0,True,True,immediate,active-scan,False,822173,735811,913095,754137,100802,False
independent,3,0,True,True,immediate,active-scan,True,810169,767279,891270,765597,101329,False
independent,3,0,True,True,immediate,birth,False,642106,560518,995086,669923,80172,False
independent,3,0,True,True,immediate,birth,True,617004,611671,1326386,681383,80699,False
independent,3,0,True,True,immediate,birth-miss,False,570443,536016,636054,663679,80180,False
independent,3,0,True,True,immediate,birth-miss,True,617729,556893,650681,675139,80707,False
independent,3,0,True,True,immediate,birth-miss-template,False,629555,585803,734607,722263,90361,False
independent,3,0,True,True,immediate,birth-miss-template,True,720409,694593,774881,733915,90888,False
independent,3,0,True,True,immediate,conditional,False,3950722,3637786,4015162,3583845,70939,False
independent,3,0,True,True,immediate,conditional,True,3910176,3547493,4122078,3595305,71466,False
independent,3,0,True,True,immediate,indexed,False,943995,818238,1070836,959961,116910,False
independent,3,0,True,True,immediate,indexed,True,999011,942273,1213278,971421,117437,False
independent,3,0,True,True,immediate,native-indexed,False,886358,763639,1187807,922169,114310,False
independent,3,0,True,True,immediate,native-indexed,True,851912,824866,926336,933629,114837,False
independent,3,0,True,True,immediate,native-scan,False,714297,645814,774773,788313,100350,False
independent,3,0,True,True,immediate,native-scan,True,733767,687013,763019,799773,100877,False
independent,3,0,True,True,immediate,scan,False,817978,763456,875588,779289,100494,False
independent,3,0,True,True,immediate,scan,True,781806,761180,893296,790749,101021,False
independent,3,0,True,True,immediate,sealed-indexed,False,1000282,941358,1212481,930193,117494,False
independent,3,0,True,True,immediate,sealed-indexed,True,994212,969352,1533172,941653,118021,False
independent,3,0,True,True,immediate,sealed-scan,False,782607,689854,865654,749521,101078,False
independent,3,0,True,True,immediate,sealed-scan,True,854692,761287,890560,760981,101605,False
independent,3,0,True,True,window,active-indexed,False,930544,832485,1250206,842873,124020,False
independent,3,0,True,True,window,active-indexed,True,859409,853755,968159,854333,124547,False
independent,3,0,True,True,window,active-native-indexed,False,762643,710208,885867,811705,123035,False
independent,3,0,True,True,window,active-native-indexed,True,905126,797672,1238534,823165,123562,False
independent,3,0,True,True,window,active-native-scan,False,842858,735863,1084456,740921,114554,False
independent,3,0,True,True,window,active-native-scan,True,928060,753611,1085573,752381,115081,False
independent,3,0,True,True,window,active-scan,False,788784,751873,870863,754137,114706,False
independent,3,0,True,True,window,active-scan,True,859818,836751,1265830,765597,115233,False
independent,3,0,True,True,window,birth,False,645645,601113,892401,669923,102908,False
independent,3,0,True,True,window,birth,True,642757,595832,844987,681383,103435,False
independent,3,0,True,True,window,birth-miss,False,578259,463132,637802,663679,102916,False
independent,3,0,True,True,window,birth-miss,True,623448,574110,693471,675139,103443,False
independent,3,0,True,True,window,birth-miss-template,False,682048,524249,744855,722263,113097,False
independent,3,0,True,True,window,birth-miss-template,True,687897,581632,967050,733915,113624,False
independent,3,0,True,True,window,conditional,False,3926862,3633569,5404066,3583845,86379,False
independent,3,0,True,True,window,conditional,True,4237169,3298239,7071131,3595305,86906,False
independent,3,0,True,True,window,indexed,False,950791,872233,1436714,959961,130814,False
independent,3,0,True,True,window,indexed,True,1065395,916739,1376991,971421,131341,False
independent,3,0,True,True,window,native-indexed,False,783462,762109,915787,922169,128214,False
independent,3,0,True,True,window,native-indexed,True,840332,805437,844620,933629,128741,False
independent,3,0,True,True,window,native-scan,False,695401,594063,808253,788313,114254,False
independent,3,0,True,True,window,native-scan,True,728120,620923,884380,799773,114781,False
independent,3,0,True,True,window,scan,False,766167,721318,1701980,779289,114398,False
independent,3,0,True,True,window,scan,True,809289,758767,1196570,790749,114925,False
independent,3,0,True,True,window,sealed-indexed,False,942168,905568,3277357,930193,131398,False
independent,3,0,True,True,window,sealed-indexed,True,1056346,884451,2031487,941653,131925,False
independent,3,0,True,True,window,sealed-scan,False,808827,715715,1144598,749521,114982,False
independent,3,0,True,True,window,sealed-scan,True,785351,730499,1157404,760981,115509,False
independent,3,16,False,False,all,active-indexed,False,2036994,1994219,3681047,1974037,191745,False
independent,3,16,False,False,all,active-indexed,True,979521,862537,1549832,874889,135704,False
independent,3,16,False,False,all,active-native-indexed,False,1798513,1662304,1961696,1669653,181433,False
independent,3,16,False,False,all,active-native-indexed,True,839542,777015,1332108,839433,135224,False
independent,3,16,False,False,all,active-native-scan,False,1568727,1528872,3631371,1480085,174137,False
independent,3,16,False,False,all,active-native-scan,True,786903,709225,840483,768649,127928,False
independent,3,16,False,False,all,active-scan,False,1820248,1705684,2047054,1676405,173593,False
independent,3,16,False,False,all,active-scan,True,866991,790300,913039,785641,127384,False
independent,3,16,False,False,all,birth,False,3527916,3335774,3836498,2877977,207462,False
independent,3,16,False,False,all,birth,True,671120,637978,707818,687937,111973,False
independent,3,16,False,False,all,birth-miss,False,3271619,2982501,3384864,2762629,207494,False
independent,3,16,False,False,all,birth-miss,True,639258,595529,666773,681693,111981,False
independent,3,16,False,False,all,birth-miss-template,False,3288033,3010131,5415555,2842589,222587,False
independent,3,16,False,False,all,birth-miss-template,True,704565,668845,757146,740277,122162,False
independent,3,16,False,False,all,conditional,False,20407466,19402035,21365432,22898405,363024,False
independent,3,16,False,False,all,conditional,True,3646175,3534490,3830337,3364921,91636,False
independent,3,16,False,False,all,indexed,False,2211342,2027207,2396367,2251765,187457,False
independent,3,16,False,False,all,indexed,True,913583,878032,984092,920937,130743,False
independent,3,16,False,False,all,native-indexed,False,1569583,1537835,1727633,1932885,168310,False
independent,3,16,False,False,all,native-indexed,True,814577,799913,879809,881609,127438,False
independent,3,16,False,False,all,native-scan,False,1328399,1248304,1428867,1647509,153846,False
independent,3,16,False,False,all,native-scan,True,687086,657333,719095,747785,112757,False
independent,3,16,False,False,all,scan,False,1692189,1579881,1878851,1675349,154102,False
independent,3,16,False,False,all,scan,True,744083,706416,799084,740809,113013,False
independent,3,16,False,False,all,sealed-indexed,False,2193873,2097286,3760854,2155907,185129,False
independent,3,16,False,False,all,sealed-indexed,True,923802,874395,3970701,895031,130623,False
independent,3,16,False,False,all,sealed-scan,False,1606256,1505190,2955044,1579491,153126,False
independent,3,16,False,False,all,sealed-scan,True,742650,714741,748161,714903,113141,False
independent,3,16,False,False,immediate,active-indexed,False,2207329,1922152,3586596,1974037,172137,False
independent,3,16,False,False,immediate,active-indexed,True,923432,854221,1292895,874889,116096,False
independent,3,16,False,False,immediate,active-native-indexed,False,1716144,1471283,3000846,1669653,161825,False
independent,3,16,False,False,immediate,active-native-indexed,True,927590,796005,1274695,839433,115616,False
independent,3,16,False,False,immediate,active-native-scan,False,1834303,1369183,2303269,1480085,154529,False
independent,3,16,False,False,immediate,active-native-scan,True,797556,766064,1303127,768649,108320,False
independent,3,16,False,False,immediate,active-scan,False,1919005,1688158,2797935,1676405,153985,False
independent,3,16,False,False,immediate,active-scan,True,854871,792923,1339952,785641,107776,False
independent,3,16,False,False,immediate,birth,False,3577592,3264783,6006235,2877977,175182,False
independent,3,16,False,False,immediate,birth,True,623212,593376,672723,687937,79693,False
independent,3,16,False,False,immediate,birth-miss,False,3346415,2858089,5122957,2762629,175214,False
independent,3,16,False,False,immediate,birth-miss,True,618193,581863,975238,681693,79701,False
independent,3,16,False,False,immediate,birth-miss-template,False,3228348,3001331,4975054,2842589,190307,False
independent,3,16,False,False,immediate,birth-miss-template,True,756582,665071,1108568,740277,89882,False
independent,3,16,False,False,immediate,conditional,False,20507590,19643779,27898006,22898405,341688,False
independent,3,16,False,False,immediate,conditional,True,4292556,3401645,4878985,3364921,70300,False
independent,3,16,False,False,immediate,indexed,False,2162843,2014513,3366845,2251765,167849,False
independent,3,16,False,False,immediate,indexed,True,902548,857924,2173187,920937,111135,False
independent,3,16,False,False,immediate,native-indexed,False,1579988,1482014,2571714,1932885,148702,False
independent,3,16,False,False,immediate,native-indexed,True,895944,786303,1292874,881609,107830,False
independent,3,16,False,False,immediate,native-scan,False,1496303,1183651,2175058,1647509,134238,False
independent,3,16,False,False,immediate,native-scan,True,685818,601946,1029509,747785,93149,False
independent,3,16,False,False,immediate,scan,False,1745772,1546446,2590167,1675349,134494,False
independent,3,16,False,False,immediate,scan,True,819687,692713,1161754,740809,93405,False
independent,3,16,False,False,immediate,sealed-indexed,False,2417227,2000837,3714809,2155907,165521,False
independent,3,16,False,False,immediate,sealed-indexed,True,965087,860189,1301060,895031,111015,False
independent,3,16,False,False,immediate,sealed-scan,False,1632203,1499371,2517572,1579491,133518,False
independent,3,16,False,False,immediate,sealed-scan,True,737773,664578,1421252,714903,93533,False
independent,3,16,False,False,window,active-indexed,False,2001045,1831885,3337534,1974037,185209,False
independent,3,16,False,False,window,active-indexed,True,965883,821199,1324555,874889,129168,False
independent,3,16,False,False,window,active-native-indexed,False,1809162,1577972,2645689,1669653,174897,False
independent,3,16,False,False,window,active-native-indexed,True,834544,776117,6342315,839433,128688,False
independent,3,16,False,False,window,active-native-scan,False,1603090,1397661,1742641,1480085,167601,False
independent,3,16,False,False,window,active-native-scan,True,804676,742016,1384505,768649,121392,False
independent,3,16,False,False,window,active-scan,False,1900080,1661072,2952853,1676405,167057,False
independent,3,16,False,False,window,active-scan,True,932512,765696,1708283,785641,120848,False
independent,3,16,False,False,window,birth,False,3615520,3412532,5678077,2877977,196702,False
independent,3,16,False,False,window,birth,True,633748,570714,1312492,687937,101213,False
independent,3,16,False,False,window,birth-miss,False,3079956,2627712,3868755,2762629,196734,False
independent,3,16,False,False,window,birth-miss,True,672348,628649,1005672,681693,101221,False
independent,3,16,False,False,window,birth-miss-template,False,4091745,2879701,5673573,2842589,211827,False
independent,3,16,False,False,window,birth-miss-template,True,695016,660408,1041969,740469,111402,False
independent,3,16,False,False,window,conditional,False,20209900,18536813,30520393,22898405,355912,False
independent,3,16,False,False,window,conditional,True,3893320,3625736,5420850,3364921,84524,False
independent,3,16,False,False,window,indexed,False,2320757,2138120,3566462,2251765,180921,False
independent,3,16,False,False,window,indexed,True,920561,862451,1417841,920937,124207,False
independent,3,16,False,False,window,native-indexed,False,1802220,1481465,2545927,1932885,161774,False
independent,3,16,False,False,window,native-indexed,True,809205,757470,1196492,881609,120902,False
independent,3,16,False,False,window,native-scan,False,1460932,1262455,2074788,1647509,147310,False
independent,3,16,False,False,window,native-scan,True,789584,665175,7138195,747785,106221,False
independent,3,16,False,False,window,scan,False,1681331,1619976,2834232,1675349,147566,False
independent,3,16,False,False,window,scan,True,743093,666242,1224469,740809,106477,False
independent,3,16,False,False,window,sealed-indexed,False,2833540,2096665,4283510,2155907,178593,False
independent,3,16,False,False,window,sealed-indexed,True,891897,771964,1251583,895031,124087,False
independent,3,16,False,False,window,sealed-scan,False,1719552,1514377,2658349,1579491,146590,False
independent,3,16,False,False,window,sealed-scan,True,746877,663420,1204481,714903,106605,False
independent,3,16,False,True,all,active-indexed,False,2186556,1889674,2297127,2040853,187681,False
independent,3,16,False,True,all,active-indexed,True,883424,830903,921747,844073,129831,False
independent,3,16,False,True,all,active-native-indexed,False,1826513,1620899,1943535,1721077,170022,False
independent,3,16,False,True,all,active-native-indexed,True,824077,742060,886619,820233,128846,False
independent,3,16,False,True,all,active-native-scan,False,1608978,1539357,4546693,1531509,161646,False
independent,3,16,False,True,all,active-native-scan,True,785819,708908,868240,749449,120365,False
independent,3,16,False,True,all,active-scan,False,1943972,1653161,2020576,1752181,168929,False
independent,3,16,False,True,all,active-scan,True,868439,827356,887647,756617,120517,False
independent,3,16,False,True,all,birth,False,4089547,3635755,4140727,2877977,207462,False
independent,3,16,False,True,all,birth,True,693155,658911,752917,687937,111973,False
independent,3,16,False,True,all,birth-miss,False,3632940,3420596,3911319,2762629,207494,False
independent,3,16,False,True,all,birth-miss,True,659139,597329,702566,681693,111981,False
independent,3,16,False,True,all,birth-miss-template,False,3538867,3436343,4761277,2842397,222587,False
independent,3,16,False,True,all,birth-miss-template,True,757518,723633,778519,740277,122162,False
independent,3,16,False,True,all,conditional,False,21647165,19967255,22045788,22898405,363022,False
independent,3,16,False,True,all,conditional,True,3868055,3363356,6518958,3364921,91634,False
independent,3,16,False,True,all,indexed,False,2353025,2001896,2414979,2251765,187585,False
independent,3,16,False,True,all,indexed,True,981804,872014,1017401,920937,130743,False
independent,3,16,False,True,all,native-indexed,False,1752831,1649344,4513598,1932885,168310,False
independent,3,16,False,True,all,native-indexed,True,847291,731645,873867,881609,127438,False
independent,3,16,False,True,all,native-scan,False,1422336,1234773,1635367,1647509,153846,False
independent,3,16,False,True,all,native-scan,True,716087,631498,770236,747785,112757,False
independent,3,16,False,True,all,scan,False,1688426,1656684,1940770,1675349,154102,False
independent,3,16,False,True,all,scan,True,767268,720293,904297,740809,113013,False
independent,3,16,False,True,all,sealed-indexed,False,2235733,1995401,2361559,2155907,188201,False
independent,3,16,False,True,all,sealed-indexed,True,938099,856783,1082586,895031,130623,False
independent,3,16,False,True,all,sealed-scan,False,1716295,1614477,1812222,1579491,153126,False
independent,3,16,False,True,all,sealed-scan,True,741979,680703,794782,714903,113141,False
independent,3,16,False,True,immediate,active-indexed,False,1904759,1707196,2142249,2040853,168073,False
independent,3,16,False,True,immediate,active-indexed,True,867885,708871,1212515,844073,110223,False
independent,3,16,False,True,immediate,active-native-indexed,False,1738189,1541705,1891046,1721077,150414,False
independent,3,16,False,True,immediate,active-native-indexed,True,773020,667978,814739,820233,109238,False
independent,3,16,False,True,immediate,active-native-scan,False,1464223,1333576,1885115,1531509,142038,False
independent,3,16,False,True,immediate,active-native-scan,True,712211,660850,866937,749449,100757,False
independent,3,16,False,True,immediate,active-scan,False,1912610,1503874,1997411,1752181,149321,False
independent,3,16,False,True,immediate,active-scan,True,758925,707904,867641,756617,100909,False
independent,3,16,False,True,immediate,birth,False,3844249,3629979,4666805,2877977,175182,False
independent,3,16,False,True,immediate,birth,True,691558,571783,1196211,687937,79693,False
independent,3,16,False,True,immediate,birth-miss,False,3461803,2883898,3625892,2762629,175214,False
independent,3,16,False,True,immediate,birth-miss,True,635869,503109,775266,681693,79701,False
independent,3,16,False,True,immediate,birth-miss-template,False,3490690,2971584,8324920,2842397,190307,False
independent,3,16,False,True,immediate,birth-miss-template,True,703979,597031,762754,740277,89882,False
independent,3,16,False,True,immediate,conditional,False,20115504,18636973,22363461,22898405,341686,False
independent,3,16,False,True,immediate,conditional,True,3903044,3158465,4035729,3364921,70298,False
independent,3,16,False,True,immediate,indexed,False,2265748,2011363,3046236,2251765,167977,False
independent,3,16,False,True,immediate,indexed,True,927197,778003,1009755,920937,111135,False
independent,3,16,False,True,immediate,native-indexed,False,1637833,1334948,6921853,1932885,148702,False
independent,3,16,False,True,immediate,native-indexed,True,714966,684558,914227,881609,107830,False
independent,3,16,False,True,immediate,native-scan,False,1354600,1215441,2404451,1647509,134238,False
independent,3,16,False,True,immediate,native-scan,True,736881,612490,1197579,747785,93149,False
independent,3,16,False,True,immediate,scan,False,1550139,1448349,3033897,1675349,134494,False
independent,3,16,False,True,immediate,scan,True,775124,705843,1459762,740809,93405,False
independent,3,16,False,True,immediate,sealed-indexed,False,2201539,1918873,2375994,2155907,168593,False
independent,3,16,False,True,immediate,sealed-indexed,True,981103,853075,1226757,895031,111015,False
independent,3,16,False,True,immediate,sealed-scan,False,1661167,1403573,1774203,1579491,133518,False
independent,3,16,False,True,immediate,sealed-scan,True,741344,603050,776912,714903,93533,False
independent,3,16,False,True,window,active-indexed,False,1982244,1935609,2080353,2040853,181145,False
independent,3,16,False,True,window,active-indexed,True,877002,852003,972234,844073,123295,False
independent,3,16,False,True,window,active-native-indexed,False,1632579,1542440,3979411,1721077,163486,False
independent,3,16,False,True,window,active-native-indexed,True,796998,694062,824655,820233,122310,False
independent,3,16,False,True,window,active-native-scan,False,1520588,1421920,1669637,1531509,155110,False
independent,3,16,False,True,window,active-native-scan,True,806988,722521,1311246,749449,113829,False
independent,3,16,False,True,window,active-scan,False,1924298,1736201,3083304,1752181,162393,False
independent,3,16,False,True,window,active-scan,True,782471,692937,844799,756617,113981,False
independent,3,16,False,True,window,birth,False,3750386,3587188,6118486,2877977,196702,False
independent,3,16,False,True,window,birth,True,624092,616443,692296,687937,101213,False
independent,3,16,False,True,window,birth-miss,False,3360769,3002775,4701093,2762629,196734,False
independent,3,16,False,True,window,birth-miss,True,693372,611868,1017916,681693,101221,False
independent,3,16,False,True,window,birth-miss-template,False,3340166,3163823,5617762,2842589,211827,False
independent,3,16,False,True,window,birth-miss-template,True,731195,668842,910116,740277,111402,False
independent,3,16,False,True,window,conditional,False,20368560,19001374,22643824,22898405,355910,False
independent,3,16,False,True,window,conditional,True,3635126,3608599,4116128,3364921,84522,False
independent,3,16,False,True,window,indexed,False,2324592,2113061,3569696,2251765,181049,False
independent,3,16,False,True,window,indexed,True,943377,877717,1449050,920937,124207,False
independent,3,16,False,True,window,native-indexed,False,1616212,1514473,2429867,1932885,161774,False
independent,3,16,False,True,window,native-indexed,True,875689,793169,3969731,881609,120902,False
independent,3,16,False,True,window,native-scan,False,1306132,1135395,1488093,1647509,147310,False
independent,3,16,False,True,window,native-scan,True,702410,694599,768976,747785,106221,False
independent,3,16,False,True,window,scan,False,1645908,1505654,2929798,1675349,147566,False
independent,3,16,False,True,window,scan,True,783445,731526,819570,740809,106477,False
independent,3,16,False,True,window,sealed-indexed,False,2178765,2033540,2682263,2155907,181665,False
independent,3,16,False,True,window,sealed-indexed,True,904812,866845,940395,895031,124087,False
independent,3,16,False,True,window,sealed-scan,False,1576260,1459174,1684835,1579491,146590,False
independent,3,16,False,True,window,sealed-scan,True,745006,709997,1376416,714903,106605,False
independent,3,16,True,False,all,active-indexed,False,2199710,2015617,4519949,2014873,193605,False
independent,3,16,True,False,all,active-indexed,True,954082,905568,1079164,914205,137424,False
independent,3,16,True,False,all,active-native-indexed,False,1810158,1729457,1860858,1701529,183521,False
independent,3,16,True,False,all,active-native-indexed,True,841216,825033,935019,869789,136944,False
independent,3,16,True,False,all,active-native-scan,False,1686853,1445962,1714956,1511961,176225,False
independent,3,16,True,False,all,active-native-scan,True,868127,820707,1538273,799005,129648,False
independent,3,16,True,False,all,active-scan,False,1792716,1675590,1883021,1716729,175681,False
independent,3,16,True,False,all,active-scan,True,971762,917019,1013558,824445,129104,False
independent,3,16,True,False,all,birth,False,3711814,3346461,3946278,2893999,210292,False
independent,3,16,True,False,all,birth,True,703550,614566,1056935,697959,114803,False
independent,3,16,True,False,all,birth-miss,False,3146103,2693453,3224463,2778651,210324,False
independent,3,16,True,False,all,birth-miss,True,627013,583195,677642,691715,114811,False
independent,3,16,True,False,all,birth-miss-template,False,3682167,3310770,6891455,2858995,225417,False
independent,3,16,True,False,all,birth-miss-template,True,717885,704356,734595,750875,124992,False
independent,3,16,True,False,all,conditional,False,21483333,19510343,21962432,23255941,366012,False
independent,3,16,True,False,all,conditional,True,4060556,3288329,7174582,3611881,94628,False
independent,3,16,True,False,all,indexed,False,2341732,2170949,3032022,2336537,189317,False
independent,3,16,True,False,all,indexed,True,1012653,940729,1046890,987997,138293,False
independent,3,16,True,False,all,native-indexed,False,1643257,1569594,2436826,2019193,180286,False
independent,3,16,True,False,all,native-indexed,True,940604,733252,994692,950205,135693,False
independent,3,16,True,False,all,native-scan,False,1452424,1395274,2621416,1733785,166326,False
independent,3,16,True,False,all,native-scan,True,791493,693138,872132,816349,121733,False
independent,3,16,True,False,all,scan,False,1773878,1540172,1991333,1759577,166470,False
independent,3,16,True,False,all,scan,True,831613,813214,873457,807325,121877,False
independent,3,16,True,False,all,sealed-indexed,False,2307252,1844224,2381592,2239761,187021,False
independent,3,16,True,False,all,sealed-indexed,True,990549,867861,1042213,958229,138877,False
independent,3,16,True,False,all,sealed-scan,False,1994823,1923840,3616708,1662801,166686,False
independent,3,16,True,False,all,sealed-scan,True,796626,723189,895881,777557,122461,False
independent,3,16,True,False,immediate,active-indexed,False,2215129,1958333,2290556,2014873,172749,False
independent,3,16,True,False,immediate,active-indexed,True,1003767,921183,1186414,914205,116568,False
independent,3,16,True,False,immediate,active-native-indexed,False,1727341,1610828,1836444,1701529,162665,False
independent,3,16,True,False,immediate,active-native-indexed,True,881413,849465,1046924,869789,116088,False
independent,3,16,True,False,immediate,active-native-scan,False,1622887,1552465,1718772,1511961,155369,False
independent,3,16,True,False,immediate,active-native-scan,True,820877,798193,955945,799005,108792,False
independent,3,16,True,False,immediate,active-scan,False,1916380,1737759,1987965,1716729,154825,False
independent,3,16,True,False,immediate,active-scan,True,924938,890940,968957,824445,108248,False
independent,3,16,True,False,immediate,birth,False,3567743,3475766,3798739,2893999,176188,False
independent,3,16,True,False,immediate,birth,True,651849,607549,682874,697959,80699,False
independent,3,16,True,False,immediate,birth-miss,False,3094433,2751682,3374568,2778651,176220,False
independent,3,16,True,False,immediate,birth-miss,True,647102,598563,817929,691715,80707,False
independent,3,16,True,False,immediate,birth-miss-template,False,3361851,3145425,5686018,2858803,191313,False
independent,3,16,True,False,immediate,birth-miss-template,True,711800,653697,841084,750683,90888,False
independent,3,16,True,False,immediate,conditional,False,20754715,19949375,22514607,23255941,342852,False
independent,3,16,True,False,immediate,conditional,True,3909082,3564055,4255891,3611881,71468,False
independent,3,16,True,False,immediate,indexed,False,2310186,2130062,2426613,2336537,168461,False
independent,3,16,True,False,immediate,indexed,True,983236,940718,1124775,987997,117437,False
independent,3,16,True,False,immediate,native-indexed,False,1596879,1489042,1748639,2019193,159430,False
independent,3,16,True,False,immediate,native-indexed,True,913154,786895,957653,950205,114837,False
independent,3,16,True,False,immediate,native-scan,False,1326866,1205001,1418636,1733785,145470,False
independent,3,16,True,False,immediate,native-scan,True,744584,660255,800208,816349,100877,False
independent,3,16,True,False,immediate,scan,False,1737401,1511169,1839463,1759577,145614,False
independent,3,16,True,False,immediate,scan,True,791437,761663,911457,807325,101021,False
independent,3,16,True,False,immediate,sealed-indexed,False,2158428,2058387,2441488,2239761,166165,False
independent,3,16,True,False,immediate,sealed-indexed,True,1020661,927192,1048008,958229,118021,False
independent,3,16,True,False,immediate,sealed-scan,False,1838117,1597753,2022948,1662801,145830,False
independent,3,16,True,False,immediate,sealed-scan,True,788979,769512,891237,777557,101605,False
independent,3,16,True,False,window,active-indexed,False,2155155,1854678,5036645,2014873,186653,False
independent,3,16,True,False,window,active-indexed,True,1030450,946071,1505386,914205,130472,False
independent,3,16,True,False,window,active-native-indexed,False,1788646,1657162,2956936,1701529,176569,False
independent,3,16,True,False,window,active-native-indexed,True,927025,841878,1320429,869789,129992,False
independent,3,16,True,False,window,active-native-scan,False,1669050,1405495,2670248,1511961,169273,False
independent,3,16,True,False,window,active-native-scan,True,862818,822373,1389732,799005,122696,False
independent,3,16,True,False,window,active-scan,False,1838861,1723733,2605246,1716729,168729,False
independent,3,16,True,False,window,active-scan,True,924105,893960,1418798,824445,122152,False
independent,3,16,True,False,window,birth,False,3758200,3538267,5801993,2893999,198924,False
independent,3,16,True,False,window,birth,True,700003,655561,970629,697959,103435,False
independent,3,16,True,False,window,birth-miss,False,3317310,2968580,4959846,2778651,198956,False
independent,3,16,True,False,window,birth-miss,True,933254,654743,1066576,691715,103443,False
independent,3,16,True,False,window,birth-miss-template,False,3405373,3035231,5266667,2858803,214049,False
independent,3,16,True,False,window,birth-miss-template,True,734365,596955,1145829,750875,113624,False
independent,3,16,True,False,window,conditional,False,21303130,20763495,33112370,23255941,358292,False
independent,3,16,True,False,window,conditional,True,4008385,3867846,5399637,3611881,86908,False
independent,3,16,True,False,window,indexed,False,2327269,2299887,3421333,2336537,182365,False
independent,3,16,True,False,window,indexed,True,1061282,992337,1402391,987997,131341,False
independent,3,16,True,False,window,native-indexed,False,1733128,1500992,2683408,2019193,173334,False
independent,3,16,True,False,window,native-indexed,True,871456,791006,1267518,950205,128741,False
independent,3,16,True,False,window,native-scan,False,1437056,1216723,2637116,1733785,159374,False
independent,3,16,True,False,window,native-scan,True,737968,697921,1102267,816349,114781,False
independent,3,16,True,False,window,scan,False,1763867,1559562,3434040,1759577,159518,False
independent,3,16,True,False,window,scan,True,836086,807964,883450,807325,114925,False
independent,3,16,True,False,window,sealed-indexed,False,2210728,2046503,2275141,2239761,180069,False
independent,3,16,True,False,window,sealed-indexed,True,1044580,977328,1507238,958229,131925,False
independent,3,16,True,False,window,sealed-scan,False,1720074,1568213,2714574,1662801,159734,False
independent,3,16,True,False,window,sealed-scan,True,810436,752429,827470,777557,115509,False
independent,3,16,True,True,all,active-indexed,False,2136602,1954592,2257727,2003481,189349,False
independent,3,16,True,True,all,active-indexed,True,1069769,830394,1341978,870909,131499,False
independent,3,16,True,True,all,active-native-indexed,False,1709428,1587915,1889240,1684569,172058,False
independent,3,16,True,True,all,active-native-indexed,True,857111,725362,951343,839741,130514,False
independent,3,16,True,True,all,active-native-scan,False,1548851,1370736,1906164,1495001,163682,False
independent,3,16,True,True,all,active-native-scan,True,781436,761524,1189463,768957,122033,False
independent,3,16,True,True,all,active-scan,False,1968221,1823464,2707462,1705337,170597,False
independent,3,16,True,True,all,active-scan,True,853663,811198,926513,782173,122185,False
independent,3,16,True,True,all,birth,False,3965849,3513662,4287789,2893999,210292,False
independent,3,16,True,True,all,birth,True,638468,625763,929149,697959,114803,False
independent,3,16,True,True,all,birth-miss,False,3364693,2902238,3638963,2778651,210324,False
independent,3,16,True,True,all,birth-miss,True,694412,613546,951581,691715,114811,False
independent,3,16,True,True,all,birth-miss-template,False,3481426,3087533,3838302,2858419,225417,False
independent,3,16,True,True,all,birth-miss-template,True,716439,689144,826882,750299,124992,False
independent,3,16,True,True,all,conditional,False,19579802,18200447,25036949,23255941,366010,False
independent,3,16,True,True,all,conditional,True,3717918,3566258,3813814,3611881,94626,False
independent,3,16,True,True,all,indexed,False,2279269,2177928,2506113,2336537,189445,False
independent,3,16,True,True,all,indexed,True,957708,928836,1008477,987997,138293,False
independent,3,16,True,True,all,native-indexed,False,1737474,1589326,2009188,2019193,180286,False
independent,3,16,True,True,all,native-indexed,True,848723,713059,958262,950205,135693,False
independent,3,16,True,True,all,native-scan,False,1404918,1376095,2515522,1733785,166326,False
independent,3,16,True,True,all,native-scan,True,736671,671871,820127,816349,121733,False
independent,3,16,True,True,all,scan,False,1924479,1622787,2922360,1759577,166470,False
independent,3,16,True,True,all,scan,True,822878,734654,892789,807325,121877,False
independent,3,16,True,True,all,sealed-indexed,False,2177362,2071737,2448997,2239761,190093,False
independent,3,16,True,True,all,sealed-indexed,True,1002785,895661,1008434,958229,138877,False
independent,3,16,True,True,all,sealed-scan,False,1695862,1568813,1979070,1662801,166686,False
independent,3,16,True,True,all,sealed-scan,True,784221,727697,866715,777557,122461,False
independent,3,16,True,True,immediate,active-indexed,False,2046455,1983069,2208550,2003481,168493,False
independent,3,16,True,True,immediate,active-indexed,True,906373,806089,1126933,870909,110643,False
independent,3,16,True,True,immediate,active-native-indexed,False,1606346,1390617,1657739,1684569,151202,False
independent,3,16,True,True,immediate,active-native-indexed,True,846948,787080,918577,839741,109658,False
independent,3,16,True,True,immediate,active-native-scan,False,1510903,1465415,1570966,1495001,142826,False
independent,3,16,True,True,immediate,active-native-scan,True,816120,786190,844877,768957,101177,False
independent,3,16,True,True,immediate,active-scan,False,1836261,1763708,2026901,1705337,149741,False
independent,3,16,True,True,immediate,active-scan,True,866929,766241,901277,782173,101329,False
independent,3,16,True,True,immediate,birth,False,3802973,3668983,7463637,2893999,176188,False
independent,3,16,True,True,immediate,birth,True,689664,658915,803883,697959,80699,False
independent,3,16,True,True,immediate,birth-miss,False,3181714,3073964,3641311,2778651,176220,False
independent,3,16,True,True,immediate,birth-miss,True,627818,591956,1062597,691715,80707,False
independent,3,16,True,True,immediate,birth-miss-template,False,3326143,3188485,4558179,2858611,191313,False
independent,3,16,True,True,immediate,birth-miss-template,True,682019,616958,687508,750491,90888,False
independent,3,16,True,True,immediate,conditional,False,19437160,18883397,20201336,23255941,342850,False
independent,3,16,True,True,immediate,conditional,True,3718837,3600023,3946459,3611881,71466,False
independent,3,16,True,True,immediate,indexed,False,2295009,2129029,2443633,2336537,168589,False
independent,3,16,True,True,immediate,indexed,True,995372,946988,1168610,987997,117437,False
independent,3,16,True,True,immediate,native-indexed,False,1527332,1409080,1609867,2019193,159430,False
independent,3,16,True,True,immediate,native-indexed,True,902736,776436,4334021,950205,114837,False
independent,3,16,True,True,immediate,native-scan,False,1344510,1267306,1467613,1733785,145470,False
independent,3,16,True,True,immediate,native-scan,True,732280,674769,765185,816349,100877,False
independent,3,16,True,True,immediate,scan,False,1640384,1568955,1788663,1759577,145614,False
independent,3,16,True,True,immediate,scan,True,811680,726384,1430926,807325,101021,False
independent,3,16,True,True,immediate,sealed-indexed,False,2064559,1976587,2311125,2239761,169237,False
independent,3,16,True,True,immediate,sealed-indexed,True,972382,848402,1034947,958229,118021,False
independent,3,16,True,True,immediate,sealed-scan,False,1605167,1588899,1730114,1662801,145830,False
independent,3,16,True,True,immediate,sealed-scan,True,766442,717202,870967,777557,101605,False
independent,3,16,True,True,window,active-indexed,False,2211147,1932295,3552362,2003481,182397,False
independent,3,16,True,True,window,active-indexed,True,873692,799058,956206,870909,124547,False
independent,3,16,True,True,window,active-native-indexed,False,1583114,1529559,1757459,1684569,165106,False
independent,3,16,True,True,window,active-native-indexed,True,833292,767015,917332,839741,123562,False
independent,3,16,True,True,window,active-native-scan,False,1500036,1290727,1674171,1495001,156730,False
independent,3,16,True,True,window,active-native-scan,True,712860,707557,798505,768957,115081,False
independent,3,16,True,True,window,active-scan,False,1790140,1720571,3074174,1705337,163645,False
independent,3,16,True,True,window,active-scan,True,805134,773227,1598309,782173,115233,False
independent,3,16,True,True,window,birth,False,3797080,3358071,4067109,2893999,198924,False
independent,3,16,True,True,window,birth,True,643641,566393,931265,697959,103435,False
independent,3,16,True,True,window,birth-miss,False,3315583,2946186,4070381,2778651,198956,False
independent,3,16,True,True,window,birth-miss,True,636438,605198,753659,691715,103443,False
independent,3,16,True,True,window,birth-miss-template,False,3310513,3028499,3536149,2858419,214049,False
independent,3,16,True,True,window,birth-miss-template,True,696882,663679,755434,750299,113624,False
independent,3,16,True,True,window,conditional,False,20388821,19886831,28044988,23255941,358290,False
independent,3,16,True,True,window,conditional,True,3787278,3562390,3941483,3611881,86906,False
independent,3,16,True,True,window,indexed,False,2293513,2143132,2927526,2336537,182493,False
independent,3,16,True,True,window,indexed,True,1040724,896239,5281575,987997,131341,False
independent,3,16,True,True,window,native-indexed,False,1618931,1427534,1672354,2019193,173334,False
independent,3,16,True,True,window,native-indexed,True,809766,739418,879991,950205,128741,False
independent,3,16,True,True,window,native-scan,False,1389783,1213975,1778465,1733785,159374,False
independent,3,16,True,True,window,native-scan,True,732235,711026,779405,816349,114781,False
independent,3,16,True,True,window,scan,False,1720043,1616266,1947586,1759577,159518,False
independent,3,16,True,True,window,scan,True,814520,714406,1349238,807325,114925,False
independent,3,16,True,True,window,sealed-indexed,False,2239593,2080144,3832297,2239761,183141,False
independent,3,16,True,True,window,sealed-indexed,True,990560,902569,1467745,958229,131925,False
independent,3,16,True,True,window,sealed-scan,False,1575815,1430799,1775921,1662801,159734,False
independent,3,16,True,True,window,sealed-scan,True,821256,768840,1234104,777557,115509,False
