kind,rep,family,mode,reuse,total_ns,execution_ns,setup_ns,preparation_ns,disposal_ns,first_prepared_owner_ns,cancel_ns,requested_bytes,peak_increment_bytes
time,0,deep,checkpoint16,1,14235263,14143824,1826,60531,29082,13927417,13753001,,
time,0,small,checkpoint1,1,165935,152229,1852,8170,3684,151886,151981,,
time,0,late,indexed,1,638059,588162,22906,23406,3585,634348,601490,,
time,0,small,trail,1,323868,313165,1984,4745,3974,278638,300550,,
time,0,compatible-small,checkpoint16,1,28235,22303,4545,329,1058,27076,27094,,
time,0,work,indexed-cow,1,1044495,994457,5584,39560,4894,1014997,1108628,,
time,0,compatible-small,checkpoint4,1,22820,18220,3447,274,879,21865,22063,,
time,0,compatible-small,checkpoint1,1,22702,18072,3501,254,875,21755,22085,,
time,0,deep,trail,8,36052309,35371412,31307,12039,637551,3389312,4184055,,
time,0,compatible-alias,trail,8,710110,627468,57428,4084,21130,94838,102007,,
time,0,late,trail,1,3432212,3395981,9680,15751,10800,3421296,3234842,,
time,0,deep,checkpoint4,8,36157197,35848322,17117,92290,199468,4389341,4423765,,
time,0,spine,checkpoint16,1,1130477,1107065,3292,16463,3657,184131,138215,,
time,0,compatible-large,indexed,1,376689,59913,312428,2233,2115,374473,312521,,
time,0,spine,replay,8,37861510,37813920,12974,8995,25621,169373,150979,,
time,0,compatible-alias,copy,1,86982,78147,4918,2729,1188,85708,81970,,
time,0,early,indexed-cow,1,483674,431866,25313,22731,3764,479744,398108,,
time,0,mutation,checkpoint4,8,172250000,171570223,404707,24725,250345,21447384,20688099,,
time,0,compatible-small,checkpoint4,8,214367,169586,38320,350,6111,25975,26132,,
time,0,compatible-large,trail,8,4854794,4073513,748299,325,32657,562104,656641,,
time,0,spine,replay,1,4985467,4968157,2541,10554,4215,169507,153776,,
time,0,spine,checkpoint4,8,3278310,3232309,11066,8499,26436,83518,77343,,
time,0,spine,indexed,1,234898,199274,7861,23556,4207,82358,62297,,
time,0,spine,indexed,8,1909605,1728135,102182,23543,55745,81254,108365,,
time,0,work,trail,8,84874324,84080906,33810,714732,44876,9788728,9018759,,
time,0,retained,checkpoint1,8,6604350,6033940,353105,9879,207426,677036,667759,,
time,0,compatible-alias,checkpoint4,1,90252,80684,5408,2859,1301,88853,87417,,
time,0,early,checkpoint1,1,516740,496816,8368,8303,3253,513373,557637,,
time,0,compatible-alias,indexed,8,796781,698753,77911,15324,4793,115272,101280,,
time,0,deep,checkpoint4,1,4486109,4453747,1684,6307,24371,4322440,4388918,,
time,0,early,replay,8,4679201,4540042,112722,11394,15043,695024,556591,,
time,0,compatible-small,replay,1,25160,20153,3775,281,951,24132,23855,,
time,0,deep,trail,1,4663070,4549066,3801,8885,101318,3800336,4100831,,
time,0,retained,replay,1,6762902,6703761,20292,10724,28125,6231591,5917960,,
time,0,mutation,checkpoint16,1,58571717,58473830,19655,20974,57258,58035788,55193567,,
time,0,linear,checkpoint16,8,635962,518031,96357,7868,13706,81324,75586,,
time,0,work,checkpoint16,8,146154444,146098637,17338,13728,24741,17817710,18164163,,
time,0,mutation,checkpoint1,1,13047116,12920644,30808,34827,60837,12829586,12657098,,
time,0,spine,indexed-cow,1,196570,167119,6884,19056,3511,64749,55053,,
time,0,linear,indexed,1,111769,68095,24353,16433,2888,108802,96091,,
time,0,late,checkpoint1,8,13301821,13164737,113024,8498,15562,1707331,1657500,,
time,0,linear,checkpoint1,8,625088,509374,93685,8737,13292,92481,85203,,
time,0,compatible-large,checkpoint4,1,565779,477524,85897,312,2046,563614,559513,,
time,0,linear,replay,8,599945,490533,89221,7301,12890,75708,87548,,
time,0,deep,indexed-cow,1,1794377,1674293,10545,31012,78527,1521499,1803547,,
time,0,late,replay,1,31879837,31847102,15581,12697,4457,31874969,31921013,,
time,0,linear,checkpoint4,1,106543,74143,12422,15915,4063,102351,76489,,
time,0,retained,replay,8,50747390,50089092,411703,9535,237060,5784917,5982224,,
time,0,small,copy,8,1381708,1336617,8791,9207,27093,151724,139265,,
time,0,late,checkpoint16,8,64766849,64615320,124397,10132,17000,8025415,8252595,,
time,0,compatible-large,indexed-cow,8,2715102,460384,2238075,2322,14321,361570,342694,,
time,0,compatible-large,checkpoint1,1,623743,537253,84123,377,1990,621658,586118,,
time,0,deep,indexed-cow,8,13954845,12939839,423412,24613,566981,1427400,1677723,,
time,0,compatible-small,copy,1,26330,20639,4298,313,1080,25153,24935,,
time,0,compatible-alias,indexed,1,125680,95602,9929,18806,1343,124243,103970,,
time,0,linear,replay,1,93149,71036,9613,9140,3360,89687,87042,,
time,0,late,indexed-cow,8,5632685,5339618,246023,26125,20919,776117,687712,,
time,0,work,indexed,8,8902586,8537155,267959,67533,29939,1678173,979190,,
time,0,work,checkpoint1,1,2434434,2415478,1779,12560,4617,2420103,2266449,,
time,0,spine,copy,1,152791,139367,2135,7909,3380,33821,25400,,
time,0,compatible-small,indexed-cow,1,75875,63675,9461,1687,1052,74714,60691,,
time,0,retained,checkpoint16,8,20709292,20154188,329781,9123,216200,2404666,2587480,,
time,0,mutation,copy,1,6073444,6010004,18219,19042,26179,5897554,5710076,,
time,0,work,replay,8,2480898672,2480822875,31061,16335,28401,322416430,298604873,,
time,0,mutation,replay,8,15773095190,15772336480,465684,23513,269513,1941258095,2031793696,,
time,0,deep,copy,8,16095468,15760470,22088,67108,245802,1822140,1815649,,
time,0,small,trail,8,3065141,3017325,12827,7028,27961,363980,346877,,
time,0,spine,trail,8,2360174,2294327,11027,28046,26774,75829,66614,,
time,0,spine,checkpoint1,8,2022920,1961033,14224,9066,38597,47477,41709,,
time,0,compatible-small,indexed,1,79098,62977,11742,2338,2041,76947,70335,,
time,0,late,indexed,8,5843347,5527802,274485,24464,16596,757101,693903,,
time,0,small,checkpoint4,1,381743,365061,2243,10261,4178,362645,363237,,
time,0,retained,indexed-cow,1,759378,648448,55142,26139,29649,539651,594458,,
time,0,small,replay,8,23061259,23015452,12201,10364,23242,2715053,2713989,,
time,0,linear,indexed,8,1079628,748263,295501,18709,17155,127465,105534,,
time,0,early,checkpoint1,8,4715372,4576017,112479,10441,16435,623581,612891,,
time,0,late,trail,8,29725606,29477415,184059,18195,45937,4078922,3839754,,
time,0,early,copy,1,566593,543805,9722,9521,3545,562938,587176,,
time,0,spine,checkpoint4,1,441715,426042,2192,9575,3906,83262,69270,,
time,0,late,checkpoint1,1,1782706,1752342,10327,16040,3997,1778587,1769780,,
time,0,retained,trail,8,6861799,5915341,471474,23059,451925,594052,643782,,
time,0,late,replay,8,279968940,279779891,154757,11665,22627,36563751,34443448,,
time,0,compatible-large,copy,8,5443630,4558525,868156,386,16563,624026,660202,,
time,0,mutation,checkpoint4,1,23432150,23320164,21643,24612,65731,23187337,23658076,,
time,0,linear,checkpoint1,1,91697,70323,9286,8885,3203,88394,83663,,
time,0,compatible-large,replay,8,5474026,4539418,915639,363,18606,635851,681647,,
time,0,compatible-large,copy,1,637805,540101,95102,379,2223,635449,638512,,
time,0,work,trail,1,9789748,9588873,4630,188699,7546,9121722,9527099,,
time,0,compatible-alias,trail,1,104688,90854,5898,4379,3557,101010,108723,,
time,0,early,indexed,1,470259,418959,26347,21187,3766,466359,446968,,
time,0,mutation,trail,8,475271667,473979924,412768,16058,862917,56641387,55116165,,
time,0,mutation,copy,8,52801311,52051408,456342,22943,270618,6163385,6640740,,
time,0,spine,copy,8,1277351,1237551,10027,8547,21226,38940,26619,,
time,0,linear,copy,8,695813,567002,104954,8945,14912,102429,79313,,
time,0,retained,checkpoint16,1,2671697,2607328,21447,11355,31567,2519426,2657947,,
time,0,spine,checkpoint16,8,10038274,9986468,11361,8352,32093,169868,160111,,
time,0,deep,checkpoint1,1,2313359,2249571,1804,6135,55849,2110964,2255126,,
time,0,deep,replay,8,683111473,682755445,33995,61496,260537,79579191,79966028,,
time,0,small,replay,1,3030518,3012120,2301,11350,4747,2824341,2850273,,
time,0,mutation,indexed-cow,8,21323326,20184155,831476,51692,256003,2393560,2499621,,
time,0,compatible-small,indexed,8,545960,447672,78294,3219,16775,73925,63767,,
time,0,compatible-alias,replay,8,879399,798825,71628,3170,5776,101384,94577,,
time,0,work,copy,1,2576704,2542394,2286,26207,5817,2553752,2459122,,
time,0,compatible-alias,indexed-cow,1,149589,116445,12131,19436,1577,147899,128707,,
time,0,small,checkpoint16,1,1045966,1030400,2034,9568,3964,1022023,1134425,,
time,0,compatible-alias,checkpoint16,8,793532,728194,55951,3267,6120,100573,96941,,
time,0,retained,indexed-cow,8,6272895,5264919,714135,27561,266280,537235,626460,,
time,0,deep,checkpoint16,8,139021154,138452555,47323,67730,453546,15193461,16110995,,
time,0,late,checkpoint4,1,3427492,3399626,11321,12487,4058,3423306,3289292,,
time,0,work,indexed,1,1085596,1020291,10059,50066,5180,1047747,1036220,,
time,0,early,checkpoint4,8,4806235,4667679,114109,8386,16061,633530,589010,,
time,0,retained,copy,8,4031932,3425698,379726,10739,215769,342127,380921,,
time,0,small,indexed,1,244398,203533,6712,29839,4314,222541,252102,,
time,0,compatible-large,replay,1,645344,547174,95544,332,2294,642922,635994,,
time,0,work,checkpoint1,8,18916172,18877454,9046,5225,24447,2374736,2406222,,
time,0,small,indexed-cow,1,211159,179013,5783,22822,3541,193837,183896,,
time,0,retained,checkpoint1,1,769583,710313,20016,11106,28148,628749,680116,,
time,0,deep,replay,1,84959141,84853336,3410,64732,37663,79577099,80700672,,
time,0,small,checkpoint16,8,9189073,9144414,9866,9506,25287,1138129,1131109,,
time,0,compatible-small,replay,8,217900,182173,28639,311,6777,28835,28681,,
time,0,spine,checkpoint1,1,211337,194864,2540,9889,4044,46600,35154,,
time,0,work,replay,1,339357320,339327018,3945,19569,6788,335999030,322380600,,
time,0,work,copy,8,17744691,17701445,8611,12791,21844,2226328,2187754,,
time,0,early,trail,1,568878,541781,9484,11067,6546,562204,542807,,
time,0,compatible-small,trail,1,29278,23149,3727,329,2073,27116,28717,,
time,0,compatible-small,copy,8,217753,176490,34573,339,6351,26738,21547,,
time,0,mutation,checkpoint1,8,111432914,110730741,409950,23381,268842,13618349,13855960,,
time,0,mutation,replay,1,2029638920,2029559902,21813,19542,37663,2020068027,1999046335,,
time,0,compatible-large,trail,1,654645,551591,98120,288,4646,649880,625521,,
time,0,deep,checkpoint1,8,18621161,18291795,15688,78530,235148,2225061,3885809,,
time,0,work,checkpoint4,1,5400535,5380644,1908,12947,5036,5375670,5335267,,
time,0,deep,copy,1,1907184,1818070,1975,56979,30160,1779456,1750814,,
time,0,mutation,checkpoint16,8,467212802,466482997,467040,24173,238592,57431964,60836367,,
time,0,small,checkpoint4,8,2981832,2939069,9835,9332,23596,382938,354200,,
time,0,linear,indexed-cow,1,140300,89913,27580,19413,3394,136763,109824,,
time,0,compatible-large,checkpoint1,8,5502962,4546471,939955,647,15889,702569,692779,,
time,0,deep,indexed,8,16637916,15532793,394166,24815,686142,1672165,2082398,,
time,0,compatible-small,indexed-cow,8,524204,427375,81494,1873,13462,80614,60840,,
time,0,compatible-large,checkpoint16,1,651737,550422,98526,390,2399,649217,644995,,
time,0,small,indexed,8,1907231,1696895,158842,28852,22642,231326,213865,,
time,0,early,checkpoint16,1,617221,594413,9826,9612,3370,613717,577475,,
time,0,late,copy,1,1009182,983129,10223,11765,4065,1004993,984211,,
time,0,retained,copy,1,483310,408274,19702,11651,43683,337836,555410,,
time,0,retained,indexed,8,6074396,5211042,621781,21602,219971,508810,621391,,
time,0,linear,checkpoint4,8,684621,550212,101024,8520,24865,89528,81733,,
time,0,compatible-alias,indexed-cow,8,917408,799504,92207,20044,5653,129322,105727,,
time,0,retained,trail,1,815947,672792,21990,16894,104271,539510,581867,,
time,0,linear,checkpoint16,1,90303,68751,9403,8914,3235,86979,84055,,
time,0,linear,trail,1,93463,68803,9335,9666,5659,87712,87041,,
time,0,early,checkpoint16,8,6310039,6122970,153096,12837,21136,977030,631558,,
time,0,late,indexed-cow,1,753209,695989,25945,27249,4026,749053,718824,,
time,0,work,indexed-cow,8,7916036,7635799,217312,40162,22763,943517,975061,,
time,0,early,replay,1,716946,679903,10621,22074,4348,712488,633232,,
time,0,compatible-small,checkpoint16,8,216740,180617,29193,335,6595,28048,28040,,
time,0,retained,indexed,1,809970,688239,55221,29427,37083,562827,715762,,
time,0,linear,indexed-cow,8,1004528,647694,321338,19965,15531,135085,112086,,
time,0,mutation,indexed,8,21272629,20195852,772481,43317,260979,2204222,2501487,,
time,0,compatible-large,checkpoint4,8,5349785,4472336,861342,483,15624,745869,658881,,
time,0,early,indexed,8,3904521,3594685,268112,22310,19414,475504,618734,,
time,0,late,checkpoint4,8,26881073,26725207,131407,5664,18795,3375405,3306641,,
time,0,compatible-alias,copy,8,796426,729546,57133,3447,6300,104956,121476,,
time,0,mutation,indexed-cow,1,2586031,2452849,50635,51678,30869,2305621,2421692,,
time,0,late,copy,8,8110916,7955544,128504,9958,16910,986079,1019854,,
time,0,compatible-large,checkpoint16,8,5267365,4403515,846817,336,16697,643955,885668,,
time,0,compatible-alias,checkpoint1,1,99922,88986,6192,3168,1576,98254,102569,,
time,0,compatible-small,trail,8,212612,180106,19471,333,12702,25009,28293,,
time,0,early,copy,8,4826528,4679488,119666,9201,18173,635254,588202,,
time,0,early,indexed-cow,8,3419929,3123312,242389,25752,28476,448007,412304,,
time,0,compatible-alias,checkpoint4,8,806301,739991,57126,3257,5927,109839,97699,,
time,0,compatible-large,indexed-cow,1,400530,71752,323203,2933,2642,397777,402306,,
time,0,spine,indexed-cow,8,1829754,1684865,100948,20992,22949,86834,69949,,
time,0,deep,indexed,1,2039657,1929183,9513,23812,77149,1671630,1971386,,
time,0,work,checkpoint4,8,46406217,46343834,14819,24173,23391,6109306,5707978,,
time,0,retained,checkpoint4,1,1271811,1201014,25761,16406,28630,1122460,1110753,,
time,0,mutation,trail,1,55633258,55472723,21462,16470,122603,52678690,55973405,,
time,0,early,trail,8,4714166,4529133,130484,11574,42975,584080,596263,,
time,0,spine,trail,1,332732,296568,2746,28500,4918,76088,48639,,
time,0,compatible-alias,checkpoint16,1,105497,94494,6193,3275,1535,103851,102323,,
time,0,compatible-small,checkpoint1,8,221081,185826,28659,354,6242,27581,27007,,
time,0,compatible-alias,checkpoint1,8,771285,707745,54445,3264,5831,99647,90722,,
time,0,mutation,indexed,1,2645017,2516628,50092,48257,30040,2340137,2448659,,
time,0,linear,copy,1,96452,73678,9962,9351,3461,92808,89537,,
time,0,compatible-alias,replay,1,98068,88046,5633,2941,1448,96528,94067,,
time,0,compatible-large,indexed,8,2822438,492233,2313075,2213,14917,346947,403493,,
time,0,work,checkpoint16,1,19125580,19102354,2378,14715,6133,19070540,25156870,,
time,0,linear,trail,8,658462,515959,103549,8772,30182,81715,80022,,
time,0,early,checkpoint4,1,551403,530076,8914,8643,3770,547539,590580,,
time,0,small,indexed-cow,8,3065242,2766665,228323,26412,43842,301417,343680,,
time,0,late,checkpoint16,1,9294582,9261114,13890,14607,4971,9289321,10009471,,
time,0,retained,checkpoint4,8,10107738,9498132,369244,13870,226492,1124504,1145409,,
time,0,small,copy,1,166953,150978,2137,9647,4191,151903,161576,,
time,0,small,checkpoint1,8,1628786,1589639,9083,8765,21299,181031,161327,,
time,1,early,indexed-cow,8,3406172,3119971,226912,21764,37525,436414,410316,,
time,1,linear,indexed-cow,8,933348,634334,265394,18693,14927,127280,104582,,
time,1,compatible-alias,copy,8,690371,632732,49438,2962,5239,94429,98711,,
time,1,linear,checkpoint4,8,728848,598031,106528,9863,14426,98163,87883,,
time,1,compatible-small,trail,8,268745,195046,19788,316,53595,26611,29325,,
time,1,early,replay,8,6908649,6722564,152081,8923,25081,800623,992513,,
time,1,work,checkpoint1,1,2667858,2642848,3356,16496,5158,2651104,2572308,,
time,1,compatible-large,checkpoint1,8,5458661,4406108,1034924,1211,16418,852109,669364,,
time,1,retained,copy,8,4545277,3890628,401020,10588,243041,343729,402788,,
time,1,mutation,indexed,1,2614561,2488781,49728,46801,29251,2315663,2434302,,
time,1,retained,indexed,8,6291739,5364652,640274,26368,260445,548679,632807,,
time,1,late,checkpoint16,1,8439299,8412264,11014,12158,3863,8435108,8300486,,
time,1,compatible-large,trail,8,4926006,4116755,776060,424,32767,624554,624678,,
time,1,spine,replay,8,39447891,39399838,13290,8670,26093,167420,165462,,
time,1,mutation,checkpoint1,1,13766900,13647180,22184,22587,74949,13509345,14071198,,
time,1,mutation,checkpoint4,1,24054739,23918876,24117,26063,85683,23780025,22588708,,
time,1,compatible-large,checkpoint1,1,626090,525052,98588,370,2080,623883,630407,,
time,1,compatible-small,replay,1,29748,23663,4568,419,1098,28549,28085,,
time,1,deep,checkpoint16,1,15609154,15520099,3614,59598,25843,15293721,15003093,,
time,1,mutation,indexed,8,24850790,23590179,876252,70172,314187,4461788,2565757,,
time,1,retained,indexed-cow,8,6468968,5482220,715566,26213,244969,601683,636213,,
time,1,late,indexed,1,780023,720535,26864,28274,4350,775524,792651,,
time,1,spine,trail,1,326813,291333,2756,28057,4667,76943,48530,,
time,1,compatible-small,trail,1,41749,33291,5079,523,2856,38769,41226,,
time,1,compatible-alias,trail,1,111115,95747,6758,4746,3864,107127,107841,,
time,1,compatible-large,copy,8,5739937,4706153,1015796,620,17368,710727,691695,,
time,1,compatible-small,replay,8,221127,184813,29371,354,6589,27624,28864,,
time,1,early,checkpoint1,8,5035409,4886796,122072,8994,17547,620015,613211,,
time,1,small,indexed-cow,8,1757771,1573701,135923,24910,23237,210373,216653,,
time,1,work,copy,1,2531329,2506332,2481,16740,5776,2514762,2437288,,
time,1,late,checkpoint16,8,71301331,71135364,136918,11126,17923,8889937,8820191,,
time,1,mutation,copy,8,53517384,52759503,468333,26072,263476,6288199,6479168,,
time,1,deep,checkpoint1,8,18662667,18344475,17925,74341,225926,2191436,2213771,,
time,1,small,checkpoint1,1,194191,178688,2113,9355,4035,178413,168121,,
time,1,spine,indexed-cow,1,224090,190569,8068,21324,4129,73045,66630,,
time,1,compatible-small,indexed,1,76982,61664,11269,2056,1993,74883,67966,,
time,1,linear,indexed-cow,1,140783,85085,30081,22218,3399,137251,110843,,
time,1,retained,checkpoint4,8,10259047,9674897,352752,10253,221145,1045168,1124096,,
time,1,compatible-large,checkpoint4,1,729636,626902,99814,369,2551,726972,709241,,
time,1,compatible-large,replay,1,712891,608259,101993,422,2217,710567,648723,,
time,1,early,checkpoint16,1,634159,597854,10400,22235,3670,630368,619219,,
time,1,early,copy,8,4709715,4564391,118794,9358,17172,582900,668676,,
time,1,linear,checkpoint1,8,747038,597918,122124,9264,17732,94129,92646,,
time,1,early,trail,1,604843,574682,10501,12571,7089,597579,576339,,
time,1,mutation,checkpoint16,8,490571080,489688381,513868,28662,340169,58962635,62120704,,
time,1,work,indexed,1,1108152,1043495,6615,52604,5438,1070034,1073233,,
time,1,retained,trail,8,7493185,6455475,523813,18730,495167,582570,629643,,
time,1,early,checkpoint16,8,5020839,4878722,116841,8786,16490,666001,617655,,
time,1,small,trail,8,2965641,2921868,10258,5551,27964,343103,357781,,
time,1,compatible-alias,replay,8,758857,690451,55061,2942,10403,98298,90677,,
time,1,compatible-small,checkpoint1,1,25411,20160,3941,286,1024,24302,23971,,
time,1,compatible-small,checkpoint1,8,470693,435400,28741,239,6313,115924,27074,,
time,1,early,indexed,1,660760,571917,47412,37145,4286,656319,1012503,,
time,1,compatible-small,indexed-cow,1,96392,82274,10220,2851,1047,95229,473915,,
time,1,compatible-alias,checkpoint1,8,1208768,1118958,72532,3328,13950,98638,147014,,
time,1,linear,replay,8,702195,571615,107111,8325,15144,90847,87430,,
time,1,deep,indexed,1,2552356,2425137,16059,33518,77642,2219265,2075893,,
time,1,small,indexed-cow,1,223055,187855,6186,24839,4175,203691,208198,,
time,1,deep,checkpoint16,8,124920845,124566160,24785,72959,256941,15756573,15122111,,
time,1,work,indexed-cow,1,998691,941993,6775,44840,5083,966916,1019794,,
time,1,compatible-alias,trail,8,796311,703198,63814,6066,23233,108270,98586,,
time,1,late,checkpoint4,8,25786218,25641624,122531,5333,16730,3263756,3213159,,
time,1,work,replay,8,2786148580,2786003391,48616,46621,49952,339945774,339619861,,
time,1,compatible-large,indexed,8,2995107,527025,2449774,2529,15779,390055,358719,,
time,1,retained,checkpoint1,8,6769994,6167033,368395,9399,225167,653195,709536,,
time,1,mutation,checkpoint16,1,61676822,61560525,22363,24055,69879,61407175,60317567,,
time,1,deep,checkpoint4,8,40795322,40434547,29301,70489,260985,4823728,4777644,,
time,1,spine,copy,8,1269538,1230025,10235,8408,20870,38093,26504,,
time,1,spine,checkpoint1,1,196040,180977,2252,8968,3843,43530,31966,,
time,1,linear,checkpoint16,8,662504,539395,100658,8833,13618,83635,77863,,
time,1,compatible-alias,checkpoint4,1,105519,94974,5950,3174,1421,103994,99905,,
time,1,spine,indexed,1,197599,165038,7550,21514,3497,70146,59101,,
time,1,small,indexed,1,220609,180555,6387,29788,3879,202183,185418,,
time,1,linear,indexed,1,111687,68569,24359,15889,2870,108716,97299,,
time,1,compatible-small,copy,1,26471,20913,4198,251,1109,25272,24681,,
time,1,late,copy,8,7950840,7801410,122884,9797,16749,985079,1001611,,
time,1,retained,indexed-cow,1,740399,635239,51719,21706,31735,518160,625729,,
time,1,small,trail,1,389132,375908,2446,5852,4926,333712,363987,,
time,1,linear,checkpoint4,1,93257,71571,9558,8878,3250,89897,85651,,
time,1,retained,checkpoint16,1,2792250,2731203,21967,11505,27575,2637665,2736343,,
time,1,late,indexed-cow,1,748741,679458,37520,27442,4321,744279,736463,,
time,1,retained,checkpoint16,8,23314176,22745130,354837,10415,203794,2752522,2647347,,
time,1,linear,indexed,8,924832,631363,260314,18666,14489,141193,102940,,
time,1,early,trail,8,4677158,4494888,129630,10483,42157,567410,587437,,
time,1,late,checkpoint1,8,14739640,14585612,127700,9804,16524,1875617,1789855,,
time,1,work,checkpoint1,8,19457293,19421752,9106,5275,21160,2437558,2454324,,
time,1,early,checkpoint1,1,600486,576946,10274,10052,3214,597169,557024,,
time,1,deep,copy,8,17172723,16816167,21192,77407,257957,1856583,1917980,,
time,1,compatible-large,trail,1,685754,575332,105070,516,4836,680783,684288,,
time,1,early,replay,1,671769,645427,10549,12011,3782,667847,633745,,
time,1,retained,checkpoint1,1,813105,745690,22169,11843,33403,647072,702123,,
time,1,work,checkpoint16,8,172545662,172471773,27567,16202,30120,20102232,20312189,,
time,1,compatible-large,indexed-cow,1,388881,66766,317723,2007,2385,386340,357304,,
time,1,deep,indexed,8,18364440,17140630,456318,29052,738440,1713915,2136437,,
time,1,compatible-alias,copy,1,174408,157742,9287,4934,2445,171842,176379,,
time,1,spine,checkpoint4,1,431364,416024,2230,9380,3730,83280,69479,,
time,1,compatible-small,checkpoint4,8,209512,174025,28706,309,6472,26468,27062,,
time,1,compatible-large,indexed,1,349298,63415,281531,2064,2288,346920,357856,,
time,1,linear,checkpoint16,1,129392,99193,14007,11589,4603,124608,125496,,
time,1,linear,replay,1,118638,93299,10088,9548,5703,112793,151652,,
time,1,late,checkpoint4,1,3580229,3551567,11067,12573,5022,3574798,3396614,,
time,1,retained,indexed,1,835173,707891,56581,32622,38079,584967,730463,,
time,1,spine,checkpoint16,8,11494278,11434233,17231,10497,32317,185213,168929,,
time,1,small,replay,8,26316449,26263784,15842,10548,26275,3060607,2973646,,
time,1,deep,trail,1,4823372,4657824,3799,7966,153783,3895283,5028176,,
time,1,compatible-alias,replay,1,110682,99576,6189,3404,1513,109044,101569,,
time,1,compatible-alias,checkpoint16,8,807481,740754,57558,3303,5866,110103,93249,,
time,1,mutation,trail,8,480560987,479311660,405080,16448,827799,55854259,55255370,,
time,1,spine,checkpoint4,8,3359779,3312579,13519,7973,25708,88461,77513,,
time,1,linear,copy,8,634126,515350,96803,8353,13620,85654,87178,,
time,1,late,replay,1,35298802,35267987,12029,13528,5258,35292272,34690869,,
time,1,deep,indexed-cow,1,1798421,1691427,7937,20360,78697,1500027,1827910,,
time,1,mutation,trail,1,59621425,59431131,21914,18172,150208,55298183,59096081,,
time,1,mutation,checkpoint1,8,116955353,116156211,436363,23572,339207,13671555,14221594,,
time,1,work,trail,8,90414176,89460958,27245,887701,38272,12368213,9222730,,
time,1,compatible-small,checkpoint16,1,27346,21781,4252,315,998,26256,26184,,
time,1,deep,copy,1,2004385,1900661,2288,65565,35871,1863667,1959958,,
time,1,deep,indexed-cow,8,16011164,14735030,490399,28553,757182,1616774,1981371,,
time,1,late,checkpoint1,1,1827726,1800413,10887,12450,3976,1823536,1814754,,
time,1,small,checkpoint4,1,393756,377241,2333,10088,4094,374715,345494,,
time,1,late,indexed,8,5966522,5592750,277168,26030,70574,757866,741926,,
time,1,spine,indexed,8,1696219,1532181,106337,22746,34955,80737,64385,,
time,1,compatible-small,indexed-cow,8,525496,434929,74668,2057,13842,86801,58373,,
time,1,retained,copy,1,473266,409009,21668,11698,30891,340066,518217,,
time,1,retained,replay,1,7032990,6968121,22664,12913,29292,6492005,6249454,,
time,1,mutation,indexed-cow,1,2611059,2465569,63671,51810,30009,2326993,2429793,,
time,1,small,checkpoint4,8,2999399,2956516,9733,10801,22349,375522,356608,,
time,1,small,checkpoint16,1,1118811,1102935,2141,9703,4032,1092588,1074279,,
time,1,late,trail,1,3649208,3613427,10660,17594,7527,3641521,3628383,,
time,1,small,indexed,8,1739216,1541907,146958,28547,21804,217220,205328,,
time,1,work,indexed-cow,8,8018665,7727734,223913,43890,23128,950853,988528,,
time,1,compatible-small,indexed,8,546489,452089,82142,2134,10124,72208,63391,,
time,1,mutation,checkpoint4,8,199022015,198167521,477642,27562,349290,23771044,23152571,,
time,1,work,checkpoint16,1,20625990,20597314,4710,17757,6209,20573317,19990959,,
time,1,compatible-alias,indexed-cow,1,143521,111340,11875,18742,1564,141842,123466,,
time,1,work,indexed,8,8592995,8262368,256672,47831,26124,1028272,1100784,,
time,1,work,checkpoint4,1,5736532,5714509,2217,14770,5036,5710917,5824261,,
time,1,deep,replay,8,685044985,684696325,28582,61674,258404,79583423,79379499,,
time,1,early,checkpoint4,8,4803846,4664351,114994,8541,15960,618002,594726,,
time,1,small,checkpoint16,8,8877078,8835033,10470,9357,22218,1102601,1084465,,
time,1,work,checkpoint4,8,46140061,46083286,12081,21630,23064,6198425,5650303,,
time,1,compatible-alias,checkpoint16,1,99520,89326,5785,3011,1398,98002,96647,,
time,1,spine,trail,8,2781396,2702212,13595,35965,29624,99048,45882,,
time,1,late,replay,8,268373141,268201436,141168,10890,19647,33989286,33413244,,
time,1,compatible-small,checkpoint16,8,204369,168742,28844,318,6465,26341,27026,,
time,1,retained,replay,8,55252846,54661251,370206,12514,208875,6481696,6217211,,
time,1,compatible-large,replay,8,5110809,4271596,823787,378,15048,633668,636865,,
time,1,deep,trail,8,37005937,36314536,30777,10941,649683,3871041,4109052,,
time,1,spine,replay,1,4881499,4865050,2565,9617,4267,168552,162362,,
time,1,spine,checkpoint1,8,1507889,1456344,15069,8390,28086,44366,39258,,
time,1,retained,trail,1,767983,663198,20647,16895,67243,526227,556011,,
time,1,compatible-large,checkpoint16,8,5274840,4442471,817168,351,14850,643980,616612,,
time,1,deep,checkpoint1,1,2212490,2161366,1706,5659,43759,2060141,2156153,,
time,1,compatible-alias,checkpoint1,1,100280,89829,5891,3122,1438,98752,96646,,
time,1,deep,checkpoint4,1,4694870,4657173,1975,5953,29769,4519052,4753856,,
time,1,small,replay,1,2945761,2929170,2237,10074,4280,2720675,2739095,,
time,1,late,copy,1,957565,932065,10134,11577,3789,953633,960804,,
time,1,late,indexed-cow,8,5899527,5588473,261941,29036,20077,759835,732814,,
time,1,spine,indexed-cow,8,1665872,1515412,102408,22035,26017,76646,61586,,
time,1,compatible-small,copy,8,221692,186264,28164,344,6920,26827,24305,,
time,1,work,replay,1,338492725,338466628,3569,16142,6386,335060971,327235741,,
time,1,early,copy,1,585339,562974,9576,9323,3466,581731,544623,,
time,1,small,copy,8,1157224,1113544,8835,8038,26807,150249,129901,,
time,1,linear,trail,1,89965,66289,9003,9305,5368,84485,81965,,
time,1,late,trail,8,29472991,29229113,179869,18026,45983,3864421,3568107,,
time,1,mutation,replay,1,2094275856,2094201495,21886,20227,32248,2085046406,2083163183,,
time,1,compatible-large,copy,1,672072,569293,100095,373,2311,669654,662659,,
time,1,retained,checkpoint4,1,1156521,1096524,19935,11100,28962,1016683,1084640,,
time,1,spine,checkpoint16,1,1273134,1255669,2707,10360,4398,175288,179342,,
time,1,compatible-large,indexed-cow,8,2901512,497142,2386477,2316,15577,386562,345196,,
time,1,mutation,copy,1,6831795,6748249,23233,23229,37084,6638717,6756399,,
time,1,linear,checkpoint1,1,100967,78495,9951,9232,3289,97568,88192,,
time,1,mutation,indexed-cow,8,20773937,19715886,773061,47068,237922,2233335,2418551,,
time,1,mutation,replay,8,16141355021,16140608518,464120,23179,259204,2084880550,1949730583,,
time,1,work,copy,8,16997354,16955558,9323,11954,20519,2224228,2155326,,
time,1,compatible-alias,indexed,1,142512,110375,11025,19623,1489,140927,109241,,
time,1,early,indexed,8,3472399,3202283,235249,19481,15386,460955,420709,,
time,1,compatible-large,checkpoint4,8,4959005,4120830,822356,380,15439,631663,661960,,
time,1,compatible-alias,checkpoint4,8,676768,622486,46612,2498,5172,86573,95569,,
time,1,compatible-large,checkpoint16,1,596483,488592,105715,283,1893,594487,564803,,
time,1,small,checkpoint1,8,1227720,1192992,7820,7599,19309,155461,154042,,
time,1,linear,copy,1,81506,62381,8397,7943,2785,78639,73998,,
time,1,compatible-alias,indexed-cow,8,2236117,2073467,139364,17802,5484,241959,109637,,
time,1,compatible-small,checkpoint4,1,26887,21268,4307,309,1003,25794,25589,,
time,1,work,trail,1,8821990,8665984,2540,147145,6321,8308118,9177523,,
time,1,compatible-alias,indexed,8,800722,700613,78821,16328,4960,118726,104430,,
time,1,deep,replay,1,80070830,79974462,2571,61798,31999,75324405,75343846,,
time,1,early,indexed-cow,1,392675,342910,24966,21350,3449,389111,382507,,
time,1,spine,copy,1,158151,143811,2163,8679,3498,35431,25620,,
time,1,linear,trail,8,641954,501636,102280,8550,29488,78630,78163,,
time,1,small,copy,1,143120,129668,1810,8227,3415,130680,114852,,
time,1,early,checkpoint4,1,617153,596607,8801,8396,3349,613691,572131,,
time,2,linear,indexed-cow,1,113725,70391,23744,16721,2869,110753,95486,,
time,2,small,trail,8,2586390,2547573,9392,5628,23797,332303,326686,,
time,2,early,checkpoint4,8,4989111,4850077,115125,8218,15691,654088,587601,,
time,2,compatible-large,indexed,1,358966,73465,280373,2578,2550,356306,357240,,
time,2,work,indexed-cow,8,7703774,7427054,213450,40432,22838,952159,969099,,
time,2,early,trail,8,4619445,4438675,129134,10766,40870,573668,578175,,
time,2,early,indexed-cow,1,423431,374665,24069,21191,3506,419780,376327,,
time,2,linear,copy,1,105737,84453,9406,8827,3051,102595,84398,,
time,2,linear,checkpoint4,8,673166,559257,93026,7804,13079,80838,73535,,
time,2,linear,checkpoint1,8,617805,503910,93584,7728,12583,87741,73728,,
time,2,compatible-small,checkpoint16,8,189210,156761,25938,303,6208,23581,26091,,
time,2,mutation,copy,1,5997166,5930726,18531,19510,28399,5829561,6036486,,
time,2,spine,checkpoint16,8,9211239,9162695,10661,8355,29528,167429,148590,,
time,2,deep,indexed-cow,1,1742145,1640715,7851,18491,75088,1449701,1749175,,
time,2,retained,replay,1,6533250,6480378,18589,10840,23443,6026154,6129070,,
time,2,compatible-alias,indexed,8,858810,750929,85445,17219,5217,129377,103812,,
time,2,work,checkpoint16,8,146175326,146125195,14100,13177,22854,18413631,18226507,,
time,2,compatible-large,replay,8,4900496,4130023,755488,370,14615,585122,619941,,
time,2,compatible-large,trail,8,4933760,4070211,831170,462,31917,591676,647720,,
time,2,compatible-small,checkpoint1,1,23869,18998,3730,285,856,22940,23953,,
time,2,work,checkpoint4,8,43605163,43555820,9166,19092,21085,5569875,5314358,,
time,2,late,copy,1,1524839,1496080,12489,12675,3595,1521084,1847449,,
time,2,small,indexed,1,563008,527097,5452,26748,3711,544362,207295,,
time,2,linear,checkpoint16,8,1052444,926242,103823,9307,13072,164056,70233,,
time,2,deep,checkpoint16,8,121816256,121455730,24764,66806,268956,15633521,14594586,,
time,2,compatible-large,replay,1,641500,542121,96858,328,2193,639173,636348,,
time,2,late,trail,1,3695657,3658826,11268,17688,7875,3687564,3762432,,
time,2,small,replay,8,22928879,22884665,11004,9759,23451,2658971,2690869,,
time,2,linear,replay,8,648099,528206,97905,8213,13775,85447,77580,,
time,2,work,indexed,1,958060,901891,5676,45753,4740,925401,941822,,
time,2,compatible-large,trail,1,635944,535893,95421,383,4247,631546,598925,,
time,2,late,checkpoint4,1,3158249,3125156,12341,16494,4258,3153857,3254865,,
time,2,small,indexed-cow,8,1583104,1408846,130747,22988,20523,190124,185216,,
time,2,early,checkpoint1,8,4643629,4510011,110414,8280,14924,598905,603460,,
time,2,compatible-alias,checkpoint4,8,881198,812274,59460,2883,6581,98633,92772,,
time,2,compatible-small,checkpoint4,1,29016,23365,4372,274,1005,27919,25446,,
time,2,retained,replay,8,55070954,54453706,381179,10429,225640,6331758,6059294,,
time,2,early,replay,8,4836225,4699974,112000,8495,15756,576096,580724,,
time,2,work,checkpoint1,1,2487679,2456962,3469,22744,4504,2472853,2282962,,
time,2,mutation,indexed-cow,1,2588229,2452177,50495,52359,33198,2290558,2350495,,
time,2,small,indexed-cow,1,217092,182273,6111,24802,3906,198831,193936,,
time,2,compatible-small,trail,1,28938,23008,3602,298,2030,26818,28720,,
time,2,mutation,checkpoint16,1,56792175,56685752,22261,22337,61825,56544847,56087490,,
time,2,compatible-large,indexed-cow,1,342022,61055,276500,2229,2238,339699,346241,,
time,2,mutation,trail,8,429566842,428512758,363931,15836,674317,50064478,65485216,,
time,2,compatible-small,indexed-cow,8,575377,477736,82850,2427,12364,79264,64019,,
time,2,early,copy,8,5031311,4881097,123334,8954,17926,611319,619171,,
time,2,retained,checkpoint1,8,7539464,6879476,396122,13588,250278,777077,678187,,
time,2,compatible-alias,copy,1,101883,91423,5721,3008,1731,100029,96961,,
time,2,late,trail,8,31905884,31616358,215904,23793,49829,5851261,3593908,,
time,2,late,replay,1,33291590,33260029,12944,13994,4623,33286593,33083819,,
time,2,compatible-large,checkpoint1,8,5185001,4362740,806176,349,15736,649561,618395,,
time,2,small,copy,1,147799,133580,1965,8788,3466,134727,124417,,
time,2,compatible-small,replay,1,23544,18717,3667,261,899,22565,21882,,
time,2,late,checkpoint1,1,1755704,1724786,11477,15901,3540,1752014,1632945,,
time,2,compatible-large,copy,1,642198,544799,94999,410,1990,640099,576235,,
time,2,early,checkpoint1,1,554652,532929,9513,9243,2967,551565,614904,,
time,2,deep,indexed,1,2009286,1909364,8200,17628,74094,1649505,1927439,,
time,2,deep,trail,1,4517604,4404393,1981,6880,104350,3662466,4100884,,
time,2,linear,copy,8,694540,566121,106357,7702,14360,80612,82112,,
time,2,compatible-alias,indexed-cow,1,126252,97931,10248,16796,1277,124869,104826,,
time,2,compatible-small,checkpoint4,8,182451,151380,24928,333,5810,23070,23920,,
time,2,retained,trail,1,764649,659804,20868,16474,67503,526562,597917,,
time,2,small,indexed,8,1758255,1562250,147117,27774,21114,206988,209726,,
time,2,deep,trail,8,36737849,36016600,26194,9070,685985,3785343,4356323,,
time,2,small,trail,1,376616,363957,2359,5587,4713,323671,365584,,
time,2,linear,checkpoint1,1,96978,74572,9878,9258,3270,93587,89225,,
time,2,compatible-alias,indexed-cow,8,934519,815320,93968,19452,5779,134404,103874,,
time,2,spine,indexed-cow,8,1651756,1502981,93850,21700,33225,73359,66764,,
time,2,mutation,indexed,1,2472657,2351965,46782,44907,29003,2181933,2368737,,
time,2,retained,indexed,8,6046790,5204219,621649,21286,199636,582501,613793,,
time,2,retained,checkpoint4,1,1102059,1047913,18797,10051,25298,969605,1222353,,
time,2,spine,checkpoint4,1,418740,403499,2345,9066,3830,80937,74858,,
time,2,work,indexed,8,8103287,7810053,224721,44859,23654,952849,1009853,,
time,2,early,checkpoint16,8,4630882,4496528,111038,8321,14995,580854,563912,,
time,2,retained,trail,8,6235774,5503470,406642,17234,308428,533694,582579,,
time,2,early,copy,1,554549,532916,9492,8920,3221,551214,525925,,
time,2,compatible-alias,copy,8,701738,642480,50940,2856,5462,91996,82707,,
time,2,work,trail,1,8897299,8751498,2467,137482,5852,8342506,9353071,,
time,2,small,checkpoint16,8,8439486,8400007,8774,10121,20584,999022,1032504,,
time,2,mutation,indexed,8,20756719,19756352,745514,37789,217064,2340044,2438104,,
time,2,small,copy,8,1179392,1135099,8852,9268,26173,156972,128299,,
time,2,late,indexed-cow,8,5605337,5304282,254969,24568,21518,712672,710003,,
time,2,work,indexed-cow,1,985982,934185,6499,40429,4869,930993,950552,,
time,2,mutation,checkpoint4,8,179144303,178420035,410014,27427,286827,21620864,22937684,,
time,2,spine,checkpoint4,8,3238925,3195437,9933,7626,25929,78091,75574,,
time,2,spine,indexed,8,1706375,1539919,101024,22739,42693,79201,57824,,
time,2,retained,checkpoint1,1,738341,678665,18671,14640,26365,605573,637940,,
time,2,compatible-large,checkpoint4,1,605269,506902,95912,363,2092,603071,613239,,
time,2,mutation,copy,8,51359856,50659433,444116,30901,225406,6197847,6162022,,
time,2,deep,checkpoint4,1,4775628,4732747,2997,7130,32754,4597380,4646784,,
time,2,compatible-alias,checkpoint4,1,101809,91059,6083,3205,1462,100244,100152,,
time,2,compatible-alias,checkpoint16,1,96205,86012,5812,3016,1365,94758,91478,,
time,2,spine,copy,8,1257033,1217204,11508,8428,19893,38499,26961,,
time,2,linear,trail,1,82216,60588,8195,8536,4897,77229,94590,,
time,2,retained,indexed-cow,1,699723,596958,50841,21361,30563,491268,606362,,
time,2,compatible-alias,checkpoint1,1,103318,92131,6355,3355,1477,101726,103488,,
time,2,linear,indexed-cow,8,848749,574897,242466,17485,13901,121576,104546,,
time,2,retained,indexed,1,773873,657304,54351,28534,33684,542344,686606,,
time,2,late,indexed,8,6166090,5842537,278923,26120,18510,778710,720905,,
time,2,spine,replay,8,45660749,45610400,13357,9732,27260,173913,152748,,
time,2,early,trail,1,556601,527364,10269,12450,6518,549954,572564,,
time,2,late,replay,8,261939086,261763819,141504,10221,23542,32315101,32463020,,
time,2,retained,copy,8,4070558,3501280,357311,11152,200815,339486,356650,,
time,2,work,checkpoint4,1,5557506,5537917,2015,12954,4620,5533352,5351020,,
time,2,compatible-alias,checkpoint16,8,676327,618836,49513,2656,5322,86174,100016,,
time,2,deep,checkpoint1,8,18058931,17761907,16478,62573,217973,2073137,2160728,,
time,2,spine,replay,1,4927310,4910475,2686,10068,4081,165282,157350,,
time,2,compatible-small,indexed-cow,1,66014,53358,9939,1677,1040,64873,61416,,
time,2,mutation,checkpoint1,1,13191274,13087794,19985,20715,62780,12944932,13162737,,
time,2,early,indexed-cow,8,3189086,2907786,239818,20930,20552,405446,390908,,
time,2,compatible-small,copy,8,209738,174486,28413,316,6523,26080,24168,,
time,2,linear,checkpoint16,1,85828,65740,8895,8107,3086,82634,79791,,
time,2,mutation,checkpoint16,8,464169505,463415419,482469,23520,248097,57425044,56529171,,
time,2,work,replay,1,309413694,309387810,4450,15100,6334,306246775,317812289,,
time,2,small,replay,1,2775613,2760057,2159,9255,4142,2587951,2652555,,
time,2,early,checkpoint16,1,686807,663399,10016,9588,3804,682868,591817,,
time,2,compatible-alias,trail,1,128671,108834,9582,6127,4128,124386,110184,,
time,2,work,replay,8,2525462543,2525381025,35483,16218,29817,314012662,301542693,,
time,2,mutation,indexed-cow,8,22519914,21563239,700980,41385,214310,2101204,2299715,,
time,2,compatible-small,indexed,8,559461,462846,84811,2041,9763,66501,58963,,
time,2,compatible-alias,replay,1,93436,82823,6202,3193,1218,92120,83899,,
time,2,compatible-small,trail,8,187318,158916,16967,272,11163,22707,23568,,
time,2,late,indexed,1,702001,652389,22865,22307,4440,697434,705874,,
time,2,linear,trail,8,677198,524394,112604,9509,30691,89266,74122,,
time,2,retained,checkpoint4,8,10041386,9262619,557471,11628,209668,1019759,1043569,,
time,2,late,checkpoint1,8,13544087,13401982,117869,8621,15615,1758297,1700285,,
time,2,compatible-large,copy,8,4921581,4112451,794542,333,14255,645999,623559,,
time,2,deep,checkpoint4,8,36850066,36585840,15726,61448,187052,4467876,4437340,,
time,2,late,copy,8,7365003,7224801,115663,9023,15516,934852,920769,,
time,2,deep,copy,8,14987541,14713078,13340,60774,200349,1733498,1744531,,
time,2,mutation,replay,1,2057868429,2057766334,34325,30000,37770,2049058359,2024022494,,
time,2,deep,copy,1,1934578,1839378,1781,58030,35389,1796362,1869410,,
time,2,compatible-small,checkpoint16,1,26617,21261,4078,297,981,25542,25480,,
time,2,linear,indexed,8,905386,610690,260919,18264,15513,127787,105341,,
time,2,spine,checkpoint16,1,1166671,1150308,2226,10360,3777,162595,156942,,
time,2,compatible-alias,replay,8,746659,684506,53626,2973,5554,96864,133514,,
time,2,late,checkpoint4,8,25909432,25760870,125947,5708,16907,3353374,3190303,,
time,2,retained,checkpoint16,1,2745057,2688131,20501,10901,25524,2597635,2703281,,
time,2,compatible-small,replay,8,198464,164705,27230,332,6197,25177,26723,,
time,2,mutation,checkpoint1,8,115468951,114442788,545957,134859,345347,16141777,13566789,,
time,2,spine,trail,1,297964,265061,2381,26318,4204,71605,42485,,
time,2,early,replay,1,614769,589377,10841,10358,4193,610457,557716,,
time,2,compatible-large,checkpoint16,8,5422557,4545111,860738,324,16384,592015,652910,,
time,2,deep,replay,8,689956323,689525792,36665,68700,325166,82131887,81178494,,
time,2,work,checkpoint1,8,20522990,20481398,12085,6338,23169,2565787,2487053,,
time,2,early,checkpoint4,1,602749,579269,9835,9691,3954,598655,643977,,
time,2,small,checkpoint1,1,192405,176900,2163,9255,4087,176386,198404,,
time,2,work,copy,8,17781607,17737389,9500,12762,21956,2210799,2192860,,
time,2,deep,indexed-cow,8,15013688,13892742,464442,26841,629663,1530000,1778099,,
time,2,retained,checkpoint16,8,22850114,22267598,366820,9874,205822,2613126,2665886,,
time,2,spine,checkpoint1,8,1681865,1633606,11373,8264,28622,43912,38807,,
time,2,work,checkpoint16,1,19101438,19077804,2607,15425,5602,19052552,18910267,,
time,2,spine,indexed,1,208555,176435,7141,20920,4059,71516,73363,,
time,2,compatible-alias,trail,8,764490,682511,56388,3988,21603,91004,107081,,
time,2,mutation,checkpoint4,1,22072657,21967321,20713,22681,61942,21841933,21914858,,
time,2,spine,trail,8,2343261,2262917,26160,28667,25517,74999,47963,,
time,2,compatible-large,indexed,8,3022217,510444,2494294,2470,15009,388136,364694,,
time,2,retained,indexed-cow,8,5900740,5000375,658623,23327,218415,483502,618931,,
time,2,spine,copy,1,197559,181237,2478,9824,4020,41126,30157,,
time,2,compatible-small,indexed,1,80772,64072,12397,2090,2213,78443,71475,,
time,2,deep,replay,1,88995571,88898487,3507,64356,29221,84041732,79178752,,
time,2,work,copy,1,2281151,2260286,2032,14267,4566,2266978,2216035,,
time,2,compatible-alias,indexed,1,140313,107203,11389,20153,1568,138642,118587,,
time,2,deep,checkpoint16,1,15396469,15304619,3708,61947,26195,15085009,15111324,,
time,2,mutation,replay,8,16140333442,16139577868,473273,23276,259025,2089556302,1998195832,,
time,2,small,checkpoint1,8,1418611,1374114,15135,8724,20638,168731,159154,,
time,2,compatible-alias,checkpoint1,8,788360,723071,56303,3294,5692,105361,134201,,
time,2,retained,copy,1,470725,406718,22046,11571,30390,333977,769126,,
time,2,compatible-large,checkpoint1,1,650027,546401,100659,662,2305,647555,691911,,
time,2,linear,indexed,1,133991,79789,31318,19489,3395,130505,111905,,
time,2,early,indexed,1,464464,414866,24807,20831,3960,460342,502314,,
time,2,compatible-large,checkpoint4,8,5463036,4493002,949747,676,19611,693128,590939,,
time,2,late,checkpoint16,8,68839684,68680195,131051,10776,17662,8714275,8573551,,
time,2,linear,checkpoint4,1,92998,71192,9540,8878,3388,89505,89781,,
time,2,spine,indexed-cow,1,208508,184480,7721,12566,3741,65400,58617,,
time,2,deep,indexed,8,16198925,15138800,436372,28824,594929,1631154,1971475,,
time,2,compatible-large,checkpoint16,1,625522,527918,94981,390,2233,623170,631520,,
time,2,small,checkpoint16,1,1041489,1026103,2039,9538,3809,1017047,1037849,,
time,2,late,indexed-cow,1,738916,686335,23970,24805,3806,734962,645807,,
time,2,compatible-small,copy,1,24536,19415,3866,289,966,23491,22995,,
time,2,small,checkpoint4,8,2615308,2579756,7841,8066,19645,354118,335456,,
time,2,small,checkpoint4,1,360363,345156,2031,9566,3610,343424,339466,,
time,2,work,trail,8,77004403,76281969,23013,662027,37394,9193032,9308812,,
time,2,compatible-large,indexed-cow,8,2848022,489003,2342627,2025,14367,347802,343379,,
time,2,mutation,trail,1,54299249,54126841,24228,15988,132192,51405353,52275382,,
time,2,early,indexed,8,3495010,3221018,238227,19783,15982,445153,417661,,
time,2,compatible-small,checkpoint1,8,193764,160362,26801,290,6311,24891,25130,,
time,2,deep,checkpoint1,1,2189044,2137349,1745,6413,43537,2038113,2105219,,
time,2,late,checkpoint16,1,8412950,8385890,10947,12229,3884,8408731,8397954,,
time,2,spine,checkpoint1,1,194231,179110,2487,8802,3832,43351,31867,,
time,2,linear,replay,1,84229,64718,8808,7762,2941,81186,77275,,
time,3,compatible-large,indexed,8,2867826,488473,2362117,2406,14830,369215,336510,,
time,3,compatible-small,replay,1,26371,20993,4102,289,987,25295,25437,,
time,3,early,checkpoint1,8,4699956,4566197,110074,8219,15466,583368,575016,,
time,3,work,checkpoint1,8,19530711,19486750,12801,5492,25668,2467162,2412331,,
time,3,early,checkpoint4,8,4743731,4603493,115641,8545,16052,590110,604872,,
time,3,spine,checkpoint16,1,1181661,1165982,2535,9067,4077,165685,152096,,
time,3,small,trail,8,2827891,2787755,9637,5343,25156,366157,322403,,
time,3,early,indexed,8,3585999,3304068,243734,21642,16555,484139,460318,,
time,3,compatible-small,checkpoint4,1,26881,21565,4098,240,978,25811,26420,,
time,3,compatible-large,copy,1,599330,508464,88480,339,2047,597175,616617,,
time,3,linear,replay,8,611034,497494,92985,7752,12803,81349,73854,,
time,3,work,checkpoint4,1,5480435,5461016,1945,12745,4729,5455654,5469779,,
time,3,compatible-large,checkpoint16,1,599811,499791,97588,332,2100,597613,597844,,
time,3,small,checkpoint16,1,1088730,1073672,2159,9148,3751,1065441,1018944,,
time,3,deep,checkpoint1,8,19075540,18646037,24545,65330,339628,2166638,2239890,,
time,3,deep,indexed,1,2080528,1963448,9856,27135,80089,1681282,2055029,,
time,3,retained,checkpoint16,8,22694037,22068225,369997,9609,246206,2583834,3735805,,
time,3,small,checkpoint1,8,1459175,1415276,9773,9425,24701,185378,319195,,
time,3,compatible-alias,checkpoint1,8,776221,711930,56111,2818,5362,96407,89167,,
time,3,late,checkpoint4,8,27225067,27061904,137573,6349,19241,3311214,3461673,,
time,3,late,trail,1,3685952,3650311,10508,17135,7998,3677642,3549881,,
time,3,deep,checkpoint16,8,128081339,127773785,30076,69930,207548,14721293,14360165,,
time,3,compatible-alias,replay,8,731991,670748,52883,2931,5429,97991,89733,,
time,3,small,replay,1,2773419,2757622,2119,9796,3882,2583912,2595727,,
time,3,work,trail,1,8876063,8724941,2738,141833,6551,8335050,9369032,,
time,3,mutation,replay,8,16264523182,16263769789,459280,21873,272240,2000960781,2033495887,,
time,3,compatible-small,indexed-cow,1,70697,56058,10823,1807,2009,68567,67975,,
time,3,deep,trail,8,37631324,36896374,28966,10128,695856,3759375,4541657,,
time,3,mutation,trail,1,57923000,57754644,24154,17811,126391,54532768,56319429,,
time,3,compatible-alias,checkpoint16,8,765622,701757,55123,3060,5682,103264,96966,,
time,3,compatible-small,copy,8,212401,176568,28684,348,6801,27052,25751,,
time,3,deep,copy,1,1842875,1755005,1781,57824,28265,1718001,1801680,,
time,3,retained,checkpoint4,8,9564965,9017738,335377,10095,201755,1017164,1066783,,
time,3,late,checkpoint1,8,14249485,14100478,123363,9259,16385,1812226,1768588,,
time,3,linear,copy,1,86296,65875,9106,8335,2980,83221,82668,,
time,3,early,indexed-cow,1,382694,334577,23330,21251,3536,379011,376847,,
time,3,small,copy,1,144108,130226,1906,8436,3540,131408,126607,,
time,3,linear,indexed,1,116151,70914,25433,16815,2989,113050,98165,,
time,3,linear,copy,8,658156,538152,99327,7216,13461,77098,71561,,
time,3,late,replay,1,34089936,34058686,12613,13597,5040,34084624,34156333,,
time,3,retained,copy,1,478551,414162,22075,12775,29539,344837,363809,,
time,3,linear,indexed-cow,8,923618,626909,262658,19631,14420,132861,102304,,
time,3,late,replay,8,269350115,269170513,146365,11858,21379,33386466,33324638,,
time,3,small,checkpoint1,1,312008,288142,2911,14246,6709,286636,275574,,
time,3,spine,checkpoint16,8,9980466,9903656,35692,8456,32662,165463,165872,,
time,3,spine,copy,1,186009,170127,2794,9259,3829,39369,30366,,
time,3,retained,indexed-cow,1,717743,621876,49311,20054,26502,483657,597848,,
time,3,linear,checkpoint1,8,680939,553727,103979,8576,14657,88429,83439,,
time,3,compatible-alias,checkpoint16,1,98520,87500,6205,3432,1383,97032,93541,,
time,3,compatible-large,copy,8,5044956,4207078,822165,424,15289,629845,753932,,
time,3,mutation,copy,1,6293521,6222862,19683,20188,30788,6116325,6355569,,
time,3,compatible-large,trail,1,630457,525204,100208,477,4568,625790,639682,,
time,3,small,indexed,8,1809056,1598265,160788,26298,23705,199559,214876,,
time,3,late,indexed-cow,8,5725388,5410969,266003,25946,22470,715049,703263,,
time,3,late,checkpoint16,8,73037546,72864320,143136,10317,19773,14296776,8415760,,
time,3,compatible-large,indexed-cow,1,409433,64507,340312,1986,2628,406684,356887,,
time,3,work,replay,1,320615992,320590307,3956,15715,6014,317512431,312787786,,
time,3,linear,trail,1,88973,64873,9665,9247,5188,83682,80685,,
time,3,late,copy,1,919813,895799,9368,10807,3839,915837,1043347,,
time,3,deep,replay,8,670618946,670289758,32891,59850,236447,78452398,77764283,,
time,3,compatible-small,indexed,8,530775,428951,90663,1948,9213,68148,89634,,
time,3,late,indexed,8,5644942,5349557,253848,24811,16726,724161,699510,,
time,3,mutation,checkpoint1,8,118449677,117548520,470974,29689,400494,14693825,14044372,,
time,3,compatible-alias,checkpoint1,1,101692,91172,6013,3039,1468,100117,100997,,
time,3,late,indexed-cow,1,740486,682376,25540,28133,4437,735862,783519,,
time,3,mutation,checkpoint4,1,23623203,23503382,24517,27032,68272,23375558,22827483,,
time,3,spine,trail,8,2393263,2325952,12180,27847,27284,77176,49684,,
time,3,compatible-small,replay,8,204085,169842,27837,272,6134,26389,26357,,
time,3,compatible-alias,trail,8,982967,880260,71569,6499,24639,135689,108115,,
time,3,linear,checkpoint1,1,97810,74934,9806,9673,3397,94291,88880,,
time,3,compatible-alias,indexed,8,980558,859707,96383,18424,6044,141281,117334,,
time,3,small,replay,8,25002129,24950693,12960,13607,24869,2913896,2922742,,
time,3,compatible-large,replay,1,691675,582113,106555,625,2382,689159,688499,,
time,3,small,copy,8,1177299,1130785,9455,8780,28279,154203,134695,,
time,3,deep,indexed-cow,1,1917141,1792936,10909,27160,86136,1584290,1902220,,
time,3,work,indexed-cow,1,1084856,1024476,7278,47692,5410,1049110,1027476,,
time,3,mutation,indexed,8,23061448,21787729,847148,51870,374701,2515836,2773339,,
time,3,mutation,checkpoint16,1,64711732,64578660,23357,23943,85772,64417793,62564844,,
time,3,early,trail,8,5246641,5036699,147802,12507,49633,630569,650302,,
time,3,deep,copy,8,17256037,16833175,28665,74220,319977,1971688,2025694,,
time,3,compatible-alias,checkpoint4,1,111116,99955,6235,3328,1598,109391,109621,,
time,3,mutation,checkpoint16,8,509042312,508150374,521508,30443,339987,63952434,63154497,,
time,3,compatible-alias,copy,8,866907,797855,59504,3328,6220,102893,95981,,
time,3,compatible-small,checkpoint1,1,27890,22279,4283,310,1018,26781,26446,,
time,3,spine,checkpoint1,1,207687,191710,2393,9574,4010,46606,34197,,
time,3,compatible-small,checkpoint1,8,197464,163641,27488,275,6060,25275,25323,,
time,3,compatible-alias,checkpoint4,8,787934,723048,56080,3089,5717,105709,89531,,
time,3,linear,indexed-cow,1,149282,89241,33170,22655,4216,144937,156406,,
time,3,retained,indexed,8,7073382,5981752,762834,31814,296982,599180,655664,,
time,3,early,trail,1,601922,566830,10289,17856,6947,594804,602075,,
time,3,spine,indexed-cow,1,217938,185407,7882,20684,3965,71480,59472,,
time,3,retained,copy,8,4827786,4136867,407470,19438,264011,374674,402491,,
time,3,spine,checkpoint1,8,1606441,1552768,12792,9267,31614,47494,41503,,
time,3,compatible-small,trail,1,30219,24090,3699,276,2154,27956,30291,,
time,3,work,indexed-cow,8,8367604,8067052,227889,47219,25444,1038860,988034,,
time,3,spine,indexed,1,237813,201107,8231,24211,4264,81847,109321,,
time,3,late,checkpoint4,1,3438060,3406596,13182,13514,4768,3430420,3386198,,
time,3,late,trail,8,32575543,32255424,241425,18524,60170,4179117,3543661,,
time,3,early,checkpoint16,1,613346,587898,10595,10051,4802,608412,638109,,
time,3,retained,replay,8,56776196,56092136,417073,12220,254767,6483731,6867619,,
time,3,deep,checkpoint16,1,16450679,16344264,4705,66034,35676,16099421,20939504,,
time,3,retained,trail,8,7320932,6120411,505040,19586,675895,588362,674398,,
time,3,late,checkpoint16,1,9364190,9331602,13083,14134,5371,9358439,9305354,,
time,3,early,replay,8,5161439,5013361,121805,9009,17264,638313,619045,,
time,3,compatible-alias,indexed,1,152806,117404,11704,21763,1935,150739,167522,,
time,3,mutation,indexed-cow,8,22432748,21203040,859673,69902,300133,2402387,2584490,,
time,3,compatible-large,checkpoint1,8,5434471,4491716,926263,359,16133,686251,661979,,
time,3,work,checkpoint16,8,166028655,165961272,21569,18296,27518,20660069,19994285,,
time,3,compatible-alias,copy,1,100496,90543,5503,3009,1441,98947,97811,,
time,3,work,checkpoint16,1,20789559,20763584,3252,15871,6852,20734372,20875305,,
time,3,work,copy,8,19319036,19268068,12338,14038,24592,2322917,2384541,,
time,3,linear,checkpoint16,8,727876,594142,109219,9547,14968,99819,96429,,
time,3,small,checkpoint4,8,3031989,2988108,9825,9775,24281,401236,346136,,
time,3,spine,checkpoint4,8,3655292,3605068,11892,10733,27599,109975,77997,,
time,3,late,checkpoint1,1,1926999,1898957,11130,12014,4898,1921918,1828027,,
time,3,linear,checkpoint16,1,94920,72874,9891,8907,3248,91558,87891,,
time,3,retained,replay,1,7511865,7443699,23257,12320,32589,6623332,6978640,,
time,3,deep,checkpoint1,1,2412379,2349294,2880,9051,51154,2242979,2302009,,
time,3,linear,replay,1,100850,76983,10316,9767,3784,96939,93861,,
time,3,work,indexed,1,1035528,975246,6280,48611,5391,999901,1015923,,
time,3,spine,replay,1,5056360,5039405,2731,9940,4284,175897,160164,,
time,3,compatible-small,indexed,1,71744,57375,10591,1795,1983,69659,66184,,
time,3,deep,indexed,8,16800224,15695829,443224,21038,640133,1648540,1976836,,
time,3,compatible-alias,trail,1,106773,92724,5801,4513,3735,102943,113298,,
time,3,late,copy,8,7687930,7544574,118413,9291,15652,957443,960104,,
time,3,mutation,replay,1,2158375648,2158289694,23365,22604,39985,2149270241,2032426240,,
time,3,deep,checkpoint4,1,4635547,4602074,1955,5669,25849,4465288,4632365,,
time,3,compatible-large,checkpoint16,8,4964013,4186613,762368,363,14669,631529,643010,,
time,3,mutation,indexed,1,2619892,2494316,50252,45065,30259,2323497,2462922,,
time,3,mutation,copy,8,53013349,52300250,456167,23815,233117,6497152,6383914,,
time,3,spine,indexed-cow,8,1618772,1468242,108857,20930,20743,81363,57930,,
time,3,compatible-alias,indexed-cow,1,135255,104783,11452,17523,1497,133652,116980,,
time,3,retained,indexed,1,827616,705213,56044,32868,33491,584710,655825,,
time,3,small,indexed-cow,1,247643,190667,6701,24607,25668,205806,193115,,
time,3,early,replay,1,616844,593791,9915,9410,3728,612982,595612,,
time,3,retained,checkpoint1,8,6982633,6410595,354977,9453,207608,626043,708605,,
time,3,early,indexed,1,486383,430709,27698,23846,4130,482123,501996,,
time,3,work,trail,8,80551735,79864009,22922,628634,36170,9174193,9262875,,
time,3,compatible-small,checkpoint4,8,216284,181043,27400,357,7484,25904,24250,,
time,3,retained,indexed-cow,8,6383669,5338298,735985,28334,281052,523404,620278,,
time,3,compatible-small,indexed-cow,8,540525,450504,75980,1875,12166,72327,61790,,
time,3,linear,checkpoint4,1,90451,69022,9484,8766,3179,87153,94538,,
time,3,compatible-alias,replay,1,95801,85347,6108,2972,1374,94323,93576,,
time,3,linear,indexed,8,858224,581361,245656,17180,14027,120403,114590,,
time,3,compatible-large,checkpoint1,1,578711,487883,88454,357,2017,576568,608173,,
time,3,deep,indexed-cow,8,15586318,14451799,469801,25267,639451,1602992,1883485,,
time,3,small,indexed-cow,8,1693209,1510602,135132,25448,22027,205643,200833,,
time,3,work,replay,8,2586759249,2586685649,29497,14654,29449,313127877,324529195,,
time,3,mutation,checkpoint4,8,188286311,187397926,496518,24310,367557,22760388,23380198,,
time,3,compatible-alias,indexed-cow,8,930018,813306,91969,19318,5425,134915,105809,,
time,3,compatible-large,indexed,1,367100,66975,295079,2530,2516,364473,388717,,
time,3,retained,checkpoint16,1,2864871,2804362,21946,11500,27063,2710967,2680770,,
time,3,retained,trail,1,797315,686675,22973,17456,70211,552056,584420,,
time,3,small,indexed,1,243884,204490,6423,28546,4425,223264,218848,,
time,3,small,trail,1,393494,381190,2161,5408,4735,341579,351245,,
time,3,late,indexed,1,723651,666852,26561,25943,4295,719192,723189,,
time,3,spine,indexed,8,1620539,1476023,97813,20745,25958,71768,62779,,
time,3,mutation,trail,8,501074396,499615927,421375,22267,1014827,52939281,72028513,,
time,3,compatible-small,checkpoint16,8,212760,177017,28827,339,6577,27322,27713,,
time,3,mutation,checkpoint1,1,13756150,13653223,21323,22339,59265,13520977,13694359,,
time,3,compatible-large,checkpoint4,1,642882,539604,100585,433,2260,640503,659696,,
time,3,early,checkpoint4,1,668034,643402,11072,9931,3629,664258,606313,,
time,3,deep,replay,1,99012805,98887265,4743,78667,42130,93683276,81781237,,
time,3,linear,trail,8,691023,536769,112224,9459,32571,87983,86580,,
time,3,compatible-large,trail,8,5334376,4469650,830635,380,33711,641963,641879,,
time,3,work,checkpoint4,8,45523825,45469119,11963,18972,23771,5915844,5720143,,
time,3,small,checkpoint4,1,381186,364990,2186,9906,4104,362420,357030,,
time,3,deep,checkpoint4,8,39925341,39617715,19374,64435,223817,4798992,4770773,,
time,3,early,indexed-cow,8,3352222,3059270,241604,22648,28700,443323,414418,,
time,3,compatible-large,checkpoint4,8,5314736,4424478,873110,671,16477,699744,657845,,
time,3,deep,trail,1,5443082,5314658,5118,12620,110686,4480433,4306230,,
time,3,retained,checkpoint4,1,1174166,1114160,20502,12175,27329,1034981,1080587,,
time,3,compatible-small,checkpoint16,1,28248,22424,4388,339,1097,27054,26825,,
time,3,small,checkpoint16,8,9079742,9036751,9518,9787,23686,1121769,1154151,,
time,3,mutation,indexed-cow,1,2615303,2459541,51728,72889,31145,2334592,2381609,,
time,3,early,copy,1,618949,593648,10286,10232,4783,613974,599964,,
time,3,compatible-large,indexed-cow,8,2878367,489228,2371539,2246,15354,380336,374688,,
time,3,work,checkpoint1,1,2344199,2324048,1993,13407,4751,2329751,2437847,,
time,3,work,copy,1,2247893,2228609,1865,12472,4947,2233715,2204309,,
time,3,compatible-small,copy,1,26498,21070,4140,296,992,25412,23714,,
time,3,spine,replay,8,40922995,40870489,13743,10107,28656,180973,164402,,
time,3,early,copy,8,4781994,4637767,118059,10320,15848,603714,606665,,
time,3,early,checkpoint1,1,614005,590722,9799,9846,3638,610244,589753,,
time,3,compatible-small,trail,8,221067,189023,19158,314,12572,26868,28088,,
time,3,linear,checkpoint4,8,675286,529159,124720,8080,13327,82725,79385,,
time,3,spine,trail,1,298705,265947,2366,26164,4228,70524,41849,,
time,3,retained,checkpoint1,1,780256,721206,20333,11366,27351,634594,678474,,
time,3,spine,copy,8,1231659,1192595,10202,8501,20361,38366,25555,,
time,3,work,indexed,8,8591411,8264732,254431,47814,24434,1039481,1098121,,
time,3,compatible-large,replay,8,5170313,4306349,848279,334,15351,644187,622456,,
time,3,spine,checkpoint4,1,428187,412846,2118,9242,3981,82644,70709,,
time,3,early,checkpoint16,8,4804779,4664147,114242,8487,17903,588667,600841,,
time,4,retained,checkpoint1,8,6956557,6350704,378099,11748,216006,696884,674114,,
time,4,mutation,replay,1,2037433229,2037358924,20673,19772,33860,2028500460,2017504377,,
time,4,compatible-alias,copy,8,751981,691213,51979,3182,5607,95838,86645,,
time,4,deep,replay,8,674715154,674363137,36484,73205,242328,79095427,78021225,,
time,4,retained,copy,8,3927495,3323528,375942,9660,218365,334481,366515,,
time,4,compatible-large,indexed-cow,1,364474,67542,292000,2589,2343,361999,358933,,
time,4,work,trail,8,85556128,84874126,22564,619506,39932,8740678,9374448,,
time,4,small,indexed-cow,8,1630606,1449393,131747,27625,21841,224745,195769,,
time,4,mutation,checkpoint16,1,65247082,65107807,23538,24738,90999,64958253,59489820,,
time,4,early,checkpoint1,1,628033,605664,9498,9351,3520,624390,572121,,
time,4,deep,trail,8,37916996,37190846,30312,11614,684224,3796512,4300181,,
time,4,small,trail,1,372956,360294,2292,5795,4575,320840,347974,,
time,4,mutation,indexed,8,20673870,19656170,736651,42807,238242,2263775,2552490,,
time,4,compatible-large,checkpoint1,1,645687,546519,96431,407,2330,643256,682910,,
time,4,work,checkpoint4,1,5584575,5563279,1976,14609,4711,5560119,5565249,,
time,4,compatible-large,replay,1,617582,520897,94035,350,2300,615146,617896,,
time,4,compatible-alias,checkpoint4,8,1089476,999920,81918,2691,4947,90490,83588,,
time,4,linear,indexed-cow,8,1189242,641941,404913,129130,13258,413068,92476,,
time,4,compatible-alias,checkpoint16,1,142952,130020,5599,2784,4549,138315,127425,,
time,4,compatible-large,trail,1,577869,483554,89926,339,4050,573714,606170,,
time,4,early,replay,8,4827661,4684427,117894,8699,16641,597708,587313,,
time,4,late,trail,1,3624147,3588932,10545,16904,7766,3616135,3698837,,
time,4,late,indexed,8,5904424,5586547,269769,26748,21360,756791,735734,,
time,4,compatible-large,copy,8,5205963,4331375,857592,412,16584,637103,631141,,
time,4,compatible-alias,indexed,1,143803,110309,11463,20494,1537,142157,117473,,
time,4,compatible-large,trail,8,5415470,4439554,940629,617,34670,686955,659358,,
time,4,compatible-small,indexed,1,152206,122773,21738,4214,3481,148545,129938,,
time,4,early,indexed-cow,8,3280851,2999411,221960,22276,37204,450020,418800,,
time,4,late,trail,8,30341555,30080945,194208,18376,48026,3952894,3719555,,
time,4,deep,replay,1,83397102,83297843,3265,64631,31363,78520155,78492216,,
time,4,compatible-alias,replay,1,101690,91566,5721,2981,1422,100163,98341,,
time,4,linear,checkpoint4,1,92938,71024,9659,8986,3269,89558,96963,,
time,4,work,indexed,1,971651,914902,5925,45903,4921,939112,968565,,
time,4,linear,indexed,8,947893,644069,269064,19865,14895,136383,93352,,
time,4,small,replay,1,2931868,2914380,2357,10769,4362,2731831,2704405,,
time,4,compatible-large,checkpoint4,8,5267592,4386849,863670,339,16734,636069,653333,,
time,4,compatible-small,indexed-cow,8,544898,456339,74790,2328,11441,70344,63986,,
time,4,early,replay,1,569192,547943,9046,8746,3457,565583,547763,,
time,4,compatible-small,checkpoint16,1,28394,22495,4467,358,1074,27226,26645,,
time,4,early,copy,1,582196,558255,10586,9909,3446,578633,561245,,
time,4,small,copy,1,147990,133564,2103,8752,3571,134986,124988,,
time,4,compatible-alias,checkpoint1,8,783130,720751,53532,3129,5718,101014,93896,,
time,4,work,copy,1,2348381,2328541,2039,12960,4841,2334298,2186009,,
time,4,compatible-alias,indexed-cow,8,896934,783408,89926,18090,5510,144823,118232,,
time,4,spine,copy,8,1206069,1169229,9368,7716,19756,36324,24868,,
time,4,compatible-large,replay,8,5568609,4637555,913487,503,17064,691968,721753,,
time,4,late,indexed,1,782876,722405,28172,27939,4360,778366,760006,,
time,4,early,trail,1,604498,574797,10318,12360,7023,597337,605707,,
time,4,spine,replay,8,41034141,40981831,15143,9331,27836,177250,165369,,
time,4,small,indexed-cow,1,221926,186861,6022,24099,4944,201217,245663,,
time,4,compatible-large,indexed-cow,8,2888030,485991,2385500,2167,14372,350488,347077,,
time,4,compatible-alias,replay,8,738758,680955,49658,2794,5351,94939,81925,,
time,4,retained,checkpoint16,8,23109653,22485959,407205,9547,206942,2612890,2650735,,
time,4,linear,copy,1,93069,70675,9773,9340,3281,89685,84956,,
time,4,compatible-alias,copy,1,104407,93896,5944,3133,1434,102871,92157,,
time,4,compatible-small,replay,1,26701,21299,4033,361,1008,25597,25174,,
time,4,compatible-small,copy,8,221258,185203,28816,381,6858,27178,25048,,
time,4,linear,checkpoint4,8,708511,578878,105724,8960,14949,89620,111305,,
time,4,work,copy,8,17516578,17473064,9052,12829,21633,2204780,2208822,,
time,4,spine,checkpoint4,8,3260139,3217172,10260,7804,24903,81201,73460,,
time,4,small,checkpoint4,1,381856,367141,1956,9214,3545,365266,313877,,
time,4,early,checkpoint16,8,4763878,4618167,121387,8304,16020,598558,646130,,
time,4,compatible-small,checkpoint4,8,211758,169895,35483,297,6083,25436,26182,,
time,4,compatible-alias,indexed,8,879384,771989,84386,16743,6266,133217,101087,,
time,4,retained,replay,1,6744170,6670962,19835,10914,42459,6208260,8376975,,
time,4,deep,indexed,1,2065889,1942888,10586,23660,88755,1704211,1991475,,
time,4,small,copy,8,1175548,1129925,9275,8404,27944,164018,169068,,
time,4,linear,trail,8,697360,534567,110894,19967,31932,100580,87923,,
time,4,late,indexed-cow,1,722676,668503,25064,25179,3930,718582,667616,,
time,4,late,checkpoint1,1,1878749,1852000,10801,12128,3820,1874795,1817356,,
time,4,small,indexed,1,249002,206916,7235,30624,4227,227846,225752,,
time,4,linear,checkpoint16,1,98292,75416,9953,9465,3458,94705,90031,,
time,4,work,checkpoint16,1,18949353,18912105,3602,16904,16742,18888550,19048333,,
time,4,compatible-small,indexed,8,517250,426785,78901,1971,9593,68296,61596,,
time,4,compatible-alias,trail,8,856316,759767,67205,4662,24682,104621,101688,,
time,4,work,indexed-cow,1,1035789,979898,6543,44463,4885,1004082,974072,,
time,4,early,checkpoint4,1,805101,779198,10809,10951,4143,800457,663834,,
time,4,early,trail,8,5237861,5029876,144810,12566,50609,617169,689241,,
time,4,compatible-small,checkpoint1,1,28142,22446,4328,322,1046,27005,27001,,
time,4,deep,checkpoint16,8,125573930,125184511,34525,124323,230571,15708752,15129765,,
time,4,mutation,checkpoint4,8,192016753,191281338,439504,25077,270834,22173170,22830206,,
time,4,linear,replay,8,689097,560883,105214,9061,13939,94819,81045,,
time,4,compatible-alias,checkpoint16,8,742486,681481,52920,2673,5412,92784,87176,,
time,4,deep,trail,1,4965540,4829588,3815,8522,123615,3953629,4596776,,
time,4,compatible-large,copy,1,1110159,958311,146541,1151,4156,1105676,898456,,
time,4,compatible-alias,checkpoint1,1,128870,113151,9164,4621,1934,126809,119711,,
time,4,mutation,copy,8,52042378,51372700,437082,23005,209591,6370988,6370844,,
time,4,work,replay,1,317114573,317089133,3645,15112,6683,313886104,318095365,,
time,4,deep,checkpoint16,1,15658970,15564543,3028,66245,25154,15335847,15249902,,
time,4,linear,copy,8,813714,666293,121138,8828,17455,93759,107449,,
time,4,linear,indexed,1,118412,72468,26010,16823,3111,115201,102528,,
time,4,spine,indexed-cow,8,1514706,1392005,84851,18582,19268,63815,61099,,
time,4,deep,indexed-cow,8,15717358,14601983,433637,22022,659716,1592185,1948347,,
time,4,late,checkpoint16,1,8687366,8657943,11845,13311,4267,8682746,8693437,,
time,4,early,indexed,1,504942,449833,27431,23921,3757,501045,457310,,
time,4,compatible-small,checkpoint1,8,200601,166988,27220,271,6122,25651,26571,,
time,4,compatible-small,copy,1,24713,19537,3898,303,975,23653,23370,,
time,4,late,replay,8,331563765,331339144,183764,14846,26011,57259630,35984541,,
time,4,spine,trail,8,2615862,2534273,14400,35396,31793,101963,62934,,
time,4,compatible-small,indexed-cow,1,82964,66057,12522,2300,2085,80786,73072,,
time,4,linear,replay,1,99212,75308,10542,9887,3475,95628,91190,,
time,4,compatible-small,checkpoint4,1,28963,22615,4581,385,1382,27486,28347,,
time,4,compatible-large,indexed,1,378767,69622,304048,2576,2521,376146,384817,,
time,4,retained,trail,1,816883,697381,24332,18172,76998,562815,600280,,
time,4,spine,indexed-cow,1,243912,205597,8854,24764,4697,81392,67056,,
time,4,late,copy,1,1018703,990913,11182,12344,4264,1014311,1023982,,
time,4,late,checkpoint4,1,4201319,4167484,13498,15417,4920,4196212,3914420,,
time,4,small,replay,8,25172113,25113336,17861,14826,26090,3607908,2836504,,
time,4,deep,checkpoint1,1,3339266,3249151,4471,9812,75832,3088790,2211064,,
time,4,mutation,trail,1,61972413,61805338,23372,17849,125854,58925303,57841003,,
time,4,small,trail,8,3030263,2987208,10399,5479,27177,382050,343584,,
time,4,linear,checkpoint1,8,761238,623467,113331,8820,15620,102677,108883,,
time,4,mutation,copy,1,6867148,6786330,22862,21975,35981,6669545,7683063,,
time,4,linear,trail,1,98182,72351,9731,10205,5895,92167,91389,,
time,4,small,checkpoint16,8,9192014,9147123,10161,12047,22683,1172782,1144492,,
time,4,work,replay,8,2602160622,2602088180,29166,14939,28337,325264656,314164169,,
time,4,early,indexed,8,3567248,3286109,244084,21267,15788,449448,447578,,
time,4,retained,trail,8,6911641,6072386,445475,17255,376525,543833,639729,,
time,4,compatible-alias,indexed-cow,1,148736,115105,12013,19996,1622,146994,125157,,
time,4,work,checkpoint1,8,19923823,19883727,11228,5534,23334,2479658,2453944,,
time,4,linear,checkpoint1,1,93712,71760,9860,8689,3403,90207,84723,,
time,4,compatible-alias,trail,1,103786,89979,5738,4411,3658,100040,100732,,
time,4,deep,copy,8,18612761,17901869,33685,300327,376880,3241974,2014993,,
time,4,early,copy,8,4783052,4641048,116714,8617,16673,594897,588600,,
time,4,small,indexed,8,1852345,1645432,153803,30599,22511,223317,220357,,
time,4,mutation,checkpoint1,1,13781819,13662842,23204,23780,71993,13540390,13640202,,
time,4,compatible-small,replay,8,393230,329821,48565,594,14250,47457,46810,,
time,4,work,checkpoint4,8,49760993,49697975,15484,22614,24920,5899216,5693730,,
time,4,retained,indexed-cow,8,6081961,5111708,692640,28549,249064,525543,637006,,
time,4,late,replay,1,33615753,33583233,13395,13952,5173,33609936,33804091,,
time,4,work,indexed,8,8463787,8162306,227892,47110,26479,997310,1038460,,
time,4,compatible-small,checkpoint16,8,198956,165427,27013,306,6210,25363,26036,,
time,4,deep,indexed-cow,1,1815442,1703204,10678,27772,73788,1526400,1731143,,
time,4,linear,indexed-cow,1,139019,80552,37492,17753,3222,135682,105123,,
time,4,mutation,trail,8,461064279,459902746,396663,19912,744958,55910708,54550362,,
time,4,compatible-large,checkpoint1,8,5067409,4208756,843112,382,15159,603691,700387,,
time,4,mutation,replay,8,16148786989,16148056271,450761,36116,243841,2005678232,1945754685,,
time,4,linear,checkpoint16,8,634345,519398,94437,7732,12778,81723,77085,,
time,4,compatible-alias,checkpoint4,1,90703,81298,5231,2808,1366,89250,88998,,
time,4,retained,checkpoint4,8,9382953,8857564,319758,9807,195824,995009,1038736,,
time,4,retained,checkpoint1,1,771649,661655,76140,9998,23856,645019,619503,,
time,4,mutation,indexed,1,2433049,2319696,45154,38852,29347,2139397,2238008,,
time,4,compatible-small,trail,8,235301,202173,19611,286,13231,27109,29029,,
time,4,small,checkpoint1,1,187867,173377,1976,8530,3984,172149,166077,,
time,4,late,checkpoint1,8,13852383,13709866,117705,8966,15846,1728689,1668917,,
time,4,deep,checkpoint4,8,36971977,36703681,14739,63478,190079,4434789,4478215,,
time,4,retained,checkpoint16,1,2623914,2569612,18417,9678,26207,2476256,2719498,,
time,4,compatible-large,indexed,8,2925928,493849,2414701,2233,15145,349254,353108,,
time,4,spine,checkpoint1,8,1411294,1366595,10351,7918,26430,40775,40785,,
time,4,early,indexed-cow,1,426372,371850,26613,24268,3641,422613,376615,,
time,4,small,checkpoint16,1,1070359,1054854,2105,9602,3798,1048342,967831,,
time,4,retained,checkpoint4,1,1216447,1156871,20016,11573,27987,1077065,1052976,,
time,4,spine,checkpoint4,1,424927,409873,2254,8991,3809,80979,68527,,
time,4,spine,checkpoint1,1,212408,196539,2468,9305,4096,48258,34159,,
time,4,spine,checkpoint16,1,1138563,1123726,2281,8765,3791,157094,147007,,
time,4,retained,indexed,1,774688,667326,54733,23849,28780,549864,629557,,
time,4,spine,indexed,1,221091,187053,7857,21990,4191,75843,62921,,
time,4,work,trail,1,8689010,8523021,4353,154935,6701,8149078,9298474,,
time,4,spine,checkpoint16,8,9585544,9536220,10365,7652,31307,154825,157344,,
time,4,deep,checkpoint1,8,17911023,17623314,14420,60960,212329,2072937,2171967,,
time,4,spine,replay,1,4857322,4842367,2320,8914,3721,164367,150100,,
time,4,late,copy,8,7551278,7410456,116382,9050,15390,937539,936599,,
time,4,work,checkpoint1,1,2297447,2278753,1744,12447,4503,2283244,2295842,,
time,4,deep,checkpoint4,1,4668803,4638040,1749,5679,23335,4495715,4527960,,
time,4,deep,copy,1,1805101,1719739,1772,55870,27720,1683397,1774443,,
time,4,mutation,indexed-cow,8,19906852,18873192,751245,49700,232715,2302780,2276421,,
time,4,deep,indexed,8,15482048,14476738,392852,19925,592533,1515815,1872687,,
time,4,retained,replay,8,52285056,51754252,330505,9017,191282,6001763,6158603,,
time,4,late,checkpoint4,8,25171747,25031188,119576,5190,15793,3182354,3147589,,
time,4,retained,copy,1,441203,386486,18997,10597,25123,322841,359710,,
time,4,compatible-large,checkpoint16,8,5303161,4420147,866736,437,15841,643999,683253,,
time,4,early,checkpoint4,8,4755845,4616021,115175,9051,15598,618861,603373,,
time,4,early,checkpoint1,8,4731614,4595265,112677,8174,15498,574324,580240,,
time,4,work,indexed-cow,8,7616870,7341894,211456,41038,22482,926164,959288,,
time,4,mutation,checkpoint4,1,22355275,22234193,20723,23248,77111,22103382,22361161,,
time,4,spine,copy,1,167820,153599,2138,8494,3589,36309,26713,,
time,4,retained,indexed,8,6235442,5315472,665746,26569,227655,548159,624546,,
time,4,compatible-large,checkpoint16,1,650392,549261,98456,374,2301,647975,638064,,
time,4,late,checkpoint16,8,67756196,67602510,126615,9836,17235,8664401,8361575,,
time,4,early,checkpoint16,1,569359,547251,9323,9283,3502,565744,583533,,
time,4,spine,trail,1,298834,266292,2326,26189,4027,71687,42507,,
time,4,spine,indexed,8,1582156,1431400,88674,19733,42349,66896,51063,,
time,4,mutation,checkpoint1,8,108003487,107345763,388866,30764,238094,13754425,13229189,,
time,4,compatible-small,trail,1,28498,22740,3429,304,2025,26375,28806,,
time,4,late,indexed-cow,8,5579947,5281657,249723,24233,24334,693953,691080,,
time,4,retained,indexed-cow,1,685841,592700,48732,17383,27026,475011,581808,,
time,4,mutation,indexed-cow,1,2453063,2327229,46360,50237,29237,2180590,2279288,,
time,4,small,checkpoint1,8,1366892,1327413,8865,9166,21448,179313,159671,,
time,4,mutation,checkpoint16,8,473264275,472490919,480017,22870,270469,57726578,58483440,,
time,4,compatible-large,checkpoint4,1,623734,532838,88452,337,2107,621501,596161,,
time,4,work,checkpoint16,8,166838273,166762682,23503,24969,27119,26744823,18526199,,
time,4,small,checkpoint4,8,2754610,2717357,8367,8386,20500,346713,330379,,
meter,0,late,trail,1,4218594,4173594,13476,19330,12194,4206179,4045058,1852884,176859
meter,0,compatible-large,checkpoint4,8,8642397,7421336,1196135,394,24532,1118289,1007297,4634567,121144
meter,0,early,indexed,8,4713672,4367362,302828,16990,26492,577108,581219,5033696,162042
meter,0,deep,trail,8,49741936,48922360,42981,4162,772433,5074407,5695708,28510883,1639223
meter,0,compatible-large,indexed,8,4331544,588275,3716214,2453,24602,572545,532800,1888749,126763
meter,0,retained,checkpoint4,1,1551494,1467859,26261,10982,46392,1344940,1375752,1109069,191544
meter,0,compatible-large,checkpoint4,1,1103119,929070,170111,500,3438,1099562,1067826,579789,121144
meter,0,mutation,checkpoint1,1,18751321,18623054,25354,23764,79149,18448933,18429011,20799435,213289
meter,0,mutation,checkpoint4,8,275896340,275030369,415588,13845,436538,35388638,33758783,251169687,213772
meter,0,deep,checkpoint1,1,3950292,3892229,2363,6008,49692,3733334,3748104,3331898,140562
meter,0,deep,checkpoint16,8,238867193,238428972,33475,5341,399405,28772823,29301824,189197123,141533
meter,0,small,indexed,8,2346335,2145090,152258,14274,34713,284224,264014,2184134,127455
meter,0,small,checkpoint4,8,5486032,5431313,14358,3417,36944,723457,646817,4602907,21894
meter,0,compatible-large,trail,1,1131242,952452,170380,474,7936,1123159,1146925,583493,121208
meter,0,retained,checkpoint1,1,1035238,930954,28678,12531,63075,803285,886199,814879,191061
meter,0,work,indexed-cow,8,11139804,10851545,227814,20833,39612,1353372,1374616,8325818,192825
meter,0,linear,trail,1,124673,94346,12418,9490,8419,116134,117195,84063,27983
meter,0,linear,checkpoint16,8,1006905,849894,128870,5262,22879,132744,113090,616377,27727
meter,0,mutation,replay,1,3415603791,3415470294,28492,48000,57005,3400933540,3414099337,2507906997,221775
meter,0,mutation,trail,8,491073962,489585988,514927,13977,959070,58120981,58987630,241495463,4224347
meter,0,late,trail,8,33236298,32954757,198364,6628,76549,4109111,4072284,14773974,176859
meter,0,late,copy,1,1406252,1376670,12331,11683,5568,1400574,1485800,999388,33749
meter,0,work,indexed,8,11262369,10969873,237274,18271,36951,1370603,1372908,8743970,243997
meter,0,linear,copy,8,1076685,901418,145124,5230,24913,129780,122907,617273,27839
meter,0,compatible-small,indexed-cow,1,95882,73806,16847,2684,2545,93221,84218,69046,27081
meter,0,spine,checkpoint4,8,6203733,6147422,16659,3978,35674,140156,110834,4884900,21579
meter,0,deep,indexed-cow,1,2630672,2499032,12554,23930,95156,2195797,2441818,2325412,1001585
meter,0,work,replay,8,4740677830,4740584108,40051,6155,47516,582670988,580870767,3087349833,28913
meter,0,compatible-alias,checkpoint16,1,101793,91243,5946,2853,1751,99934,100226,112104,32243
meter,0,work,copy,1,3919258,3897253,2268,12622,7115,3896935,3914769,2744787,32302
meter,0,compatible-small,checkpoint4,8,303291,256048,38163,335,8745,37743,37064,520135,9159
meter,0,linear,checkpoint4,8,934839,785746,122949,4410,21734,110194,112921,616377,27727
meter,0,work,replay,1,584251812,584224580,3484,15200,8548,578331535,575548040,385924295,28913
meter,0,retained,checkpoint4,8,13106226,12378840,372572,6217,348597,1537988,1330312,8838315,191544
meter,0,deep,checkpoint1,8,32351031,31947432,19824,3118,380657,3669876,3980624,26620947,140562
meter,0,compatible-large,indexed,1,562001,84267,467703,2363,7668,554189,601301,238814,126763
meter,0,retained,indexed,1,972854,845804,59032,21992,46026,666599,841194,1468540,1096385
meter,0,late,replay,8,432836258,432645338,155734,6430,28756,53474542,53959327,320421590,34611
meter,0,compatible-alias,copy,8,758623,692967,55816,1338,8502,96813,103712,827378,32355
meter,0,late,checkpoint16,8,107260994,107078782,147557,5975,28680,13286310,13892651,80009110,37409
meter,0,mutation,trail,1,64453503,64275742,28203,18794,130764,60927471,56200092,30196963,4224347
meter,0,spine,indexed,1,318173,274878,9523,26032,7740,97885,78480,256895,73039
meter,0,early,copy,1,843312,813874,11908,9555,7975,835234,844902,630178,32775
meter,0,compatible-small,copy,1,36797,30440,4728,312,1317,35399,36226,65597,9271
meter,0,mutation,indexed-cow,1,3074004,2908332,59564,48610,57498,2707785,2778794,3256416,1123318
meter,0,spine,checkpoint16,8,18127726,18067265,15867,3889,40705,316154,291627,14949220,21865
meter,0,late,copy,8,11886068,11710250,143657,5287,26874,1449352,1474940,7946006,33749
meter,0,small,checkpoint4,1,710831,691084,2299,10959,6489,679497,712695,579643,21894
meter,0,spine,copy,8,2258380,2208524,14817,2978,32061,43349,41985,1824580,20465
meter,0,spine,checkpoint16,1,2259060,2242115,2488,9259,5198,271390,273461,1872933,21865
meter,0,early,checkpoint1,8,7582012,7415917,134011,4986,27098,991110,966029,5186184,32487
meter,0,mutation,checkpoint1,8,151689950,150754817,460366,13674,461093,19203981,18494182,166315239,213289
meter,0,early,checkpoint16,8,7573020,7412475,130766,4348,25431,946900,934430,5277640,32655
meter,0,small,indexed-cow,1,270395,233390,7161,24037,5807,242714,240929,265394,107799
meter,0,early,checkpoint1,1,898522,872006,12155,9610,4751,893657,939470,653558,32487
meter,0,small,checkpoint16,8,16691515,16640425,13214,2867,35009,2061995,2049168,14221307,21915
meter,0,small,replay,8,44060266,44007205,14931,3287,34843,5274580,5140541,36976763,23285
meter,0,linear,indexed,1,146757,90544,33105,18578,4530,142110,127350,169399,93177
meter,0,compatible-large,copy,1,997259,854717,138797,449,3296,993810,1008606,579901,121256
meter,0,small,checkpoint1,1,299646,283346,2142,8949,5209,279447,300959,285453,21411
meter,0,retained,checkpoint16,8,30868349,30129487,376192,3645,359025,3511128,3435493,18456715,191565
meter,0,small,indexed,1,310162,268516,7070,28288,6288,276549,287133,285986,127455
meter,0,compatible-small,indexed-cow,8,594440,473804,91226,12197,17213,96273,69618,529317,27081
meter,0,deep,checkpoint4,8,71024062,70641941,23777,3443,354901,8333634,8534476,57646211,141348
meter,0,linear,replay,8,1598731,1400836,150099,8544,39252,260698,319627,616377,27727
meter,0,retained,indexed,8,8129544,7016525,724986,19663,368370,691439,848672,11644566,1096385
meter,0,compatible-alias,indexed,1,150024,118252,11458,18428,1886,148022,127706,198744,57287
meter,0,linear,checkpoint1,8,1018455,869910,121592,4602,22351,112253,112246,616377,27727
meter,0,compatible-alias,indexed-cow,8,1073711,954547,97021,13755,8388,135408,119190,1408391,57311
meter,0,compatible-small,indexed,8,562910,450324,91317,5517,15752,76919,67321,528941,27057
meter,0,work,checkpoint16,8,285503673,285427492,27312,7236,41633,35451731,35042633,190254313,31197
meter,0,compatible-alias,indexed-cow,1,148533,117963,11687,16967,1916,146518,133276,198952,57311
meter,0,compatible-small,copy,8,294005,246772,38150,328,8755,35763,38096,521031,9271
meter,0,late,checkpoint4,8,37847046,37672431,142505,5203,26907,4775634,4813484,31561302,37307
meter,0,late,checkpoint1,1,3474968,3424459,22332,19085,9092,3465010,3448414,2495432,35946
meter,0,compatible-large,copy,8,8695837,7338314,1331790,480,25253,1104256,1062960,4635463,121256
meter,0,compatible-alias,trail,8,882310,779457,65048,1340,36465,103353,121762,885682,32307
meter,0,linear,copy,1,121647,96063,12429,8817,4338,117207,121798,82039,27839
meter,0,early,checkpoint4,1,895906,869575,11914,9770,4647,891145,926551,664990,32655
meter,0,compatible-alias,checkpoint1,1,101843,90784,6208,3004,1847,99902,98961,112104,32243
meter,0,small,indexed-cow,8,1977147,1802820,124846,16419,33062,225347,252969,2018110,107799
meter,0,work,trail,1,10826504,10673597,2886,141503,8518,9919183,11200206,4701691,1523458
meter,0,compatible-large,replay,1,1023869,879427,140790,396,3256,1020468,1045592,579789,121144
meter,0,early,trail,1,899460,864595,12569,11806,10490,888760,886643,642042,32607
meter,0,compatible-alias,checkpoint4,8,829126,759244,59832,1344,8706,102863,98520,826482,32243
meter,0,compatible-small,trail,8,346697,287665,36176,397,22459,41575,43239,549767,9415
meter,0,retained,indexed-cow,8,7322345,6261294,695133,15184,350734,594717,753329,10857102,999049
meter,0,retained,copy,8,5154173,4351027,431139,4239,367768,423515,473817,3269467,189133
meter,0,early,indexed-cow,1,520301,460111,30790,24036,5364,514815,481215,587176,147068
meter,0,compatible-small,checkpoint4,1,42102,34706,5513,404,1479,40543,52143,65485,9159
meter,0,spine,checkpoint1,1,311806,295172,2529,9059,5046,59525,50369,285702,20476
meter,0,retained,checkpoint16,1,3754662,3672634,26489,10734,44805,3523599,3493378,2311369,191565
meter,0,mutation,indexed-cow,8,24428040,23179241,840537,39990,368272,2675085,2802284,25854278,1123318
meter,0,early,replay,8,7432206,7270126,132942,4367,24771,941221,928419,5277640,32655
meter,0,spine,replay,8,75846017,75792411,17110,3342,33154,283960,299781,61195516,23004
meter,0,mutation,indexed,1,3150210,2987161,60625,51456,50968,2763340,2907076,3370176,1236142
meter,0,small,checkpoint1,8,2486716,2434075,13271,2929,36441,289303,290675,2249387,21411
meter,0,small,checkpoint16,1,2120575,2103218,2375,9435,5547,2082862,2145687,1781943,21915
meter,0,retained,checkpoint1,8,8258953,7490490,389355,3846,375262,748951,816774,6484795,191061
meter,0,deep,checkpoint4,1,8800427,8748248,2766,5290,44123,8520505,8543739,7210056,141348
meter,0,retained,replay,1,8862976,8783253,24668,10280,44775,8147199,8178630,5155801,192321
meter,0,mutation,replay,8,27719669053,27718731679,504064,13273,420037,3379105683,3436913279,20063175735,221775
meter,0,spine,replay,1,9715198,9696349,2796,10359,5694,291577,278465,7653720,23004
meter,0,spine,trail,1,405227,371600,2629,25048,5950,79890,58360,278073,103142
meter,0,work,checkpoint16,1,36650413,36623474,3232,16178,7529,36560190,35124891,23787355,31197
meter,0,spine,indexed,8,2222604,2054578,101753,12974,53299,79082,74020,1951392,73039
meter,0,early,checkpoint16,1,996269,969164,12247,9988,4870,991275,889892,664990,32655
meter,0,retained,replay,8,74341891,73562825,401172,5168,372726,8396306,8393207,41212171,192321
meter,0,early,indexed-cow,8,4123314,3777119,297315,17462,31418,532750,496542,4576280,147068
meter,0,work,checkpoint1,1,4297491,4275049,2246,13411,6785,4274938,4399494,3090063,32911
meter,0,work,indexed,1,1403168,1340253,7118,48674,7123,1349192,1386222,1108538,243997
meter,0,deep,checkpoint16,1,29489870,29376128,3954,55202,54586,28946531,28780407,23653920,141533
meter,0,compatible-small,checkpoint1,8,305682,258312,37999,361,9010,37787,42690,520135,9159
meter,0,compatible-small,replay,1,38536,32183,4681,355,1317,37132,36482,65485,9159
meter,0,linear,indexed-cow,8,1153662,796491,315300,17819,24052,166186,140140,1242210,93201
meter,0,spine,trail,8,3229970,3170622,16143,3279,39926,57447,60427,2190340,103142
meter,0,spine,indexed-cow,1,274638,234565,9830,24964,5279,96872,66150,260814,66573
meter,0,small,replay,1,5875166,5828320,2555,35612,8679,5503009,5194349,4626375,23285
meter,0,compatible-small,checkpoint16,1,43782,36463,5439,393,1487,42208,42913,65485,9159
meter,0,compatible-small,trail,1,40730,33022,4485,302,2921,37727,41339,69189,9415
meter,0,deep,indexed,8,23938193,22599589,452148,18885,867571,2441964,2826907,20739094,1271633
meter,0,linear,checkpoint1,1,126399,100199,12736,8970,4494,121812,118103,81927,27727
meter,0,compatible-alias,trail,1,123761,106706,6851,4373,5831,117809,147093,119504,32307
meter,0,small,trail,1,487912,473964,2477,4976,6495,412899,432556,301657,141152
meter,0,compatible-small,checkpoint1,1,38523,31967,4912,328,1316,37123,38685,65485,9159
meter,0,retained,indexed-cow,1,1025253,866338,82529,30327,46059,726662,790398,1370268,999049
meter,0,work,trail,8,90615982,90525388,27303,10206,53085,9770031,11098114,37569001,1523458
meter,0,compatible-alias,checkpoint16,8,845930,775388,60535,1290,8717,103025,108857,826482,32243
meter,0,compatible-alias,indexed,8,1060573,934767,100457,16739,8610,151972,123187,1408015,57287
meter,0,mutation,copy,1,10522984,10389575,26095,23035,84279,10246935,10377803,7402587,206657
meter,0,compatible-large,indexed-cow,1,764829,129507,626093,3889,5340,759313,1790692,239022,126947
meter,0,compatible-small,replay,8,311537,263089,39022,353,9073,38147,38643,520135,9159
meter,0,late,indexed-cow,8,7318633,6950008,311879,20240,36506,878890,917509,7021404,229360
meter,0,retained,trail,8,7457371,6484469,415966,4814,552122,598817,749410,3752859,205828
meter,0,compatible-large,checkpoint1,8,8586217,7293192,1268104,578,24343,1066139,1071564,4634567,121144
meter,0,compatible-alias,checkpoint1,8,839427,765179,62923,1607,9718,96190,112973,826482,32243
meter,0,early,indexed,1,531945,476345,29118,21496,4986,526851,531787,644192,162042
meter,0,retained,trail,1,921599,788464,27293,17140,88702,609429,688631,473387,205828
meter,0,deep,copy,1,3510167,3383455,2887,56554,67271,3277781,3406057,2762660,144874
meter,0,compatible-alias,checkpoint4,1,113762,102639,6313,3026,1784,111866,103705,112104,32243
meter,0,deep,replay,1,157916837,157801544,4244,62282,48767,148895494,156895220,127152756,143338
meter,0,linear,checkpoint4,1,131394,105617,12720,8736,4321,126968,116511,81927,27727
meter,0,mutation,indexed,8,25800134,24485795,880830,42180,391329,2732084,3022761,26765646,1236142
meter,0,late,indexed,1,907817,839383,33156,29539,5739,901943,896065,890267,236446
meter,0,compatible-large,checkpoint16,8,8773930,7406887,1341060,661,25322,1038409,1026854,4634567,121144
meter,0,compatible-small,checkpoint16,8,291004,245740,36618,315,8331,35684,36427,520135,9159
meter,0,compatible-small,indexed,1,78000,61444,12382,1997,2177,75724,72922,68838,27057
meter,0,compatible-alias,copy,1,101785,91307,5851,2821,1806,99878,101244,112216,32355
meter,0,linear,trail,8,1113692,894038,145025,5605,69024,136304,137185,633465,27983
meter,0,mutation,checkpoint4,1,34674448,34535530,29639,27295,81984,34363123,34487680,31406241,213772
meter,0,deep,copy,8,28755042,28368616,22834,5194,358398,3377899,3407047,22067043,144874
meter,0,early,copy,8,8372290,8165448,166688,6614,33540,1022104,1444215,4999144,32775
meter,0,spine,copy,1,328203,307045,3010,11775,6373,63061,49661,232353,20465
meter,0,small,copy,8,2384760,2324018,16653,3269,40820,278941,283100,1771979,21691
meter,0,retained,copy,1,980795,861576,40219,17233,61767,665219,603658,412963,189133
meter,0,early,replay,1,994274,962942,13654,11794,5884,988255,1063310,664990,32655
meter,0,work,checkpoint4,8,84477904,84412092,20278,6482,39052,10447114,10177133,55798057,35477
meter,0,deep,indexed,1,2810806,2651839,9282,15922,133763,2237533,2587881,2605356,1271633
meter,0,work,checkpoint4,1,10469939,10441575,3017,18159,7188,10434774,10510722,6980323,35477
meter,0,compatible-large,checkpoint16,1,1156017,986463,150011,16142,3401,1152492,1044405,579789,121144
meter,0,compatible-large,checkpoint1,1,1162374,975858,182392,796,3328,1158939,1106525,579789,121144
meter,0,small,trail,8,3892565,3831434,15010,3238,42883,441776,403297,2379019,141152
meter,0,deep,trail,1,6207679,6068401,4022,8489,126767,5036566,5930862,3568140,1639223
meter,0,linear,checkpoint16,1,127308,100870,12833,9159,4446,122770,119051,81927,27727
meter,0,mutation,copy,8,88690825,87576803,449465,11635,652922,10304076,11694282,59140455,206657
meter,0,compatible-large,replay,8,8686868,7430569,1230598,410,25291,1072223,1090202,4634567,121144
meter,0,late,checkpoint16,1,13489295,13454454,14767,14404,5670,13483473,13467507,10007276,37409
meter,0,late,replay,1,57914204,57875276,17033,14589,7306,57905822,57510351,40058836,34611
meter,0,small,copy,1,277210,258790,2533,9790,6097,256135,263976,225777,21691
meter,0,work,checkpoint1,8,36051354,35986226,19183,6775,39170,4279035,4325434,24675977,32911
meter,0,spine,checkpoint1,8,2622825,2570268,15508,3481,33568,56749,61014,2251372,20476
meter,0,late,checkpoint4,1,4710028,4674994,13846,13440,7748,4702129,4906638,3951300,37307
meter,0,work,indexed-cow,1,1362758,1303150,7598,44802,7208,1312006,1311953,1056430,192825
meter,0,compatible-alias,replay,8,847538,777978,59643,1275,8642,102827,98836,826482,32243
meter,0,mutation,checkpoint16,8,780058642,779077296,553782,16108,411456,94109775,97838378,599012183,213809
meter,0,linear,replay,1,138385,109484,14309,9606,4986,133289,130523,81927,27727
meter,0,compatible-alias,replay,1,117543,105152,6858,3606,1927,115500,117842,112104,32243
meter,0,linear,indexed,8,1074720,736845,297096,17819,22960,150582,125534,1241834,93177
meter,0,early,trail,8,7560070,7332414,150285,4517,72854,935772,931296,5094056,32607
meter,0,work,copy,8,32742006,32681113,18724,5211,36958,4058359,4010206,21913769,32302
meter,0,deep,replay,8,1302891164,1302418717,40944,5099,426404,155260197,155332651,1017187811,143338
meter,0,early,checkpoint4,8,8001604,7825408,145515,4585,26096,992562,973359,5277640,32655
meter,0,compatible-large,trail,8,8484326,7154083,1273666,498,56079,1042054,1062026,4664199,121208
meter,0,spine,indexed-cow,8,2150195,2001788,101040,13140,34227,73408,73471,1981456,66573
meter,0,late,indexed,8,7482241,7096741,332081,25874,27545,985793,914221,6988660,236446
meter,0,late,checkpoint1,8,19438986,19273681,133877,5437,25991,2439963,2409393,19914358,35946
meter,0,spine,checkpoint4,1,751073,733899,2376,9451,5347,123636,126681,614893,21579
meter,0,mutation,checkpoint16,1,96722884,96565101,27534,24822,105427,96353344,101267951,74886553,213809
meter,0,deep,indexed-cow,8,19720815,18550708,429133,16101,724873,2004439,2321584,18498254,1001585
meter,0,late,indexed-cow,1,869523,804381,31092,28289,5761,863601,878993,894521,229360
meter,0,linear,indexed-cow,1,154277,95168,34116,20069,4924,149248,129950,169607,93201
meter,0,compatible-large,indexed-cow,8,4299633,585871,3686759,2239,24764,517303,522312,1889125,126947
meter,1,spine,checkpoint1,8,2638876,2585730,15790,3199,34157,55448,59439,2251372,20476
meter,1,deep,trail,1,6709890,6574325,3885,8551,123129,5389377,5851174,3568140,1639223
meter,1,early,replay,1,978997,950060,13071,10473,5393,973464,1036648,664990,32655
meter,1,compatible-large,replay,1,1075937,919656,152293,554,3434,1072375,1137274,579789,121144
meter,1,work,copy,8,32705844,32650278,14382,4605,36579,4056454,4018417,21913769,32302
meter,1,spine,indexed,1,302098,265620,8426,22102,5950,87809,75678,256895,73039
meter,1,small,checkpoint4,1,649531,632380,2382,9354,5415,623984,615834,579643,21894
meter,1,work,indexed,1,1467426,1405436,6802,48057,7131,1412845,1338798,1108538,243997
meter,1,compatible-large,copy,1,1218066,1039643,173881,679,3863,1214054,1173583,579901,121256
meter,1,compatible-alias,trail,8,962409,848568,72666,1457,39718,116853,120004,885682,32307
meter,1,linear,checkpoint1,8,932393,786506,119660,4475,21752,110075,115230,616377,27727
meter,1,work,checkpoint1,8,35736874,35676723,16107,6766,37278,4446747,4638053,24675977,32911
meter,1,work,indexed-cow,8,11245255,10953908,229280,23024,39043,1370476,1377666,8325818,192825
meter,1,work,indexed-cow,1,1425337,1362981,8028,46815,7513,1376128,1395778,1056430,192825
meter,1,compatible-alias,indexed-cow,1,181067,146012,13335,19365,2355,178591,151795,198952,57311
meter,1,deep,copy,8,31094632,30597311,34160,7572,455589,4206632,3548406,22067043,144874
meter,1,early,indexed,1,656165,590583,34219,25415,5948,650086,622776,644192,162042
meter,1,work,checkpoint16,8,291401699,291335097,20307,5829,40466,35752878,34989522,190254313,31197
meter,1,spine,replay,1,9909437,9891680,2768,9635,5354,292980,277614,7653720,23004
meter,1,spine,checkpoint16,1,2300359,2283267,2598,9083,5411,282262,275434,1872933,21865
meter,1,compatible-alias,replay,8,871509,797340,63875,1560,8734,118836,98421,826482,32243
meter,1,deep,indexed,1,2764956,2651742,9229,15823,88162,2268535,2597548,2605356,1271633
meter,1,spine,copy,8,2264616,2212508,15770,3289,33049,47524,44471,1824580,20465
meter,1,deep,replay,1,166886223,166774885,3825,59506,48007,157573490,161997657,127152756,143338
meter,1,small,indexed-cow,8,2525174,2302803,166634,15849,39888,283961,276002,2018110,107799
meter,1,compatible-large,trail,1,1183781,1013675,160775,453,8878,1174770,1865732,583493,121208
meter,1,late,checkpoint4,8,38846831,38656270,155990,6180,28391,5001561,4895529,31561302,37307
meter,1,early,indexed-cow,1,518300,457128,31096,24416,5660,512502,514037,587176,147068
meter,1,work,replay,8,5044869203,5044780323,36418,7717,44745,606782691,652875337,3087349833,28913
meter,1,compatible-alias,replay,1,116928,104573,6948,3468,1939,114872,113839,112104,32243
meter,1,early,checkpoint1,1,1565205,1528959,14201,11296,10749,1553988,2181245,653558,32487
meter,1,retained,checkpoint16,8,33773830,32908456,451256,4962,409156,4641170,4385696,18456715,191565
meter,1,small,trail,1,553154,537640,2785,5453,7276,469111,484446,301657,141152
meter,1,compatible-alias,checkpoint1,1,118020,105669,6964,3447,1940,115978,114909,112104,32243
meter,1,early,checkpoint1,8,8809905,8613085,161946,5587,29287,1021635,951707,5186184,32487
meter,1,work,checkpoint4,8,87037875,86970110,21948,6906,38911,10667695,10764769,55798057,35477
meter,1,compatible-alias,copy,8,863122,761620,91275,1279,8948,96891,93527,827378,32355
meter,1,retained,indexed,1,1095480,940427,67857,32434,54762,757119,940142,1468540,1096385
meter,1,late,indexed,1,1144187,1066413,37391,33066,7317,1136673,1105114,890267,236446
meter,1,mutation,trail,8,501134855,499541307,575921,12985,1004642,58950594,60710721,241495463,4224347
meter,1,compatible-alias,checkpoint16,1,109860,98092,6598,3329,1841,107925,107624,112104,32243
meter,1,retained,trail,1,1007052,864377,31048,18811,92816,673919,715705,473387,205828
meter,1,compatible-large,copy,8,14749692,12440310,2249359,633,59390,1211107,1987546,4635463,121256
meter,1,retained,replay,1,9414316,9321955,29182,11828,51351,8643821,8722129,5155801,192321
meter,1,mutation,indexed,1,5867260,5629006,85130,73968,79156,5237489,3449494,3370176,1236142
meter,1,linear,trail,8,1127459,900416,153555,5419,68069,133118,138836,633465,27983
meter,1,spine,replay,8,89103431,89019434,36597,5301,42099,368626,285461,61195516,23004
meter,1,early,replay,8,7580132,7416016,133889,4634,25593,935750,944175,5277640,32655
meter,1,compatible-small,checkpoint4,1,44095,36573,5637,393,1492,42510,43191,65485,9159
meter,1,linear,replay,1,123854,98400,12542,8566,4346,119411,116322,81927,27727
meter,1,retained,indexed,8,9166612,7892272,819432,25191,429717,812932,891489,11644566,1096385
meter,1,compatible-large,replay,8,8739412,7448955,1264832,482,25143,1046523,1100299,4634567,121144
meter,1,linear,indexed,8,1134197,786735,307076,15710,24676,169962,128986,1241834,93177
meter,1,compatible-small,trail,1,45723,37248,4891,332,3252,42377,46911,69189,9415
meter,1,deep,indexed-cow,1,2537361,2420558,8905,16708,91190,2125550,2373678,2325412,1001585
meter,1,deep,trail,8,53302610,52408726,58812,5450,829622,5327620,6086476,28510883,1639223
meter,1,early,checkpoint16,1,1044036,1013827,13451,11162,5596,1038308,1035005,664990,32655
meter,1,late,checkpoint4,1,5041444,5008073,14378,12686,6307,5034960,5062491,3951300,37307
meter,1,retained,checkpoint1,8,8692032,7880049,408514,4878,398591,820224,859932,6484795,191061
meter,1,linear,checkpoint1,1,133619,105932,13376,9603,4708,128796,124514,81927,27727
meter,1,spine,checkpoint4,8,6179184,6120425,16889,3607,38263,127836,133391,4884900,21579
meter,1,work,copy,1,4630617,4603713,2714,16351,7839,4606663,4541973,2744787,32302
meter,1,compatible-large,checkpoint1,1,1022557,868478,150419,432,3228,1019190,990263,579789,121144
meter,1,work,trail,1,11143315,10984926,3088,146608,8693,10177879,11415936,4701691,1523458
meter,1,early,copy,8,7464941,7298813,134947,4301,26880,925164,929157,4999144,32775
meter,1,deep,checkpoint1,8,33542744,33108333,25683,4628,404100,4023555,4042228,26620947,140562
meter,1,mutation,checkpoint4,8,282495897,281601854,420558,12584,460901,39770732,34171157,251169687,213772
meter,1,small,indexed,8,2389494,2182797,156593,13452,36652,278548,289413,2184134,127455
meter,1,work,checkpoint4,1,10451988,10425315,2793,16455,7425,10417612,10907148,6980323,35477
meter,1,compatible-small,replay,1,45805,38118,5687,436,1564,44145,45219,65485,9159
meter,1,compatible-small,checkpoint16,1,43666,36206,5518,391,1551,42019,42934,65485,9159
meter,1,spine,checkpoint4,1,749360,731919,2597,9576,5268,126670,117690,614893,21579
meter,1,late,copy,1,1523590,1492668,12894,12239,5789,1517679,1477617,999388,33749
meter,1,deep,indexed,8,23427909,22203813,440228,14779,769089,2202276,2662573,20739094,1271633
meter,1,compatible-small,copy,8,339612,284982,44053,362,10215,41923,43964,521031,9271
meter,1,spine,indexed,8,2144041,1973068,108820,21867,40286,93665,77893,1951392,73039
meter,1,retained,checkpoint4,8,12881779,12091937,393972,4424,391446,1358298,1523818,8838315,191544
meter,1,late,indexed-cow,1,1014300,940139,34618,33190,6353,1007775,943771,894521,229360
meter,1,mutation,indexed,8,27267725,25892135,890584,39792,445214,2876582,3536613,26765646,1236142
meter,1,linear,checkpoint16,8,1109799,935151,142984,5398,26266,135807,141629,616377,27727
meter,1,compatible-large,checkpoint4,8,9372891,7936338,1405616,597,30340,1152911,1148025,4634567,121144
meter,1,retained,checkpoint1,1,1093570,921315,29756,14805,127694,803677,1173788,814879,191061
meter,1,mutation,indexed-cow,8,27604721,25967753,946842,49086,641040,3284137,5393724,25854278,1123318
meter,1,mutation,checkpoint4,1,34068545,33931282,28348,25486,83429,33759809,34039950,31406241,213772
meter,1,early,copy,1,898810,870821,12766,10162,5061,893636,902518,630178,32775
meter,1,work,checkpoint1,1,4368918,4342883,2260,13763,10012,4343033,4322911,3090063,32911
meter,1,early,trail,8,7361571,7135612,149990,4528,71441,893434,925790,5094056,32607
meter,1,mutation,checkpoint1,1,19146137,19015528,26253,23753,80603,18843786,18561218,20799435,213289
meter,1,small,trail,8,4304427,4235676,16672,3757,48322,461936,484017,2379019,141152
meter,1,compatible-large,checkpoint1,8,8441025,7204049,1212424,430,24122,1013625,1060503,4634567,121144
meter,1,early,checkpoint4,1,957310,926969,13954,11177,5210,951995,945946,664990,32655
meter,1,small,checkpoint1,8,2471487,2418555,13252,3071,36609,294327,290335,2249387,21411
meter,1,compatible-small,copy,1,39630,32821,5039,365,1405,38139,38674,65597,9271
meter,1,linear,checkpoint16,1,133473,102197,18209,8679,4388,128956,116738,81927,27727
meter,1,late,checkpoint1,8,20600408,20414416,150872,7453,27667,2866255,2417258,19914358,35946
meter,1,mutation,copy,1,10418905,10283569,26402,22785,86149,10142143,10215596,7402587,206657
meter,1,compatible-small,checkpoint1,8,311715,263031,39323,429,8932,38627,38605,520135,9159
meter,1,linear,checkpoint4,1,124220,98319,12549,8882,4470,119658,116099,81927,27727
meter,1,small,checkpoint16,8,17001168,16948595,14383,2880,35310,1970616,2061203,14221307,21915
meter,1,spine,indexed-cow,1,280081,243649,8579,21972,5881,84465,77595,260814,66573
meter,1,spine,indexed-cow,8,2076284,1919005,102514,15992,38773,86271,72700,1981456,66573
meter,1,linear,indexed,1,217513,110227,82171,20152,4963,212412,139406,169399,93177
meter,1,linear,checkpoint4,8,1199765,1004402,160111,4603,30649,136254,185544,616377,27727
meter,1,compatible-alias,checkpoint4,1,122895,110011,7174,3588,2122,120629,120413,112104,32243
meter,1,linear,indexed-cow,8,1280568,880994,354088,18751,26735,168699,149297,1242210,93201
meter,1,compatible-small,indexed,8,687414,554609,110337,2304,20164,91018,82894,528941,27057
meter,1,work,indexed,8,11489105,11182498,248730,19973,37904,1374521,1434921,8743970,243997
meter,1,compatible-small,indexed-cow,1,82644,64591,13443,2288,2322,80213,76251,69046,27081
meter,1,compatible-small,checkpoint4,8,304291,257242,38050,316,8683,37419,37970,520135,9159
meter,1,mutation,checkpoint16,8,769167762,768179595,521696,17529,448942,99491807,93772972,599012183,213809
meter,1,late,checkpoint16,8,108532709,108335777,160740,6688,29504,13268839,13174727,80009110,37409
meter,1,deep,checkpoint4,1,9026301,8972939,2486,4073,46803,8744406,8855920,7210056,141348
meter,1,small,indexed-cow,1,273117,235061,6996,25165,5895,245114,262128,265394,107799
meter,1,early,indexed,8,4650444,4311963,295353,16908,26220,598574,588069,5033696,162042
meter,1,mutation,trail,1,59744808,59538624,27175,19103,159906,56071801,58575505,30196963,4224347
meter,1,compatible-small,indexed-cow,8,729589,590108,116109,2768,20604,93876,89807,529317,27081
meter,1,compatible-large,indexed-cow,1,607645,85852,514604,3060,4129,603371,611536,239022,126947
meter,1,late,trail,1,3956659,3915787,12195,17001,11676,3944676,4051356,1852884,176859
meter,1,linear,copy,1,130747,102847,13462,9417,5021,125621,133414,82039,27839
meter,1,mutation,replay,8,28733578698,28732579467,557643,16809,424779,3552250279,3546837172,20063175735,221775
meter,1,small,checkpoint16,1,2107916,2088023,2721,10895,6277,2068713,2135957,1781943,21915
meter,1,retained,indexed-cow,8,8927591,7497137,879936,26621,523897,743709,882807,10857102,999049
meter,1,compatible-large,indexed,1,582969,91568,484836,2745,3820,579030,557071,238814,126763
meter,1,late,copy,8,12551231,12361903,152891,7244,29193,1630837,2410345,7946006,33749
meter,1,work,checkpoint16,1,36736354,36705073,4312,17879,9090,36630985,36113423,23787355,31197
meter,1,compatible-small,checkpoint1,1,54583,47708,5062,354,1459,53011,40020,65485,9159
meter,1,spine,checkpoint16,8,18978131,18910659,19624,4831,43017,314839,299448,14949220,21865
meter,1,compatible-alias,indexed,1,154794,122347,11881,18532,2034,152649,135161,198744,57287
meter,1,linear,trail,1,126707,96230,12418,9613,8446,118165,120313,84063,27983
meter,1,compatible-small,checkpoint16,8,314994,266619,39153,310,8912,37323,37790,520135,9159
meter,1,mutation,checkpoint16,1,93683541,93547140,28495,25268,82638,93356238,98394242,74886553,213809
meter,1,compatible-alias,checkpoint4,8,878219,804511,62978,1463,9267,112802,103919,826482,32243
meter,1,deep,replay,8,1350869598,1350374808,37689,5190,451911,156520189,157642829,1017187811,143338
meter,1,early,trail,1,920703,882637,13921,13610,10535,909948,904075,642042,32607
meter,1,retained,indexed-cow,1,1029700,883019,67885,28357,50439,717201,822142,1370268,999049
meter,1,mutation,indexed-cow,1,3194347,3005930,69573,56817,62027,2781090,3291320,3256416,1123318
meter,1,deep,checkpoint4,8,77614437,77144083,45211,4889,420254,9327132,9481307,57646211,141348
meter,1,work,replay,1,633689149,633658921,4440,16978,8810,627444524,672501552,385924295,28913
meter,1,deep,checkpoint1,1,4578747,4484420,4170,5998,84159,4299119,4554733,3331898,140562
meter,1,retained,copy,1,735066,629491,31739,14191,59645,511021,555466,412963,189133
meter,1,late,replay,8,499387377,499166486,180146,7463,33282,62118221,59420107,320421590,34611
meter,1,small,checkpoint4,8,6143952,6084108,16564,3310,39970,726415,755939,4602907,21894
meter,1,work,trail,8,100364705,100262540,35126,8292,58747,11670598,12215361,37569001,1523458
meter,1,spine,trail,8,3504446,3437400,18192,4216,44638,68403,70879,2190340,103142
meter,1,compatible-small,replay,8,371256,311682,48217,453,10904,44103,45800,520135,9159
meter,1,small,copy,1,356349,334575,2722,11176,7876,328520,363177,225777,21691
meter,1,early,indexed-cow,8,4758585,4357953,348829,21176,30627,614574,587902,4576280,147068
meter,1,late,checkpoint16,1,15080092,15043945,15058,14318,6771,15073182,15066677,10007276,37409
meter,1,late,replay,1,65716636,65661978,25712,21725,7221,65708324,58588218,40058836,34611
meter,1,small,checkpoint1,1,352457,333151,2492,10750,6064,328825,312933,285453,21411
meter,1,late,indexed,8,8143114,7743602,346737,22862,29913,1022128,1000564,6988660,236446
meter,1,small,replay,8,53260968,53201105,17735,3924,38204,5760435,5323729,36976763,23285
meter,1,compatible-small,indexed,1,86412,67959,13821,2183,2449,83861,77814,68838,27057
meter,1,spine,checkpoint1,1,335374,317617,2772,9557,5428,63822,56998,285702,20476
meter,1,linear,indexed-cow,1,330926,197115,84496,40256,9059,321630,245806,169607,93201
meter,1,compatible-small,trail,8,379944,314934,40028,451,24531,45343,48033,549767,9415
meter,1,early,checkpoint4,8,8544447,8357874,153219,4910,28444,1003824,1007979,5277640,32655
meter,1,deep,copy,1,3686274,3547949,2573,57569,78183,3441104,3469718,2762660,144874
meter,1,mutation,replay,1,3501082471,3500977604,29513,22505,52849,3485980748,3477968355,2507906997,221775
meter,1,compatible-large,indexed,8,4277316,591783,3657396,2794,25343,499217,592501,1888749,126763
meter,1,compatible-alias,checkpoint1,8,890806,816151,63857,1429,9369,111968,108138,826482,32243
meter,1,small,replay,1,6260438,6235078,3963,14682,6715,5850296,5796826,4626375,23285
meter,1,compatible-alias,indexed,8,1200376,1036525,136878,17279,9694,170482,140596,1408015,57287
meter,1,retained,checkpoint4,1,1526282,1414514,53005,11022,47741,1320813,1386432,1109069,191544
meter,1,compatible-alias,trail,1,135216,117661,7060,4640,5855,129230,125209,119504,32307
meter,1,spine,copy,1,316063,297501,2805,10457,5300,58228,43982,232353,20465
meter,1,compatible-large,trail,8,8877835,7550888,1267984,438,58525,1068165,1065549,4664199,121208
meter,1,compatible-large,indexed-cow,8,4490453,610501,3846891,2459,30602,511260,543436,1889125,126947
meter,1,linear,replay,8,1082581,908334,142839,5143,26265,130513,152270,616377,27727
meter,1,retained,trail,8,8084536,7030803,444257,5031,604445,739314,738744,3752859,205828
meter,1,deep,checkpoint16,8,239360084,238957711,27284,5715,369374,30498336,28478236,189197123,141533
meter,1,small,copy,8,2070747,2020249,13172,2804,34522,259468,258905,1771979,21691
meter,1,retained,copy,8,6110250,5211599,386654,3689,508308,437376,482370,3269467,189133
meter,1,compatible-large,checkpoint16,1,1141649,986612,150986,356,3695,1137798,1089503,579789,121144
meter,1,mutation,copy,8,83423060,82588537,424831,15624,394068,10278015,10268977,59140455,206657
meter,1,late,checkpoint1,1,2486982,2455559,13435,12104,5884,2480960,2473569,2495432,35946
meter,1,compatible-large,checkpoint4,1,1068158,895252,169151,374,3381,1064667,1038552,579789,121144
meter,1,late,trail,8,32172019,31900215,191481,5448,74875,4047820,4016402,14773974,176859
meter,1,deep,indexed-cow,8,19842992,18713909,384253,15411,729419,2034073,2389344,18498254,1001585
meter,1,spine,trail,1,464484,420849,3079,31429,9127,94945,67233,278073,103142
meter,1,linear,copy,8,976848,824512,123564,6096,22676,124964,114847,617273,27839
meter,1,deep,checkpoint16,1,29511509,29381032,2675,57412,70390,28930417,28656642,23653920,141533
meter,1,mutation,checkpoint1,8,169572483,168498931,513782,11675,548095,19298018,28793626,166315239,213289
meter,1,small,indexed,1,497569,428372,11838,47809,9550,446110,437890,285986,127455
meter,1,compatible-large,checkpoint16,8,13362933,11324218,1998757,1040,38918,1733546,1608995,4634567,121144
meter,1,retained,checkpoint16,1,5348451,5229411,38456,15062,65522,5025174,5029485,2311369,191565
meter,1,compatible-alias,checkpoint16,8,1222439,1118865,88678,2026,12870,154667,150407,826482,32243
meter,1,compatible-alias,indexed-cow,8,1601925,1412413,153154,22656,13702,222459,204419,1408391,57311
meter,1,early,checkpoint16,8,8424169,8237574,151056,5765,29774,1136816,1007309,5277640,32655
meter,1,compatible-alias,copy,1,122000,109472,7221,3349,1958,119912,111316,112216,32355
meter,1,retained,replay,8,78276040,77473746,415875,5403,381016,8575102,8809602,41212171,192321
meter,1,late,indexed-cow,8,7262627,6899592,309332,21115,32588,879992,910717,7021404,229360
