case	mode	pass	exhausted	steps	applications	lifted_applications	lifting_checks	certificate_checks	certificate_terms	barrier_nodes	barrier_rejections	forced_splits	max_delay	introductions	equations	pairs	dereferences	occurs_visits	head_candidates	splits	failed	raw	answers	max_frontier	pending	term_nodes	term_requests	pending_allocations	map_visits	map_allocations	observer_pairs	observer_scans	allocation_calls	requested_bytes	baseline_live	peak_live	final_live	elapsed_us
A01-disconnected-failure	0	true	true	5	1	0	0	1	2	0	0	0	0	1	1	1	3	1	1	0	1	0	0	1	0	1	1	4	2	3	0	0	47	3454	1457	3609	2817	28
A01-disconnected-failure	1	true	true	5	1	0	0	1	2	0	0	0	0	1	1	1	3	1	1	0	1	0	0	1	0	1	1	4	2	3	0	0	47	3454	1457	3609	2817	35
A01-disconnected-failure	8	true	true	5	1	0	0	1	2	0	0	0	0	1	1	1	3	1	1	0	1	0	0	1	0	1	1	4	2	3	0	0	47	3454	1457	3609	2817	15
A01-disconnected-failure	64	true	true	5	1	0	0	1	2	0	0	0	0	1	1	1	3	1	1	0	1	0	0	1	0	1	1	4	2	3	0	0	47	3454	1458	3610	2818	18
A01-disconnected-failure	256	true	true	5	1	0	0	1	2	0	0	0	0	1	1	1	3	1	1	0	1	0	0	1	0	1	1	4	2	3	0	0	47	3454	1459	3611	2819	15
A01-disconnected-failure	Unlimited	true	true	5	1	0	0	1	2	0	0	0	0	1	1	1	3	1	1	0	1	0	0	1	0	1	1	4	2	3	0	0	47	3454	1465	3617	2825	16
A02-pending-failure	0	true	true	7	2	0	0	2	1	0	0	0	0	2	1	1	2	1	2	0	1	0	0	1	0	1	1	5	7	7	0	0	67	4122	1562	3878	3130	19
A02-pending-failure	1	true	true	7	2	0	0	2	1	0	0	0	0	2	1	1	2	1	2	0	1	0	0	1	0	1	1	5	7	7	0	0	67	4122	1562	3878	3130	17
A02-pending-failure	8	true	true	7	2	0	0	2	1	0	0	0	0	2	1	1	2	1	2	0	1	0	0	1	0	1	1	5	7	7	0	0	67	4122	1562	3878	3130	23
A02-pending-failure	64	true	true	7	2	0	0	2	1	0	0	0	0	2	1	1	2	1	2	0	1	0	0	1	0	1	1	5	7	7	0	0	67	4122	1563	3879	3131	22
A02-pending-failure	256	true	true	7	2	0	0	2	1	0	0	0	0	2	1	1	2	1	2	0	1	0	0	1	0	1	1	5	7	7	0	0	67	4122	1564	3880	3132	18
A02-pending-failure	Unlimited	true	true	7	2	0	0	2	1	0	0	0	0	2	1	1	2	1	2	0	1	0	0	1	0	1	1	5	7	7	0	0	67	4122	1570	3886	3138	20
A03-raw-duplicates	0	true	true	7	1	0	0	1	2	0	0	0	0	1	2	2	8	2	1	1	0	2	1	2	0	1	2	4	6	4	2	0	81	5234	1651	4512	3894	16
A03-raw-duplicates	1	true	true	7	1	0	1	1	2	2	0	0	0	1	2	2	8	2	1	1	0	2	1	2	0	1	2	4	6	4	2	0	81	5234	1651	4512	3894	37
A03-raw-duplicates	8	true	true	7	1	0	1	1	2	2	0	0	0	1	2	2	8	2	1	1	0	2	1	2	0	1	2	4	6	4	2	0	81	5234	1651	4512	3894	16
A03-raw-duplicates	64	true	true	7	1	0	1	1	2	2	0	0	0	1	2	2	8	2	1	1	0	2	1	2	0	1	2	4	6	4	2	0	81	5234	1652	4513	3895	16
A03-raw-duplicates	256	true	true	7	1	0	1	1	2	2	0	0	0	1	2	2	8	2	1	1	0	2	1	2	0	1	2	4	6	4	2	0	81	5234	1653	4514	3896	19
A03-raw-duplicates	Unlimited	true	true	7	1	0	1	1	2	2	0	0	0	1	2	2	8	2	1	1	0	2	1	2	0	1	2	4	6	4	2	0	81	5234	1659	4520	3902	13
A04-alpha-residual	0	true	true	7	1	0	0	1	0	0	0	0	0	3	0	0	2	0	1	1	0	2	1	2	0	0	0	4	6	4	1	1	68	3943	1419	3573	3114	16
A04-alpha-residual	1	true	true	7	1	0	1	1	0	1	1	0	0	3	0	0	2	0	1	1	0	2	1	2	0	0	0	4	6	4	1	1	68	3943	1419	3573	3114	14
A04-alpha-residual	8	true	true	7	1	0	1	1	0	1	1	0	0	3	0	0	2	0	1	1	0	2	1	2	0	0	0	4	6	4	1	1	68	3943	1419	3573	3114	18
A04-alpha-residual	64	true	true	7	1	0	1	1	0	1	1	0	0	3	0	0	2	0	1	1	0	2	1	2	0	0	0	4	6	4	1	1	68	3943	1420	3574	3115	12
A04-alpha-residual	256	true	true	7	1	0	1	1	0	1	1	0	0	3	0	0	2	0	1	1	0	2	1	2	0	0	0	4	6	4	1	1	68	3943	1421	3575	3116	16
A04-alpha-residual	Unlimited	true	true	7	1	0	1	1	0	1	1	0	0	3	0	0	2	0	1	1	0	2	1	2	0	0	0	4	6	4	1	1	68	3943	1427	3581	3122	11
C01-correlation	0	true	true	10	1	0	0	1	2	0	0	0	0	1	4	4	12	4	1	1	0	2	2	2	0	2	2	6	14	8	1	0	100	6207	2044	5295	4791	19
C01-correlation	1	true	true	10	1	0	1	1	2	3	0	0	0	1	4	4	12	4	1	1	0	2	2	2	0	2	2	6	14	8	1	0	100	6207	2044	5295	4791	17
C01-correlation	8	true	true	10	1	0	1	1	2	3	0	0	0	1	4	4	12	4	1	1	0	2	2	2	0	2	2	6	14	8	1	0	100	6207	2044	5295	4791	17
C01-correlation	64	true	true	10	1	0	1	1	2	3	0	0	0	1	4	4	12	4	1	1	0	2	2	2	0	2	2	6	14	8	1	0	100	6207	2045	5296	4792	21
C01-correlation	256	true	true	10	1	0	1	1	2	3	0	0	0	1	4	4	12	4	1	1	0	2	2	2	0	2	2	6	14	8	1	0	100	6207	2046	5297	4793	15
C01-correlation	Unlimited	true	true	10	1	0	1	1	2	3	0	0	0	1	4	4	12	4	1	1	0	2	2	2	0	2	2	6	14	8	1	0	100	6207	2052	5303	4799	16
C02-independent	0	true	true	18	3	0	0	1	1	0	0	0	0	2	6	6	17	6	3	3	0	4	4	4	0	2	6	11	34	18	8	0	172	9435	2265	5968	5384	21
C02-independent	1	true	true	18	3	0	3	1	1	6	0	0	0	2	6	6	17	6	3	3	0	4	4	4	0	2	6	11	34	18	8	0	172	9435	2265	5968	5384	23
C02-independent	8	true	true	18	3	0	3	1	1	6	0	0	0	2	6	6	17	6	3	3	0	4	4	4	0	2	6	11	34	18	8	0	172	9435	2265	5968	5384	23
C02-independent	64	true	true	18	3	0	3	1	1	6	0	0	0	2	6	6	17	6	3	3	0	4	4	4	0	2	6	11	34	18	8	0	172	9435	2266	5969	5385	37
C02-independent	256	true	true	18	3	0	3	1	1	6	0	0	0	2	6	6	17	6	3	3	0	4	4	4	0	2	6	11	34	18	8	0	172	9435	2267	5970	5386	16
C02-independent	Unlimited	true	true	18	3	0	3	1	1	6	0	0	0	2	6	6	17	6	3	3	0	4	4	4	0	2	6	11	34	18	8	0	172	9435	2273	5976	5392	26
C03-inactive-label	0	true	true	10	1	0	0	1	2	0	0	0	0	1	3	3	11	3	1	2	0	3	3	3	0	3	3	6	8	5	3	0	107	6505	2254	5746	5306	17
C03-inactive-label	1	true	true	10	1	0	2	1	2	6	0	0	0	1	3	3	11	3	1	2	0	3	3	3	0	3	3	6	8	5	3	0	107	6505	2254	5746	5306	16
C03-inactive-label	8	true	true	10	1	0	2	1	2	6	0	0	0	1	3	3	11	3	1	2	0	3	3	3	0	3	3	6	8	5	3	0	107	6505	2254	5746	5306	19
C03-inactive-label	64	true	true	10	1	0	2	1	2	6	0	0	0	1	3	3	11	3	1	2	0	3	3	3	0	3	3	6	8	5	3	0	107	6505	2255	5747	5307	11
C03-inactive-label	256	true	true	10	1	0	2	1	2	6	0	0	0	1	3	3	11	3	1	2	0	3	3	3	0	3	3	6	8	5	3	0	107	6505	2256	5748	5308	18
C03-inactive-label	Unlimited	true	true	10	1	0	2	1	2	6	0	0	0	1	3	3	11	3	1	2	0	3	3	3	0	3	3	6	8	5	3	0	107	6505	2262	5754	5314	19
C04-recursive-fresh	0	true	true	81	15	0	0	2	5	0	0	0	0	15	22	22	83	36	23	7	0	8	8	8	0	11	26	58	272	138	44	0	775	40348	4845	14606	13690	61
C04-recursive-fresh	1	true	true	81	15	0	7	2	5	21	7	0	0	15	22	22	83	36	23	7	0	8	8	8	0	11	26	58	272	138	44	0	775	40348	4845	14606	13690	70
C04-recursive-fresh	8	true	true	81	15	0	7	2	5	21	7	0	0	15	22	22	83	36	23	7	0	8	8	8	0	11	26	58	272	138	44	0	775	40348	4845	14606	13690	70
C04-recursive-fresh	64	true	true	81	15	0	7	2	5	21	7	0	0	15	22	22	83	36	23	7	0	8	8	8	0	11	26	58	272	138	44	0	775	40348	4846	14607	13691	48
C04-recursive-fresh	256	true	true	81	15	0	7	2	5	21	7	0	0	15	22	22	83	36	23	7	0	8	8	8	0	11	26	58	272	138	44	0	775	40348	4847	14608	13692	60
C04-recursive-fresh	Unlimited	true	true	81	15	0	7	2	5	21	7	0	0	15	22	22	83	36	23	7	0	8	8	8	0	11	26	58	272	138	44	0	775	40348	4853	14614	13698	60
G01-suspended	0	true	true	2	0	0	0	1	0	0	0	0	0	1	0	1	8	0	1	0	0	1	1	1	0	0	0	1	2	1	0	0	50	3644	1682	3700	3476	12
G01-suspended	1	true	true	2	0	0	0	1	0	0	0	0	0	1	0	1	8	0	1	0	0	1	1	1	0	0	0	1	2	1	0	0	50	3644	1682	3700	3476	11
G01-suspended	8	true	true	2	0	0	0	1	0	0	0	0	0	1	0	1	8	0	1	0	0	1	1	1	0	0	0	1	2	1	0	0	50	3644	1682	3700	3476	8
G01-suspended	64	true	true	2	0	0	0	1	0	0	0	0	0	1	0	1	8	0	1	0	0	1	1	1	0	0	0	1	2	1	0	0	50	3644	1683	3701	3477	12
G01-suspended	256	true	true	2	0	0	0	1	0	0	0	0	0	1	0	1	8	0	1	0	0	1	1	1	0	0	0	1	2	1	0	0	50	3644	1684	3702	3478	11
G01-suspended	Unlimited	true	true	2	0	0	0	1	0	0	0	0	0	1	0	1	8	0	1	0	0	1	1	1	0	0	0	1	2	1	0	0	50	3644	1690	3708	3484	11
G02-recheck	0	true	true	7	2	0	0	2	2	0	0	0	0	3	1	3	16	0	3	0	0	1	1	1	0	0	0	4	22	9	0	0	90	5909	2076	4457	4041	17
G02-recheck	1	true	true	7	2	0	0	2	2	0	0	0	0	3	1	3	16	0	3	0	0	1	1	1	0	0	0	4	22	9	0	0	90	5909	2076	4457	4041	18
G02-recheck	8	true	true	7	2	0	0	2	2	0	0	0	0	3	1	3	16	0	3	0	0	1	1	1	0	0	0	4	22	9	0	0	90	5909	2076	4457	4041	18
G02-recheck	64	true	true	7	2	0	0	2	2	0	0	0	0	3	1	3	16	0	3	0	0	1	1	1	0	0	0	4	22	9	0	0	90	5909	2077	4458	4042	16
G02-recheck	256	true	true	7	2	0	0	2	2	0	0	0	0	3	1	3	16	0	3	0	0	1	1	1	0	0	0	4	22	9	0	0	90	5909	2078	4459	4043	24
G02-recheck	Unlimited	true	true	7	2	0	0	2	2	0	0	0	0	3	1	3	16	0	3	0	0	1	1	1	0	0	0	4	22	9	0	0	90	5909	2084	4465	4049	15
H01-distinct-resources	0	true	true	2	0	0	0	1	0	0	0	0	0	1	0	0	0	0	1	0	0	1	1	1	0	1	1	1	3	1	0	0	47	3134	1326	3304	3112	14
H01-distinct-resources	1	true	true	2	0	0	0	1	0	0	0	0	0	1	0	0	0	0	1	0	0	1	1	1	0	1	1	1	3	1	0	0	47	3134	1326	3304	3112	10
H01-distinct-resources	8	true	true	2	0	0	0	1	0	0	0	0	0	1	0	0	0	0	1	0	0	1	1	1	0	1	1	1	3	1	0	0	47	3134	1326	3304	3112	14
H01-distinct-resources	64	true	true	2	0	0	0	1	0	0	0	0	0	1	0	0	0	0	1	0	0	1	1	1	0	1	1	1	3	1	0	0	47	3134	1327	3305	3113	14
H01-distinct-resources	256	true	true	2	0	0	0	1	0	0	0	0	0	1	0	0	0	0	1	0	0	1	1	1	0	1	1	1	3	1	0	0	47	3134	1328	3306	3114	14
H01-distinct-resources	Unlimited	true	true	2	0	0	0	1	0	0	0	0	0	1	0	0	0	0	1	0	0	1	1	1	0	1	1	1	3	1	0	0	47	3134	1334	3312	3120	10
H02-repeated-head-alias	0	true	true	8	2	0	0	2	2	0	0	0	0	4	1	4	20	0	7	0	0	1	1	1	0	0	0	5	35	14	0	0	116	8194	2101	4676	4018	48
H02-repeated-head-alias	1	true	true	8	2	0	0	2	2	0	0	0	0	4	1	4	20	0	7	0	0	1	1	1	0	0	0	5	35	14	0	0	116	8194	2101	4676	4018	26
H02-repeated-head-alias	8	true	true	8	2	0	0	2	2	0	0	0	0	4	1	4	20	0	7	0	0	1	1	1	0	0	0	5	35	14	0	0	116	8194	2101	4676	4018	21
H02-repeated-head-alias	64	true	true	8	2	0	0	2	2	0	0	0	0	4	1	4	20	0	7	0	0	1	1	1	0	0	0	5	35	14	0	0	116	8194	2102	4677	4019	18
H02-repeated-head-alias	256	true	true	8	2	0	0	2	2	0	0	0	0	4	1	4	20	0	7	0	0	1	1	1	0	0	0	5	35	14	0	0	116	8194	2103	4678	4020	21
H02-repeated-head-alias	Unlimited	true	true	8	2	0	0	2	2	0	0	0	0	4	1	4	20	0	7	0	0	1	1	1	0	0	0	5	35	14	0	0	116	8194	2109	4684	4026	18
H03-constructor-wakeup	0	true	true	7	2	0	0	2	2	0	0	0	0	3	1	1	5	1	3	0	0	1	1	1	0	1	1	4	16	9	0	0	90	5175	1697	4132	3760	18
H03-constructor-wakeup	1	true	true	7	2	0	0	2	2	0	0	0	0	3	1	1	5	1	3	0	0	1	1	1	0	1	1	4	16	9	0	0	90	5175	1697	4132	3760	16
H03-constructor-wakeup	8	true	true	7	2	0	0	2	2	0	0	0	0	3	1	1	5	1	3	0	0	1	1	1	0	1	1	4	16	9	0	0	90	5175	1697	4132	3760	16
H03-constructor-wakeup	64	true	true	7	2	0	0	2	2	0	0	0	0	3	1	1	5	1	3	0	0	1	1	1	0	1	1	4	16	9	0	0	90	5175	1698	4133	3761	16
H03-constructor-wakeup	256	true	true	7	2	0	0	2	2	0	0	0	0	3	1	1	5	1	3	0	0	1	1	1	0	1	1	4	16	9	0	0	90	5175	1699	4134	3762	15
H03-constructor-wakeup	Unlimited	true	true	7	2	0	0	2	2	0	0	0	0	3	1	1	5	1	3	0	0	1	1	1	0	1	1	4	16	9	0	0	90	5175	1705	4140	3768	20
H04-inherited-history	0	true	true	10	2	0	0	2	1	0	0	0	0	3	2	2	5	2	5	1	0	2	2	2	0	2	2	6	33	13	1	0	134	7437	2066	5570	4918	17
H04-inherited-history	1	true	true	10	2	0	1	2	1	2	0	0	0	3	2	2	5	2	5	1	0	2	2	2	0	2	2	6	33	13	1	0	134	7437	2066	5570	4918	20
H04-inherited-history	8	true	true	10	2	0	1	2	1	2	0	0	0	3	2	2	5	2	5	1	0	2	2	2	0	2	2	6	33	13	1	0	134	7437	2066	5570	4918	16
H04-inherited-history	64	true	true	10	2	0	1	2	1	2	0	0	0	3	2	2	5	2	5	1	0	2	2	2	0	2	2	6	33	13	1	0	134	7437	2067	5571	4919	21
H04-inherited-history	256	true	true	10	2	0	1	2	1	2	0	0	0	3	2	2	5	2	5	1	0	2	2	2	0	2	2	6	33	13	1	0	134	7437	2068	5572	4920	28
H04-inherited-history	Unlimited	true	true	10	2	0	1	2	1	2	0	0	0	3	2	2	5	2	5	1	0	2	2	2	0	2	2	6	33	13	1	0	134	7437	2074	5578	4926	19
H05-conditional-history	0	true	true	10	2	0	0	2	1	0	0	0	0	3	2	2	11	2	5	1	0	2	2	2	0	2	2	6	29	11	0	0	136	7348	2214	5877	5209	15
H05-conditional-history	1	true	true	10	2	0	1	2	1	2	0	0	0	3	2	2	11	2	5	1	0	2	2	2	0	2	2	6	29	11	0	0	136	7348	2214	5877	5209	24
H05-conditional-history	8	true	true	10	2	0	1	2	1	2	0	0	0	3	2	2	11	2	5	1	0	2	2	2	0	2	2	6	29	11	0	0	136	7348	2214	5877	5209	22
H05-conditional-history	64	true	true	10	2	0	1	2	1	2	0	0	0	3	2	2	11	2	5	1	0	2	2	2	0	2	2	6	29	11	0	0	136	7348	2215	5878	5210	23
H05-conditional-history	256	true	true	10	2	0	1	2	1	2	0	0	0	3	2	2	11	2	5	1	0	2	2	2	0	2	2	6	29	11	0	0	136	7348	2216	5879	5211	25
H05-conditional-history	Unlimited	true	true	10	2	0	1	2	1	2	0	0	0	3	2	2	11	2	5	1	0	2	2	2	0	2	2	6	29	11	0	0	136	7348	2222	5885	5217	28
H06-conditional-consumption	0	true	true	10	2	0	0	2	0	0	0	0	0	5	0	0	0	0	5	1	0	2	2	2	0	0	0	6	30	13	0	0	109	6178	1793	4567	4103	18
H06-conditional-consumption	1	true	true	10	2	0	1	2	0	1	1	0	0	5	0	0	0	0	5	1	0	2	2	2	0	0	0	6	30	13	0	0	109	6178	1793	4567	4103	19
H06-conditional-consumption	8	true	true	10	2	0	1	2	0	1	1	0	0	5	0	0	0	0	5	1	0	2	2	2	0	0	0	6	30	13	0	0	109	6178	1793	4567	4103	15
H06-conditional-consumption	64	true	true	10	2	0	1	2	0	1	1	0	0	5	0	0	0	0	5	1	0	2	2	2	0	0	0	6	30	13	0	0	109	6178	1794	4568	4104	19
H06-conditional-consumption	256	true	true	10	2	0	1	2	0	1	1	0	0	5	0	0	0	0	5	1	0	2	2	2	0	0	0	6	30	13	0	0	109	6178	1795	4569	4105	20
H06-conditional-consumption	Unlimited	true	true	10	2	0	1	2	0	1	1	0	0	5	0	0	0	0	5	1	0	2	2	2	0	0	0	6	30	13	0	0	109	6178	1801	4575	4111	17
M01-committed	0	true	true	4	1	0	0	2	2	0	0	0	0	1	1	1	3	1	1	0	0	1	1	1	0	1	1	2	3	3	0	0	61	4011	1524	3671	3467	11
M01-committed	1	true	true	4	1	0	0	2	2	0	0	0	0	1	1	1	3	1	1	0	0	1	1	1	0	1	1	2	3	3	0	0	61	4011	1524	3671	3467	13
M01-committed	8	true	true	4	1	0	0	2	2	0	0	0	0	1	1	1	3	1	1	0	0	1	1	1	0	1	1	2	3	3	0	0	61	4011	1524	3671	3467	13
M01-committed	64	true	true	4	1	0	0	2	2	0	0	0	0	1	1	1	3	1	1	0	0	1	1	1	0	1	1	2	3	3	0	0	61	4011	1525	3672	3468	13
M01-committed	256	true	true	4	1	0	0	2	2	0	0	0	0	1	1	1	3	1	1	0	0	1	1	1	0	1	1	2	3	3	0	0	61	4011	1526	3673	3469	12
M01-committed	Unlimited	true	true	4	1	0	0	2	2	0	0	0	0	1	1	1	3	1	1	0	0	1	1	1	0	1	1	2	3	3	0	0	61	4011	1532	3679	3475	14
M02-nonbinding	0	true	true	2	0	0	0	1	1	0	0	0	0	1	0	0	3	0	1	0	0	1	1	1	0	0	0	1	2	1	0	0	42	2726	1326	2918	2726	11
M02-nonbinding	1	true	true	2	0	0	0	1	1	0	0	0	0	1	0	0	3	0	1	0	0	1	1	1	0	0	0	1	2	1	0	0	42	2726	1326	2918	2726	13
M02-nonbinding	8	true	true	2	0	0	0	1	1	0	0	0	0	1	0	0	3	0	1	0	0	1	1	1	0	0	0	1	2	1	0	0	42	2726	1326	2918	2726	12
M02-nonbinding	64	true	true	2	0	0	0	1	1	0	0	0	0	1	0	0	3	0	1	0	0	1	1	1	0	0	0	1	2	1	0	0	42	2726	1327	2919	2727	11
M02-nonbinding	256	true	true	2	0	0	0	1	1	0	0	0	0	1	0	0	3	0	1	0	0	1	1	1	0	0	0	1	2	1	0	0	42	2726	1328	2920	2728	15
M02-nonbinding	Unlimited	true	true	2	0	0	0	1	1	0	0	0	0	1	0	0	3	0	1	0	0	1	1	1	0	0	0	1	2	1	0	0	42	2726	1334	2926	2734	10
S01-finite-sibling	0	true	false	200	98	0	0	3	1	0	0	0	0	99	1	1	3	1	98	1	0	1	1	2	1	1	1	101	1272	778	0	0	2396	94290	1700	12490	12010	90
S01-finite-sibling	1	true	false	200	98	0	1	3	1	1	1	0	0	99	1	1	3	1	98	1	0	1	1	2	1	1	1	101	1272	778	0	0	2396	94290	1700	12490	12010	141
S01-finite-sibling	8	true	false	200	98	0	1	3	1	1	1	0	0	99	1	1	3	1	98	1	0	1	1	2	1	1	1	101	1272	778	0	0	2396	94290	1700	12490	12010	156
S01-finite-sibling	64	true	false	200	98	0	1	3	1	1	1	0	0	99	1	1	3	1	98	1	0	1	1	2	1	1	1	101	1272	778	0	0	2396	94290	1701	12491	12011	139
S01-finite-sibling	256	true	false	200	98	0	1	3	1	1	1	0	0	99	1	1	3	1	98	1	0	1	1	2	1	1	1	101	1272	778	0	0	2396	94290	1702	12492	12012	153
S01-finite-sibling	Unlimited	true	false	200	98	0	1	3	1	1	1	0	0	99	1	1	3	1	98	1	0	1	1	2	1	1	1	101	1272	778	0	0	2396	94290	1708	12498	12018	181
U01-clash	0	true	true	3	1	0	0	1	2	0	0	0	0	1	1	1	2	0	1	0	1	0	0	1	0	2	2	2	2	2	0	0	43	2941	1236	3119	2407	15
U01-clash	1	true	true	3	1	0	0	1	2	0	0	0	0	1	1	1	2	0	1	0	1	0	0	1	0	2	2	2	2	2	0	0	43	2941	1236	3119	2407	12
U01-clash	8	true	true	3	1	0	0	1	2	0	0	0	0	1	1	1	2	0	1	0	1	0	0	1	0	2	2	2	2	2	0	0	43	2941	1236	3119	2407	14
U01-clash	64	true	true	3	1	0	0	1	2	0	0	0	0	1	1	1	2	0	1	0	1	0	0	1	0	2	2	2	2	2	0	0	43	2941	1237	3120	2408	11
U01-clash	256	true	true	3	1	0	0	1	2	0	0	0	0	1	1	1	2	0	1	0	1	0	0	1	0	2	2	2	2	2	0	0	43	2941	1238	3121	2409	8
U01-clash	Unlimited	true	true	3	1	0	0	1	2	0	0	0	0	1	1	1	2	0	1	0	1	0	0	1	0	2	2	2	2	2	0	0	43	2941	1244	3127	2415	11
U02-self	0	true	true	4	1	0	0	1	2	0	0	0	0	1	1	1	6	0	1	0	0	1	1	1	0	0	0	2	2	2	0	0	46	3392	1436	3045	2853	11
U02-self	1	true	true	4	1	0	0	1	2	0	0	0	0	1	1	1	6	0	1	0	0	1	1	1	0	0	0	2	2	2	0	0	46	3392	1436	3045	2853	16
U02-self	8	true	true	4	1	0	0	1	2	0	0	0	0	1	1	1	6	0	1	0	0	1	1	1	0	0	0	2	2	2	0	0	46	3392	1436	3045	2853	12
U02-self	64	true	true	4	1	0	0	1	2	0	0	0	0	1	1	1	6	0	1	0	0	1	1	1	0	0	0	2	2	2	0	0	46	3392	1437	3046	2854	12
U02-self	256	true	true	4	1	0	0	1	2	0	0	0	0	1	1	1	6	0	1	0	0	1	1	1	0	0	0	2	2	2	0	0	46	3392	1438	3047	2855	18
U02-self	Unlimited	true	true	4	1	0	0	1	2	0	0	0	0	1	1	1	6	0	1	0	0	1	1	1	0	0	0	2	2	2	0	0	46	3392	1444	3053	2861	10
U03-alias	0	true	true	6	1	0	0	1	2	0	0	0	0	1	2	2	8	3	1	0	0	1	1	1	0	2	2	4	9	5	0	0	77	4760	1731	4276	3964	17
U03-alias	1	true	true	6	1	0	0	1	2	0	0	0	0	1	2	2	8	3	1	0	0	1	1	1	0	2	2	4	9	5	0	0	77	4760	1731	4276	3964	17
U03-alias	8	true	true	6	1	0	0	1	2	0	0	0	0	1	2	2	8	3	1	0	0	1	1	1	0	2	2	4	9	5	0	0	77	4760	1731	4276	3964	23
U03-alias	64	true	true	6	1	0	0	1	2	0	0	0	0	1	2	2	8	3	1	0	0	1	1	1	0	2	2	4	9	5	0	0	77	4760	1732	4277	3965	16
U03-alias	256	true	true	6	1	0	0	1	2	0	0	0	0	1	2	2	8	3	1	0	0	1	1	1	0	2	2	4	9	5	0	0	77	4760	1733	4278	3966	15
U03-alias	Unlimited	true	true	6	1	0	0	1	2	0	0	0	0	1	2	2	8	3	1	0	0	1	1	1	0	2	2	4	9	5	0	0	77	4760	1739	4284	3972	16
U04-occurs	0	true	true	5	1	0	0	1	2	0	0	0	0	1	2	2	7	4	1	0	1	0	0	1	0	1	1	4	5	3	0	0	53	3634	1477	3709	2917	14
U04-occurs	1	true	true	5	1	0	0	1	2	0	0	0	0	1	2	2	7	4	1	0	1	0	0	1	0	1	1	4	5	3	0	0	53	3634	1477	3709	2917	15
U04-occurs	8	true	true	5	1	0	0	1	2	0	0	0	0	1	2	2	7	4	1	0	1	0	0	1	0	1	1	4	5	3	0	0	53	3634	1477	3709	2917	13
U04-occurs	64	true	true	5	1	0	0	1	2	0	0	0	0	1	2	2	7	4	1	0	1	0	0	1	0	1	1	4	5	3	0	0	53	3634	1478	3710	2918	27
U04-occurs	256	true	true	5	1	0	0	1	2	0	0	0	0	1	2	2	7	4	1	0	1	0	0	1	0	1	1	4	5	3	0	0	53	3634	1479	3711	2919	11
U04-occurs	Unlimited	true	true	5	1	0	0	1	2	0	0	0	0	1	2	2	7	4	1	0	1	0	0	1	0	1	1	4	5	3	0	0	53	3634	1485	3717	2925	20
U05-conditional-occurs	0	true	true	6	1	0	0	1	2	0	0	0	0	1	2	2	7	3	1	1	1	1	1	2	0	2	2	4	4	3	0	0	73	4868	1707	4280	4032	19
U05-conditional-occurs	1	true	true	6	1	0	1	1	2	2	0	0	0	1	2	2	7	3	1	1	1	1	1	2	0	2	2	4	4	3	0	0	73	4868	1707	4280	4032	21
U05-conditional-occurs	8	true	true	6	1	0	1	1	2	2	0	0	0	1	2	2	7	3	1	1	1	1	1	2	0	2	2	4	4	3	0	0	73	4868	1707	4280	4032	18
U05-conditional-occurs	64	true	true	6	1	0	1	1	2	2	0	0	0	1	2	2	7	3	1	1	1	1	1	2	0	2	2	4	4	3	0	0	73	4868	1708	4281	4033	19
U05-conditional-occurs	256	true	true	6	1	0	1	1	2	2	0	0	0	1	2	2	7	3	1	1	1	1	1	2	0	2	2	4	4	3	0	0	73	4868	1709	4282	4034	17
U05-conditional-occurs	Unlimited	true	true	6	1	0	1	1	2	2	0	0	0	1	2	2	7	3	1	1	1	1	1	2	0	2	2	4	4	3	0	0	73	4868	1715	4288	4040	21
U06-union-cycle	0	true	true	7	1	0	0	1	2	0	0	0	0	1	2	2	12	4	1	1	0	2	2	2	0	2	2	4	8	4	1	0	92	5715	2042	5385	4945	17
U06-union-cycle	1	true	true	7	1	0	1	1	2	2	0	0	0	1	2	2	12	4	1	1	0	2	2	2	0	2	2	4	8	4	1	0	92	5715	2042	5385	4945	32
U06-union-cycle	8	true	true	7	1	0	1	1	2	2	0	0	0	1	2	2	12	4	1	1	0	2	2	2	0	2	2	4	8	4	1	0	92	5715	2042	5385	4945	21
U06-union-cycle	64	true	true	7	1	0	1	1	2	2	0	0	0	1	2	2	12	4	1	1	0	2	2	2	0	2	2	4	8	4	1	0	92	5715	2043	5386	4946	17
U06-union-cycle	256	true	true	7	1	0	1	1	2	2	0	0	0	1	2	2	12	4	1	1	0	2	2	2	0	2	2	4	8	4	1	0	92	5715	2044	5387	4947	24
U06-union-cycle	Unlimited	true	true	7	1	0	1	1	2	2	0	0	0	1	2	2	12	4	1	1	0	2	2	2	0	2	2	4	8	4	1	0	92	5715	2050	5393	4953	18
V01-fresh	0	true	true	7	2	0	0	1	0	0	0	0	0	4	0	0	2	0	2	0	0	1	1	1	0	0	0	4	15	12	0	0	70	4163	1298	3126	2742	14
V01-fresh	1	true	true	7	2	0	0	1	0	0	0	0	0	4	0	0	2	0	2	0	0	1	1	1	0	0	0	4	15	12	0	0	70	4163	1298	3126	2742	13
V01-fresh	8	true	true	7	2	0	0	1	0	0	0	0	0	4	0	0	2	0	2	0	0	1	1	1	0	0	0	4	15	12	0	0	70	4163	1298	3126	2742	13
V01-fresh	64	true	true	7	2	0	0	1	0	0	0	0	0	4	0	0	2	0	2	0	0	1	1	1	0	0	0	4	15	12	0	0	70	4163	1299	3127	2743	13
V01-fresh	256	true	true	7	2	0	0	1	0	0	0	0	0	4	0	0	2	0	2	0	0	1	1	1	0	0	0	4	15	12	0	0	70	4163	1300	3128	2744	13
V01-fresh	Unlimited	true	true	7	2	0	0	1	0	0	0	0	0	4	0	0	2	0	2	0	0	1	1	1	0	0	0	4	15	12	0	0	70	4163	1306	3134	2750	17
app-add-decompose	0	true	true	40	4	0	0	2	6	0	0	0	0	4	16	19	44	28	4	4	1	4	4	2	0	12	16	33	138	63	10	0	419	22132	4368	12796	11668	44
app-add-decompose	1	true	true	40	4	0	4	2	6	28	4	0	0	4	16	19	44	28	4	4	1	4	4	2	0	12	16	33	138	63	10	0	419	22132	4368	12796	11668	44
app-add-decompose	8	true	true	40	4	0	4	2	6	28	4	0	0	4	16	19	44	28	4	4	1	4	4	2	0	12	16	33	138	63	10	0	419	22132	4368	12796	11668	41
app-add-decompose	64	true	true	40	4	0	4	2	6	28	4	0	0	4	16	19	44	28	4	4	1	4	4	2	0	12	16	33	138	63	10	0	419	22132	4369	12797	11669	43
app-add-decompose	256	true	true	40	4	0	4	2	6	28	4	0	0	4	16	19	44	28	4	4	1	4	4	2	0	12	16	33	138	63	10	0	419	22132	4370	12798	11670	43
app-add-decompose	Unlimited	true	true	40	4	0	4	2	6	28	4	0	0	4	16	19	44	28	4	4	1	4	4	2	0	12	16	33	138	63	10	0	419	22132	4376	12804	11676	45
app-add-failure	0	true	true	24	3	0	0	2	6	0	0	0	0	3	9	14	12	9	3	3	4	0	0	2	0	10	16	25	33	24	0	0	218	13576	3013	8899	7447	28
app-add-failure	1	true	true	24	3	0	3	2	6	21	3	0	0	3	9	14	12	9	3	3	4	0	0	2	0	10	16	25	33	24	0	0	218	13576	3013	8899	7447	29
app-add-failure	8	true	true	24	3	0	3	2	6	21	3	0	0	3	9	14	12	9	3	3	4	0	0	2	0	10	16	25	33	24	0	0	218	13576	3013	8899	7447	28
app-add-failure	64	true	true	24	3	0	3	2	6	21	3	0	0	3	9	14	12	9	3	3	4	0	0	2	0	10	16	25	33	24	0	0	218	13576	3014	8900	7448	31
app-add-failure	256	true	true	24	3	0	3	2	6	21	3	0	0	3	9	14	12	9	3	3	4	0	0	2	0	10	16	25	33	24	0	0	218	13576	3015	8901	7449	40
app-add-failure	Unlimited	true	true	24	3	0	3	2	6	21	3	0	0	3	9	14	12	9	3	3	4	0	0	2	0	10	16	25	33	24	0	0	218	13576	3021	8907	7455	29
app-add-forward	0	true	true	25	3	0	0	2	6	0	0	0	0	3	9	11	15	11	3	3	3	1	1	2	0	10	16	25	41	27	0	0	256	15101	3385	9473	8853	28
app-add-forward	1	true	true	25	3	0	3	2	6	21	3	0	0	3	9	11	15	11	3	3	3	1	1	2	0	10	16	25	41	27	0	0	256	15101	3385	9473	8853	30
app-add-forward	8	true	true	25	3	0	3	2	6	21	3	0	0	3	9	11	15	11	3	3	3	1	1	2	0	10	16	25	41	27	0	0	256	15101	3385	9473	8853	29
app-add-forward	64	true	true	25	3	0	3	2	6	21	3	0	0	3	9	11	15	11	3	3	3	1	1	2	0	10	16	25	41	27	0	0	256	15101	3386	9474	8854	34
app-add-forward	256	true	true	25	3	0	3	2	6	21	3	0	0	3	9	11	15	11	3	3	3	1	1	2	0	10	16	25	41	27	0	0	256	15101	3387	9475	8855	29
app-add-forward	Unlimited	true	true	25	3	0	3	2	6	21	3	0	0	3	9	11	15	11	3	3	3	1	1	2	0	10	16	25	41	27	0	0	256	15101	3393	9481	8861	31
app-add-left	0	true	true	55	6	0	0	2	6	0	0	0	0	6	24	38	37	33	6	6	6	1	1	2	0	18	28	49	159	99	0	0	469	28816	3379	12785	10505	105
app-add-left	1	true	true	55	6	0	6	2	6	42	6	0	0	6	24	38	37	33	6	6	6	1	1	2	0	18	28	49	159	99	0	0	469	28816	3379	12785	10505	148
app-add-left	8	true	true	55	6	0	6	2	6	42	6	0	0	6	24	38	37	33	6	6	6	1	1	2	0	18	28	49	159	99	0	0	469	28816	3379	12785	10505	104
app-add-left	64	true	true	55	6	0	6	2	6	42	6	0	0	6	24	38	37	33	6	6	6	1	1	2	0	18	28	49	159	99	0	0	469	28816	3380	12786	10506	104
app-add-left	256	true	true	55	6	0	6	2	6	42	6	0	0	6	24	38	37	33	6	6	6	1	1	2	0	18	28	49	159	99	0	0	469	28816	3381	12787	10507	82
app-add-left	Unlimited	true	true	55	6	0	6	2	6	42	6	0	0	6	24	38	37	33	6	6	6	1	1	2	0	18	28	49	159	99	0	0	469	28816	3387	12793	10513	117
app-add-repeated	0	true	true	46	5	0	0	2	6	0	0	0	0	5	20	28	38	25	5	5	5	1	1	2	0	15	20	41	130	73	0	0	380	23454	3190	12130	9446	76
app-add-repeated	1	true	true	46	5	0	5	2	6	35	5	0	0	5	20	28	38	25	5	5	5	1	1	2	0	15	20	41	130	73	0	0	380	23454	3190	12130	9446	89
app-add-repeated	8	true	true	46	5	0	5	2	6	35	5	0	0	5	20	28	38	25	5	5	5	1	1	2	0	15	20	41	130	73	0	0	380	23454	3190	12130	9446	106
app-add-repeated	64	true	true	46	5	0	5	2	6	35	5	0	0	5	20	28	38	25	5	5	5	1	1	2	0	15	20	41	130	73	0	0	380	23454	3191	12131	9447	96
app-add-repeated	256	true	true	46	5	0	5	2	6	35	5	0	0	5	20	28	38	25	5	5	5	1	1	2	0	15	20	41	130	73	0	0	380	23454	3192	12132	9448	99
app-add-repeated	Unlimited	true	true	46	5	0	5	2	6	35	5	0	0	5	20	28	38	25	5	5	5	1	1	2	0	15	20	41	130	73	0	0	380	23454	3198	12138	9454	98
app-add-right	0	true	true	25	3	0	0	2	6	0	0	0	0	3	9	13	13	16	3	3	3	1	1	2	0	12	18	25	37	26	0	0	261	15183	3381	9341	8721	36
app-add-right	1	true	true	25	3	0	3	2	6	21	3	0	0	3	9	13	13	16	3	3	3	1	1	2	0	12	18	25	37	26	0	0	261	15183	3381	9341	8721	33
app-add-right	8	true	true	25	3	0	3	2	6	21	3	0	0	3	9	13	13	16	3	3	3	1	1	2	0	12	18	25	37	26	0	0	261	15183	3381	9341	8721	31
app-add-right	64	true	true	25	3	0	3	2	6	21	3	0	0	3	9	13	13	16	3	3	3	1	1	2	0	12	18	25	37	26	0	0	261	15183	3382	9342	8722	34
app-add-right	256	true	true	25	3	0	3	2	6	21	3	0	0	3	9	13	13	16	3	3	3	1	1	2	0	12	18	25	37	26	0	0	261	15183	3383	9343	8723	32
app-add-right	Unlimited	true	true	25	3	0	3	2	6	21	3	0	0	3	9	13	13	16	3	3	3	1	1	2	0	12	18	25	37	26	0	0	261	15183	3389	9349	8729	35
app-infer-identity	0	true	true	54	5	0	0	1	2	0	0	0	0	5	18	32	44	25	5	10	10	1	1	3	0	54	65	61	161	74	0	0	594	38347	3887	19373	18145	128
app-infer-identity	1	true	true	54	5	0	10	1	2	80	10	0	0	5	18	32	44	25	5	10	10	1	1	3	0	54	65	61	161	74	0	0	594	38347	3887	19373	18145	125
app-infer-identity	8	true	true	54	5	0	10	1	2	80	10	0	0	5	18	32	44	25	5	10	10	1	1	3	0	54	65	61	161	74	0	0	594	38347	3887	19373	18145	134
app-infer-identity	64	true	true	54	5	0	10	1	2	80	10	0	0	5	18	32	44	25	5	10	10	1	1	3	0	54	65	61	161	74	0	0	594	38347	3888	19374	18146	122
app-infer-identity	256	true	true	54	5	0	10	1	2	80	10	0	0	5	18	32	44	25	5	10	10	1	1	3	0	54	65	61	161	74	0	0	594	38347	3889	19375	18147	123
app-infer-identity	Unlimited	true	true	54	5	0	10	1	2	80	10	0	0	5	18	32	44	25	5	10	10	1	1	3	0	54	65	61	161	74	0	0	594	38347	3895	19381	18153	122
app-lambda-identity	0	true	true	112	6	0	0	22	42	0	0	0	0	7	37	61	42	31	14	28	28	1	1	6	0	64	117	151	205	87	0	0	1320	78525	15548	52779	46329	170
app-lambda-identity	1	true	true	112	6	0	28	22	42	132	28	0	0	7	37	61	42	31	14	28	28	1	1	6	0	64	117	151	205	87	0	0	1320	78525	15548	52779	46329	177
app-lambda-identity	8	true	true	112	6	0	28	22	42	132	28	0	0	7	37	61	42	31	14	28	28	1	1	6	0	64	117	151	205	87	0	0	1320	78525	15548	52779	46329	175
app-lambda-identity	64	true	true	112	6	0	28	22	42	132	28	0	0	7	37	61	42	31	14	28	28	1	1	6	0	64	117	151	205	87	0	0	1320	78525	15549	52780	46330	174
app-lambda-identity	256	true	true	112	6	0	28	22	42	132	28	0	0	7	37	61	42	31	14	28	28	1	1	6	0	64	117	151	205	87	0	0	1320	78525	15550	52781	46331	146
app-lambda-identity	Unlimited	true	true	112	6	0	28	22	42	132	28	0	0	7	37	61	42	31	14	28	28	1	1	6	0	64	117	151	205	87	0	0	1320	78525	15556	52787	46337	140
app-lambda-norm-residual	0	true	true	2	0	0	0	22	42	0	0	0	0	1	0	0	0	0	5	0	0	1	1	1	0	1	1	1	16	1	0	0	289	19834	15294	31577	31385	84
app-lambda-norm-residual	1	true	true	2	0	0	0	22	42	0	0	0	0	1	0	0	0	0	5	0	0	1	1	1	0	1	1	1	16	1	0	0	289	19834	15294	31577	31385	81
app-lambda-norm-residual	8	true	true	2	0	0	0	22	42	0	0	0	0	1	0	0	0	0	5	0	0	1	1	1	0	1	1	1	16	1	0	0	289	19834	15294	31577	31385	81
app-lambda-norm-residual	64	true	true	2	0	0	0	22	42	0	0	0	0	1	0	0	0	0	5	0	0	1	1	1	0	1	1	1	16	1	0	0	289	19834	15295	31578	31386	81
app-lambda-norm-residual	256	true	true	2	0	0	0	22	42	0	0	0	0	1	0	0	0	0	5	0	0	1	1	1	0	1	1	1	16	1	0	0	289	19834	15296	31579	31387	81
app-lambda-norm-residual	Unlimited	true	true	2	0	0	0	22	42	0	0	0	0	1	0	0	0	0	5	0	0	1	1	1	0	1	1	1	16	1	0	0	289	19834	15302	31585	31393	81
app-sk-duplication	0	true	true	431	19	0	0	6	11	0	0	0	0	19	139	475	468	424	19	117	117	1	1	5	0	451	867	587	3371	1052	0	0	5793	404724	13879	174134	140574	603
app-sk-duplication	1	true	true	431	19	0	117	6	11	478	117	0	0	19	139	475	468	424	19	117	117	1	1	5	0	451	867	587	3371	1052	0	0	5793	404724	13879	174134	140574	575
app-sk-duplication	8	true	true	431	19	0	117	6	11	478	117	0	0	19	139	475	468	424	19	117	117	1	1	5	0	451	867	587	3371	1052	0	0	5793	404724	13879	174134	140574	362
app-sk-duplication	64	true	true	431	19	0	117	6	11	478	117	0	0	19	139	475	468	424	19	117	117	1	1	5	0	451	867	587	3371	1052	0	0	5793	404724	13880	174135	140575	572
app-sk-duplication	256	true	true	431	19	0	117	6	11	478	117	0	0	19	139	475	468	424	19	117	117	1	1	5	0	451	867	587	3371	1052	0	0	5793	404724	13881	174136	140576	571
app-sk-duplication	Unlimited	true	true	431	19	0	117	6	11	478	117	0	0	19	139	475	468	424	19	117	117	1	1	5	0	451	867	587	3371	1052	0	0	5793	404724	13887	174142	140582	564
app-sk-identity	0	true	true	177	7	0	0	6	11	0	0	0	0	7	57	190	159	109	7	49	49	1	1	5	0	191	366	243	756	251	0	0	2327	146894	13334	69809	66065	260
app-sk-identity	1	true	true	177	7	0	49	6	11	198	49	0	0	7	57	190	159	109	7	49	49	1	1	5	0	191	366	243	756	251	0	0	2327	146894	13334	69809	66065	262
app-sk-identity	8	true	true	177	7	0	49	6	11	198	49	0	0	7	57	190	159	109	7	49	49	1	1	5	0	191	366	243	756	251	0	0	2327	146894	13334	69809	66065	279
app-sk-identity	64	true	true	177	7	0	49	6	11	198	49	0	0	7	57	190	159	109	7	49	49	1	1	5	0	191	366	243	756	251	0	0	2327	146894	13335	69810	66066	329
app-sk-identity	256	true	true	177	7	0	49	6	11	198	49	0	0	7	57	190	159	109	7	49	49	1	1	5	0	191	366	243	756	251	0	0	2327	146894	13336	69811	66067	501
app-sk-identity	Unlimited	true	true	177	7	0	49	6	11	198	49	0	0	7	57	190	159	109	7	49	49	1	1	5	0	191	366	243	756	251	0	0	2327	146894	13342	69817	66073	300
app-sk-ignored-hole	0	true	true	546	32	0	0	6	11	0	0	0	0	33	166	585	642	562	76	141	141	1	1	5	0	540	1054	725	4719	1407	0	0	7332	520389	14882	179263	172463	694
app-sk-ignored-hole	1	true	true	546	32	0	141	6	11	574	141	0	0	33	166	585	642	562	76	141	141	1	1	5	0	540	1054	725	4719	1407	0	0	7332	520389	14882	179263	172463	695
app-sk-ignored-hole	8	true	true	546	32	0	141	6	11	574	141	0	0	33	166	585	642	562	76	141	141	1	1	5	0	540	1054	725	4719	1407	0	0	7332	520389	14882	179263	172463	708
app-sk-ignored-hole	64	true	true	546	32	0	141	6	11	574	141	0	0	33	166	585	642	562	76	141	141	1	1	5	0	540	1054	725	4719	1407	0	0	7332	520389	14883	179264	172464	678
app-sk-ignored-hole	256	true	true	546	32	0	141	6	11	574	141	0	0	33	166	585	642	562	76	141	141	1	1	5	0	540	1054	725	4719	1407	0	0	7332	520389	14884	179265	172465	677
app-sk-ignored-hole	Unlimited	true	true	546	32	0	141	6	11	574	141	0	0	33	166	585	642	562	76	141	141	1	1	5	0	540	1054	725	4719	1407	0	0	7332	520389	14890	179271	172471	737
app-sub	0	true	true	27	4	0	0	2	6	0	0	0	0	4	9	13	14	16	4	3	3	1	1	2	0	12	18	26	44	33	0	0	284	16352	3369	9409	8709	33
app-sub	1	true	true	27	4	0	3	2	6	21	3	0	0	4	9	13	14	16	4	3	3	1	1	2	0	12	18	26	44	33	0	0	284	16352	3369	9409	8709	34
app-sub	8	true	true	27	4	0	3	2	6	21	3	0	0	4	9	13	14	16	4	3	3	1	1	2	0	12	18	26	44	33	0	0	284	16352	3369	9409	8709	39
app-sub	64	true	true	27	4	0	3	2	6	21	3	0	0	4	9	13	14	16	4	3	3	1	1	2	0	12	18	26	44	33	0	0	284	16352	3370	9410	8710	36
app-sub	256	true	true	27	4	0	3	2	6	21	3	0	0	4	9	13	14	16	4	3	3	1	1	2	0	12	18	26	44	33	0	0	284	16352	3371	9411	8711	34
app-sub	Unlimited	true	true	27	4	0	3	2	6	21	3	0	0	4	9	13	14	16	4	3	3	1	1	2	0	12	18	26	44	33	0	0	284	16352	3377	9417	8717	33
app-type-synthesis-prefix	0	true	false	12	1	0	0	1	2	0	0	0	0	1	4	8	10	7	1	2	0	1	1	3	2	16	17	13	12	11	0	0	198	14065	3807	12133	11501	90
app-type-synthesis-prefix	1	true	false	12	1	0	2	1	2	16	2	0	0	1	4	8	10	7	1	2	0	1	1	3	2	16	17	13	12	11	0	0	198	14065	3807	12133	11501	84
app-type-synthesis-prefix	8	true	false	12	1	0	2	1	2	16	2	0	0	1	4	8	10	7	1	2	0	1	1	3	2	16	17	13	12	11	0	0	198	14065	3807	12133	11501	86
app-type-synthesis-prefix	64	true	false	12	1	0	2	1	2	16	2	0	0	1	4	8	10	7	1	2	0	1	1	3	2	16	17	13	12	11	0	0	198	14065	3808	12134	11502	99
app-type-synthesis-prefix	256	true	false	12	1	0	2	1	2	16	2	0	0	1	4	8	10	7	1	2	0	1	1	3	2	16	17	13	12	11	0	0	198	14065	3809	12135	11503	90
app-type-synthesis-prefix	Unlimited	true	false	12	1	0	2	1	2	16	2	0	0	1	4	8	10	7	1	2	0	1	1	3	2	16	17	13	12	11	0	0	198	14065	3815	12141	11509	95
carry-k0-w0-n0	0	true	true	2	0	0	0	3	6	0	0	0	0	1	0	0	0	0	1	0	0	1	1	1	0	2	2	1	3	1	0	0	63	3950	2301	5005	4813	18
carry-k0-w0-n0	1	true	true	2	0	0	0	3	6	0	0	0	0	1	0	0	0	0	1	0	0	1	1	1	0	2	2	1	3	1	0	0	63	3950	2301	5005	4813	19
carry-k0-w0-n0	8	true	true	2	0	0	0	3	6	0	0	0	0	1	0	0	0	0	1	0	0	1	1	1	0	2	2	1	3	1	0	0	63	3950	2301	5005	4813	15
carry-k0-w0-n0	64	true	true	2	0	0	0	3	6	0	0	0	0	1	0	0	0	0	1	0	0	1	1	1	0	2	2	1	3	1	0	0	63	3950	2302	5006	4814	15
carry-k0-w0-n0	256	true	true	2	0	0	0	3	6	0	0	0	0	1	0	0	0	0	1	0	0	1	1	1	0	2	2	1	3	1	0	0	63	3950	2303	5007	4815	19
carry-k0-w0-n0	Unlimited	true	true	2	0	0	0	3	6	0	0	0	0	1	0	0	0	0	1	0	0	1	1	1	0	2	2	1	3	1	0	0	63	3950	2309	5013	4821	15
carry-k0-w0-n3	0	true	true	5	0	0	0	3	6	0	0	0	0	4	0	0	0	0	1	0	0	1	1	1	0	4	8	4	13	10	0	0	140	6821	3183	7387	6939	19
carry-k0-w0-n3	1	true	true	5	0	0	0	3	6	0	0	0	0	4	0	0	0	0	1	0	0	1	1	1	0	4	8	4	13	10	0	0	140	6821	3183	7387	6939	23
carry-k0-w0-n3	8	true	true	5	0	0	0	3	6	0	0	0	0	4	0	0	0	0	1	0	0	1	1	1	0	4	8	4	13	10	0	0	140	6821	3183	7387	6939	23
carry-k0-w0-n3	64	true	true	5	0	0	0	3	6	0	0	0	0	4	0	0	0	0	1	0	0	1	1	1	0	4	8	4	13	10	0	0	140	6821	3184	7388	6940	23
carry-k0-w0-n3	256	true	true	5	0	0	0	3	6	0	0	0	0	4	0	0	0	0	1	0	0	1	1	1	0	4	8	4	13	10	0	0	140	6821	3185	7389	6941	19
carry-k0-w0-n3	Unlimited	true	true	5	0	0	0	3	6	0	0	0	0	4	0	0	0	0	1	0	0	1	1	1	0	4	8	4	13	10	0	0	140	6821	3191	7395	6947	22
carry-k0-w1-n0	0	true	true	4	1	0	0	3	6	0	0	0	0	2	0	0	0	0	2	0	0	1	1	1	0	3	3	2	6	3	0	0	82	4791	2350	5112	4896	16
carry-k0-w1-n0	1	true	true	4	1	0	0	3	6	0	0	0	0	2	0	0	0	0	2	0	0	1	1	1	0	3	3	2	6	3	0	0	82	4791	2350	5112	4896	18
carry-k0-w1-n0	8	true	true	4	1	0	0	3	6	0	0	0	0	2	0	0	0	0	2	0	0	1	1	1	0	3	3	2	6	3	0	0	82	4791	2350	5112	4896	16
carry-k0-w1-n0	64	true	true	4	1	0	0	3	6	0	0	0	0	2	0	0	0	0	2	0	0	1	1	1	0	3	3	2	6	3	0	0	82	4791	2351	5113	4897	17
carry-k0-w1-n0	256	true	true	4	1	0	0	3	6	0	0	0	0	2	0	0	0	0	2	0	0	1	1	1	0	3	3	2	6	3	0	0	82	4791	2352	5114	4898	14
carry-k0-w1-n0	Unlimited	true	true	4	1	0	0	3	6	0	0	0	0	2	0	0	0	0	2	0	0	1	1	1	0	3	3	2	6	3	0	0	82	4791	2358	5120	4904	15
carry-k0-w1-n3	0	true	true	7	1	0	0	3	6	0	0	0	0	5	0	0	0	0	2	0	0	1	1	1	0	4	9	5	22	15	0	0	160	7861	3232	7516	6988	25
carry-k0-w1-n3	1	true	true	7	1	0	0	3	6	0	0	0	0	5	0	0	0	0	2	0	0	1	1	1	0	4	9	5	22	15	0	0	160	7861	3232	7516	6988	22
carry-k0-w1-n3	8	true	true	7	1	0	0	3	6	0	0	0	0	5	0	0	0	0	2	0	0	1	1	1	0	4	9	5	22	15	0	0	160	7861	3232	7516	6988	25
carry-k0-w1-n3	64	true	true	7	1	0	0	3	6	0	0	0	0	5	0	0	0	0	2	0	0	1	1	1	0	4	9	5	22	15	0	0	160	7861	3233	7517	6989	21
carry-k0-w1-n3	256	true	true	7	1	0	0	3	6	0	0	0	0	5	0	0	0	0	2	0	0	1	1	1	0	4	9	5	22	15	0	0	160	7861	3234	7518	6990	25
carry-k0-w1-n3	Unlimited	true	true	7	1	0	0	3	6	0	0	0	0	5	0	0	0	0	2	0	0	1	1	1	0	4	9	5	22	15	0	0	160	7861	3240	7524	6996	27
carry-k0-w4-n0	0	true	true	10	4	0	0	3	6	0	0	0	0	5	0	0	0	0	5	0	0	1	1	1	0	6	6	5	23	15	0	0	153	8650	2497	6021	5565	25
carry-k0-w4-n0	1	true	true	10	4	0	0	3	6	0	0	0	0	5	0	0	0	0	5	0	0	1	1	1	0	6	6	5	23	15	0	0	153	8650	2497	6021	5565	24
carry-k0-w4-n0	8	true	true	10	4	0	0	3	6	0	0	0	0	5	0	0	0	0	5	0	0	1	1	1	0	6	6	5	23	15	0	0	153	8650	2497	6021	5565	22
carry-k0-w4-n0	64	true	true	10	4	0	0	3	6	0	0	0	0	5	0	0	0	0	5	0	0	1	1	1	0	6	6	5	23	15	0	0	153	8650	2498	6022	5566	16
carry-k0-w4-n0	256	true	true	10	4	0	0	3	6	0	0	0	0	5	0	0	0	0	5	0	0	1	1	1	0	6	6	5	23	15	0	0	153	8650	2499	6023	5567	27
carry-k0-w4-n0	Unlimited	true	true	10	4	0	0	3	6	0	0	0	0	5	0	0	0	0	5	0	0	1	1	1	0	6	6	5	23	15	0	0	153	8650	2505	6029	5573	20
carry-k0-w4-n3	0	true	true	13	4	0	0	3	6	0	0	0	0	8	0	0	0	0	5	0	0	1	1	1	0	6	12	8	59	41	0	0	243	12247	3379	8163	7395	26
carry-k0-w4-n3	1	true	true	13	4	0	0	3	6	0	0	0	0	8	0	0	0	0	5	0	0	1	1	1	0	6	12	8	59	41	0	0	243	12247	3379	8163	7395	36
carry-k0-w4-n3	8	true	true	13	4	0	0	3	6	0	0	0	0	8	0	0	0	0	5	0	0	1	1	1	0	6	12	8	59	41	0	0	243	12247	3379	8163	7395	26
carry-k0-w4-n3	64	true	true	13	4	0	0	3	6	0	0	0	0	8	0	0	0	0	5	0	0	1	1	1	0	6	12	8	59	41	0	0	243	12247	3380	8164	7396	29
carry-k0-w4-n3	256	true	true	13	4	0	0	3	6	0	0	0	0	8	0	0	0	0	5	0	0	1	1	1	0	6	12	8	59	41	0	0	243	12247	3381	8165	7397	27
carry-k0-w4-n3	Unlimited	true	true	13	4	0	0	3	6	0	0	0	0	8	0	0	0	0	5	0	0	1	1	1	0	6	12	8	59	41	0	0	243	12247	3387	8171	7403	30
carry-k1-w0-n0	0	true	true	8	1	0	0	3	6	0	0	0	0	2	2	2	7	2	3	1	0	2	2	2	0	4	4	5	15	7	1	0	142	8381	3136	7430	6914	26
carry-k1-w0-n0	1	true	true	8	1	0	1	3	6	2	0	0	0	2	2	2	7	2	4	1	0	2	2	2	0	4	4	5	16	7	1	0	146	8802	3136	7430	6914	24
carry-k1-w0-n0	8	true	true	8	1	0	1	3	6	2	0	0	0	2	2	2	7	2	4	1	0	2	2	2	0	4	4	5	16	7	1	0	146	8802	3136	7430	6914	21
carry-k1-w0-n0	64	true	true	8	1	0	1	3	6	2	0	0	0	2	2	2	7	2	4	1	0	2	2	2	0	4	4	5	16	7	1	0	146	8802	3137	7431	6915	20
carry-k1-w0-n0	256	true	true	8	1	0	1	3	6	2	0	0	0	2	2	2	7	2	4	1	0	2	2	2	0	4	4	5	16	7	1	0	146	8802	3138	7432	6916	23
carry-k1-w0-n0	Unlimited	true	true	8	1	0	1	3	6	2	0	0	0	2	2	2	7	2	4	1	0	2	2	2	0	4	4	5	16	7	1	0	146	8802	3144	7438	6922	22
carry-k1-w0-n3	0	true	true	11	1	0	0	3	6	0	0	0	0	5	2	2	7	2	3	1	0	2	2	2	0	6	10	8	38	20	1	0	255	12638	4483	11227	10399	27
carry-k1-w0-n3	1	true	true	11	1	0	1	3	6	2	0	0	0	5	2	2	7	2	4	1	0	2	2	2	0	6	10	8	41	20	1	0	259	13059	4483	11227	10399	30
carry-k1-w0-n3	8	true	true	11	1	0	1	3	6	2	0	0	0	5	2	2	7	2	4	1	0	2	2	2	0	6	10	8	41	20	1	0	259	13059	4483	11227	10399	22
carry-k1-w0-n3	64	true	true	11	1	0	1	3	6	2	0	0	0	5	2	2	7	2	4	1	0	2	2	2	0	6	10	8	41	20	1	0	259	13059	4484	11228	10400	31
carry-k1-w0-n3	256	true	true	11	1	0	1	3	6	2	0	0	0	5	2	2	7	2	4	1	0	2	2	2	0	6	10	8	41	20	1	0	259	13059	4485	11229	10401	30
carry-k1-w0-n3	Unlimited	true	true	11	1	0	1	3	6	2	0	0	0	5	2	2	7	2	4	1	0	2	2	2	0	6	10	8	41	20	1	0	259	13059	4491	11235	10407	28
carry-k1-w1-n0	0	true	true	12	3	0	0	3	6	0	0	0	0	4	2	2	7	2	5	1	0	2	2	2	0	5	5	7	25	13	1	0	179	10524	3185	7785	7189	26
carry-k1-w1-n0	1	true	true	10	2	1	1	3	6	2	0	1	1	3	2	2	7	2	4	1	0	2	2	2	0	5	5	7	19	10	1	0	163	9730	3185	7785	7189	27
carry-k1-w1-n0	8	true	true	10	2	1	2	3	6	4	0	0	1	3	2	2	7	2	5	1	0	2	2	2	0	5	5	7	20	10	1	0	167	10151	3185	7785	7189	27
carry-k1-w1-n0	64	true	true	10	2	1	2	3	6	4	0	0	1	3	2	2	7	2	5	1	0	2	2	2	0	5	5	7	20	10	1	0	167	10151	3186	7786	7190	258
carry-k1-w1-n0	256	true	true	10	2	1	2	3	6	4	0	0	1	3	2	2	7	2	5	1	0	2	2	2	0	5	5	7	20	10	1	0	167	10151	3187	7787	7191	25
carry-k1-w1-n0	Unlimited	true	true	10	2	1	2	3	6	4	0	0	1	3	2	2	7	2	5	1	0	2	2	2	0	5	5	7	20	10	1	0	167	10151	3193	7793	7197	34
carry-k1-w1-n3	0	true	true	15	3	0	0	3	6	0	0	0	0	7	2	2	7	2	5	1	0	2	2	2	0	6	11	10	62	34	1	0	297	14956	4532	11356	10448	31
carry-k1-w1-n3	1	true	true	13	2	1	1	3	6	2	0	1	1	6	2	2	7	2	4	1	0	2	2	2	0	6	11	10	47	27	1	0	277	13874	4532	11356	10448	35
carry-k1-w1-n3	8	true	true	13	2	1	2	3	6	4	0	0	1	6	2	2	7	2	5	1	0	2	2	2	0	6	11	10	50	27	1	0	281	14295	4532	11356	10448	34
carry-k1-w1-n3	64	true	true	13	2	1	2	3	6	4	0	0	1	6	2	2	7	2	5	1	0	2	2	2	0	6	11	10	50	27	1	0	281	14295	4533	11357	10449	32
carry-k1-w1-n3	256	true	true	13	2	1	2	3	6	4	0	0	1	6	2	2	7	2	5	1	0	2	2	2	0	6	11	10	50	27	1	0	281	14295	4534	11358	10450	30
carry-k1-w1-n3	Unlimited	true	true	13	2	1	2	3	6	4	0	0	1	6	2	2	7	2	5	1	0	2	2	2	0	6	11	10	50	27	1	0	281	14295	4540	11364	10456	31
carry-k1-w4-n0	0	true	true	24	9	0	0	3	6	0	0	0	0	10	2	2	7	2	11	1	0	2	2	2	0	8	8	13	59	39	1	0	304	17369	3332	8730	7894	34
carry-k1-w4-n0	1	true	true	22	8	1	1	3	6	2	0	1	1	9	2	2	7	2	10	1	0	2	2	2	0	8	8	13	53	36	1	0	288	16575	3332	8730	7894	34
carry-k1-w4-n0	8	true	true	16	5	4	5	3	6	10	0	0	4	6	2	2	7	2	8	1	0	2	2	2	0	8	8	13	34	23	1	0	236	14294	3332	8730	7894	24
carry-k1-w4-n0	64	true	true	16	5	4	5	3	6	10	0	0	4	6	2	2	7	2	8	1	0	2	2	2	0	8	8	13	34	23	1	0	236	14294	3333	8731	7895	33
carry-k1-w4-n0	256	true	true	16	5	4	5	3	6	10	0	0	4	6	2	2	7	2	8	1	0	2	2	2	0	8	8	13	34	23	1	0	236	14294	3334	8732	7896	31
carry-k1-w4-n0	Unlimited	true	true	16	5	4	5	3	6	10	0	0	4	6	2	2	7	2	8	1	0	2	2	2	0	8	8	13	34	23	1	0	236	14294	3340	8738	7902	21
carry-k1-w4-n3	0	true	true	27	9	0	0	3	6	0	0	0	0	13	2	2	7	2	11	1	0	2	2	2	0	8	14	16	144	88	1	0	452	23832	4679	12267	11119	46
carry-k1-w4-n3	1	true	true	25	8	1	1	3	6	2	0	1	1	12	2	2	7	2	10	1	0	2	2	2	0	8	14	16	129	81	1	0	432	22750	4679	12267	11119	41
carry-k1-w4-n3	8	true	true	19	5	4	5	3	6	10	0	0	4	9	2	2	7	2	8	1	0	2	2	2	0	8	14	16	82	54	1	0	364	19445	4679	12267	11119	36
carry-k1-w4-n3	64	true	true	19	5	4	5	3	6	10	0	0	4	9	2	2	7	2	8	1	0	2	2	2	0	8	14	16	82	54	1	0	364	19445	4680	12268	11120	25
carry-k1-w4-n3	256	true	true	19	5	4	5	3	6	10	0	0	4	9	2	2	7	2	8	1	0	2	2	2	0	8	14	16	82	54	1	0	364	19445	4681	12269	11121	35
carry-k1-w4-n3	Unlimited	true	true	19	5	4	5	3	6	10	0	0	4	9	2	2	7	2	8	1	0	2	2	2	0	8	14	16	82	54	1	0	364	19445	4687	12275	11127	38
carry-k2-w0-n0	0	true	true	19	3	0	0	3	6	0	0	0	0	3	6	6	25	6	7	3	0	4	4	4	0	4	8	12	65	27	8	0	293	15939	4636	11274	10570	31
carry-k2-w0-n0	1	true	true	19	3	0	3	3	6	6	0	0	0	3	6	6	25	6	10	3	0	4	4	4	0	4	8	12	69	27	8	0	305	17202	4636	11274	10570	24
carry-k2-w0-n0	8	true	true	19	3	0	3	3	6	6	0	0	0	3	6	6	25	6	10	3	0	4	4	4	0	4	8	12	69	27	8	0	305	17202	4636	11274	10570	44
carry-k2-w0-n0	64	true	true	19	3	0	3	3	6	6	0	0	0	3	6	6	25	6	10	3	0	4	4	4	0	4	8	12	69	27	8	0	305	17202	4637	11275	10571	37
carry-k2-w0-n0	256	true	true	19	3	0	3	3	6	6	0	0	0	3	6	6	25	6	10	3	0	4	4	4	0	4	8	12	69	27	8	0	305	17202	4638	11276	10572	44
carry-k2-w0-n0	Unlimited	true	true	19	3	0	3	3	6	6	0	0	0	3	6	6	25	6	10	3	0	4	4	4	0	4	8	12	69	27	8	0	305	17202	4644	11282	10578	40
carry-k2-w0-n3	0	true	true	22	3	0	0	3	6	0	0	0	0	6	6	6	25	6	7	3	0	4	4	4	0	6	14	15	95	39	8	0	463	21632	6817	17765	16749	43
carry-k2-w0-n3	1	true	true	22	3	0	3	3	6	6	0	0	0	6	6	6	25	6	10	3	0	4	4	4	0	6	14	15	102	39	8	0	475	22895	6817	17765	16749	46
carry-k2-w0-n3	8	true	true	22	3	0	3	3	6	6	0	0	0	6	6	6	25	6	10	3	0	4	4	4	0	6	14	15	102	39	8	0	475	22895	6817	17765	16749	33
carry-k2-w0-n3	64	true	true	22	3	0	3	3	6	6	0	0	0	6	6	6	25	6	10	3	0	4	4	4	0	6	14	15	102	39	8	0	475	22895	6818	17766	16750	45
carry-k2-w0-n3	256	true	true	22	3	0	3	3	6	6	0	0	0	6	6	6	25	6	10	3	0	4	4	4	0	6	14	15	102	39	8	0	475	22895	6819	17767	16751	39
carry-k2-w0-n3	Unlimited	true	true	22	3	0	3	3	6	6	0	0	0	6	6	6	25	6	10	3	0	4	4	4	0	6	14	15	102	39	8	0	475	22895	6825	17773	16757	43
carry-k2-w1-n0	0	true	true	27	7	0	0	3	6	0	0	0	0	7	6	6	25	6	11	3	0	4	4	4	0	5	9	16	85	39	8	0	360	19758	4685	11629	10845	31
carry-k2-w1-n0	1	true	true	21	4	1	3	3	6	6	0	1	1	4	6	6	25	6	10	3	0	4	4	4	0	5	9	14	78	36	8	0	332	18594	4685	11629	10845	38
carry-k2-w1-n0	8	true	true	21	4	1	4	3	6	8	0	0	1	4	6	6	25	6	11	3	0	4	4	4	0	5	9	14	80	36	8	0	336	19015	4685	11629	10845	43
carry-k2-w1-n0	64	true	true	21	4	1	4	3	6	8	0	0	1	4	6	6	25	6	11	3	0	4	4	4	0	5	9	14	80	36	8	0	336	19015	4686	11630	10846	45
carry-k2-w1-n0	256	true	true	21	4	1	4	3	6	8	0	0	1	4	6	6	25	6	11	3	0	4	4	4	0	5	9	14	80	36	8	0	336	19015	4687	11631	10847	36
carry-k2-w1-n0	Unlimited	true	true	21	4	1	4	3	6	8	0	0	1	4	6	6	25	6	11	3	0	4	4	4	0	5	9	14	80	36	8	0	336	19015	4693	11637	10853	35
carry-k2-w1-n3	0	true	true	30	7	0	0	3	6	0	0	0	0	10	6	6	25	6	11	3	0	4	4	4	0	6	15	19	131	59	8	0	535	25626	6866	17894	16798	48
carry-k2-w1-n3	1	true	true	24	4	1	3	3	6	6	0	1	1	7	6	6	25	6	10	3	0	4	4	4	0	6	15	17	113	50	8	0	501	24030	6866	17894	16798	44
carry-k2-w1-n3	8	true	true	24	4	1	4	3	6	8	0	0	1	7	6	6	25	6	11	3	0	4	4	4	0	6	15	17	116	50	8	0	505	24451	6866	17894	16798	44
carry-k2-w1-n3	64	true	true	24	4	1	4	3	6	8	0	0	1	7	6	6	25	6	11	3	0	4	4	4	0	6	15	17	116	50	8	0	505	24451	6867	17895	16799	48
carry-k2-w1-n3	256	true	true	24	4	1	4	3	6	8	0	0	1	7	6	6	25	6	11	3	0	4	4	4	0	6	15	17	116	50	8	0	505	24451	6868	17896	16800	31
carry-k2-w1-n3	Unlimited	true	true	24	4	1	4	3	6	8	0	0	1	7	6	6	25	6	11	3	0	4	4	4	0	6	15	17	116	50	8	0	505	24451	6874	17902	16806	39
carry-k2-w4-n0	0	true	true	51	19	0	0	3	6	0	0	0	0	19	6	6	25	6	23	3	0	4	4	4	0	8	12	28	177	99	8	0	607	32911	4832	12574	11550	52
carry-k2-w4-n0	1	true	true	41	14	3	3	3	6	6	0	3	1	14	6	6	25	6	18	3	0	4	4	4	0	8	12	26	152	86	8	0	531	28997	4832	12574	11550	55
carry-k2-w4-n0	8	true	true	27	7	4	7	3	6	14	0	0	4	7	6	6	25	6	14	3	0	4	4	4	0	8	12	20	109	60	8	0	421	23990	4832	12574	11550	53
carry-k2-w4-n0	64	true	true	27	7	4	7	3	6	14	0	0	4	7	6	6	25	6	14	3	0	4	4	4	0	8	12	20	109	60	8	0	421	23990	4833	12575	11551	43
carry-k2-w4-n0	256	true	true	27	7	4	7	3	6	14	0	0	4	7	6	6	25	6	14	3	0	4	4	4	0	8	12	20	109	60	8	0	421	23990	4834	12576	11552	42
carry-k2-w4-n0	Unlimited	true	true	27	7	4	7	3	6	14	0	0	4	7	6	6	25	6	14	3	0	4	4	4	0	8	12	20	109	60	8	0	421	23990	4840	12582	11558	40
carry-k2-w4-n3	0	true	true	54	19	0	0	3	6	0	0	0	0	22	6	6	25	6	23	3	0	4	4	4	0	8	18	31	263	139	8	0	796	40170	7013	18805	17469	42
carry-k2-w4-n3	1	true	true	44	14	3	3	3	6	6	0	3	1	17	6	6	25	6	18	3	0	4	4	4	0	8	18	29	215	116	8	0	710	35536	7013	18805	17469	63
carry-k2-w4-n3	8	true	true	30	7	4	7	3	6	14	0	0	4	10	6	6	25	6	14	3	0	4	4	4	0	8	18	23	156	83	8	0	600	30081	7013	18805	17469	49
carry-k2-w4-n3	64	true	true	30	7	4	7	3	6	14	0	0	4	10	6	6	25	6	14	3	0	4	4	4	0	8	18	23	156	83	8	0	600	30081	7014	18806	17470	50
carry-k2-w4-n3	256	true	true	30	7	4	7	3	6	14	0	0	4	10	6	6	25	6	14	3	0	4	4	4	0	8	18	23	156	83	8	0	600	30081	7015	18807	17471	38
carry-k2-w4-n3	Unlimited	true	true	30	7	4	7	3	6	14	0	0	4	10	6	6	25	6	14	3	0	4	4	4	0	8	18	23	156	83	8	0	600	30081	7021	18813	17477	53
carry-k3-w0-n0	0	true	true	40	7	0	0	3	6	0	0	0	0	4	14	14	69	14	15	7	0	8	8	8	0	4	16	25	215	75	44	0	621	33059	8202	20956	20064	48
carry-k3-w0-n0	1	true	true	40	7	0	7	3	6	14	0	0	0	4	14	14	69	14	22	7	0	8	8	8	0	4	16	25	225	75	44	0	649	36006	8202	20956	20064	45
carry-k3-w0-n0	8	true	true	40	7	0	7	3	6	14	0	0	0	4	14	14	69	14	22	7	0	8	8	8	0	4	16	25	225	75	44	0	649	36006	8202	20956	20064	36
carry-k3-w0-n0	64	true	true	40	7	0	7	3	6	14	0	0	0	4	14	14	69	14	22	7	0	8	8	8	0	4	16	25	225	75	44	0	649	36006	8203	20957	20065	52
carry-k3-w0-n0	256	true	true	40	7	0	7	3	6	14	0	0	0	4	14	14	69	14	22	7	0	8	8	8	0	4	16	25	225	75	44	0	649	36006	8204	20958	20066	51
carry-k3-w0-n0	Unlimited	true	true	40	7	0	7	3	6	14	0	0	0	4	14	14	69	14	22	7	0	8	8	8	0	4	16	25	225	75	44	0	649	36006	8210	20964	20072	49
carry-k3-w0-n3	0	true	true	43	7	0	0	3	6	0	0	0	0	7	14	14	69	14	15	7	0	8	8	8	0	6	22	28	303	98	44	0	924	43712	12051	32835	31631	44
carry-k3-w0-n3	1	true	true	43	7	0	7	3	6	14	0	0	0	7	14	14	69	14	22	7	0	8	8	8	0	6	22	28	325	98	44	0	952	46659	12051	32835	31631	69
carry-k3-w0-n3	8	true	true	43	7	0	7	3	6	14	0	0	0	7	14	14	69	14	22	7	0	8	8	8	0	6	22	28	325	98	44	0	952	46659	12051	32835	31631	70
carry-k3-w0-n3	64	true	true	43	7	0	7	3	6	14	0	0	0	7	14	14	69	14	22	7	0	8	8	8	0	6	22	28	325	98	44	0	952	46659	12052	32836	31632	54
carry-k3-w0-n3	256	true	true	43	7	0	7	3	6	14	0	0	0	7	14	14	69	14	22	7	0	8	8	8	0	6	22	28	325	98	44	0	952	46659	12053	32837	31633	69
carry-k3-w0-n3	Unlimited	true	true	43	7	0	7	3	6	14	0	0	0	7	14	14	69	14	22	7	0	8	8	8	0	6	22	28	325	98	44	0	952	46659	12059	32843	31639	64
carry-k3-w1-n0	0	true	true	56	15	0	0	3	6	0	0	0	0	12	14	14	69	14	23	7	0	8	8	8	0	5	17	33	255	99	44	0	748	40230	8251	21311	20339	84
carry-k3-w1-n0	1	true	true	42	8	1	7	3	6	14	0	1	1	5	14	14	69	14	22	7	0	8	8	8	0	5	17	27	242	92	44	0	692	38038	8251	21311	20339	59
carry-k3-w1-n0	8	true	true	42	8	1	8	3	6	16	0	0	1	5	14	14	69	14	23	7	0	8	8	8	0	5	17	27	244	92	44	0	696	38459	8251	21311	20339	58
carry-k3-w1-n0	64	true	true	42	8	1	8	3	6	16	0	0	1	5	14	14	69	14	23	7	0	8	8	8	0	5	17	27	244	92	44	0	696	38459	8252	21312	20340	55
carry-k3-w1-n0	256	true	true	42	8	1	8	3	6	16	0	0	1	5	14	14	69	14	23	7	0	8	8	8	0	5	17	27	244	92	44	0	696	38459	8253	21313	20341	58
carry-k3-w1-n0	Unlimited	true	true	42	8	1	8	3	6	16	0	0	1	5	14	14	69	14	23	7	0	8	8	8	0	5	17	27	244	92	44	0	696	38459	8259	21319	20347	57
carry-k3-w1-n3	0	true	true	59	15	0	0	3	6	0	0	0	0	15	14	14	69	14	23	7	0	8	8	8	0	6	23	36	407	154	44	0	1080	52786	12100	32964	31680	79
carry-k3-w1-n3	1	true	true	45	8	1	7	3	6	14	0	1	1	8	14	14	69	14	22	7	0	8	8	8	0	6	23	30	346	119	44	0	996	48578	12100	32964	31680	53
carry-k3-w1-n3	8	true	true	45	8	1	8	3	6	16	0	0	1	8	14	14	69	14	23	7	0	8	8	8	0	6	23	30	348	119	44	0	1000	48999	12100	32964	31680	74
carry-k3-w1-n3	64	true	true	45	8	1	8	3	6	16	0	0	1	8	14	14	69	14	23	7	0	8	8	8	0	6	23	30	348	119	44	0	1000	48999	12101	32965	31681	72
carry-k3-w1-n3	256	true	true	45	8	1	8	3	6	16	0	0	1	8	14	14	69	14	23	7	0	8	8	8	0	6	23	30	348	119	44	0	1000	48999	12102	32966	31682	70
carry-k3-w1-n3	Unlimited	true	true	45	8	1	8	3	6	16	0	0	1	8	14	14	69	14	23	7	0	8	8	8	0	6	23	30	348	119	44	0	1000	48999	12108	32972	31688	79
carry-k3-w4-n0	0	true	true	104	39	0	0	3	6	0	0	0	0	36	14	14	69	14	47	7	0	8	8	8	0	8	20	57	439	227	44	0	1239	65999	8398	22256	21044	108
carry-k3-w4-n0	1	true	true	70	22	7	7	3	6	14	0	7	1	19	14	14	69	14	30	7	0	8	8	8	0	8	20	47	344	178	44	0	969	52125	8398	22256	21044	81
carry-k3-w4-n0	8	true	true	48	11	4	11	3	6	22	0	0	4	8	14	14	69	14	26	7	0	8	8	8	0	8	20	33	301	143	44	0	831	45562	8398	22256	21044	65
carry-k3-w4-n0	64	true	true	48	11	4	11	3	6	22	0	0	4	8	14	14	69	14	26	7	0	8	8	8	0	8	20	33	301	143	44	0	831	45562	8399	22257	21045	65
carry-k3-w4-n0	256	true	true	48	11	4	11	3	6	22	0	0	4	8	14	14	69	14	26	7	0	8	8	8	0	8	20	33	301	143	44	0	831	45562	8400	22258	21046	64
carry-k3-w4-n0	Unlimited	true	true	48	11	4	11	3	6	22	0	0	4	8	14	14	69	14	26	7	0	8	8	8	0	8	20	33	301	143	44	0	831	45562	8406	22264	21052	65
carry-k3-w4-n3	0	true	true	107	39	0	0	3	6	0	0	0	0	39	14	14	69	14	47	7	0	8	8	8	0	8	26	60	767	378	44	0	1649	85322	12247	33875	32351	75
carry-k3-w4-n3	1	true	true	73	22	7	7	3	6	14	0	7	1	22	14	14	69	14	30	7	0	8	8	8	0	8	26	50	538	265	44	0	1329	66952	12247	33875	32351	88
carry-k3-w4-n3	8	true	true	51	11	4	11	3	6	22	0	0	4	11	14	14	69	14	26	7	0	8	8	8	0	8	26	36	381	146	44	0	1093	54229	12247	33875	32351	77
carry-k3-w4-n3	64	true	true	51	11	4	11	3	6	22	0	0	4	11	14	14	69	14	26	7	0	8	8	8	0	8	26	36	381	146	44	0	1093	54229	12248	33876	32352	74
carry-k3-w4-n3	256	true	true	51	11	4	11	3	6	22	0	0	4	11	14	14	69	14	26	7	0	8	8	8	0	8	26	36	381	146	44	0	1093	54229	12249	33877	32353	86
carry-k3-w4-n3	Unlimited	true	true	51	11	4	11	3	6	22	0	0	4	11	14	14	69	14	26	7	0	8	8	8	0	8	26	36	381	146	44	0	1093	54229	12255	33883	32359	112
grid-carry-k0-w0-n0	0	true	true	2	0	0	0	3	6	0	0	0	0	1	0	0	0	0	1	0	0	1	1	1	0	2	2	1	3	1	0	0	63	3950	2311	5015	4823	21
grid-carry-k0-w0-n0	1	true	true	2	0	0	0	3	6	0	0	0	0	1	0	0	0	0	1	0	0	1	1	1	0	2	2	1	3	1	0	0	63	3950	2311	5015	4823	13
grid-carry-k0-w0-n0	8	true	true	2	0	0	0	3	6	0	0	0	0	1	0	0	0	0	1	0	0	1	1	1	0	2	2	1	3	1	0	0	63	3950	2311	5015	4823	22
grid-carry-k0-w0-n0	64	true	true	2	0	0	0	3	6	0	0	0	0	1	0	0	0	0	1	0	0	1	1	1	0	2	2	1	3	1	0	0	63	3950	2312	5016	4824	12
grid-carry-k0-w0-n0	256	true	true	2	0	0	0	3	6	0	0	0	0	1	0	0	0	0	1	0	0	1	1	1	0	2	2	1	3	1	0	0	63	3950	2313	5017	4825	13
grid-carry-k0-w0-n0	Unlimited	true	true	2	0	0	0	3	6	0	0	0	0	1	0	0	0	0	1	0	0	1	1	1	0	2	2	1	3	1	0	0	63	3950	2319	5023	4831	15
grid-carry-k0-w0-n16	0	true	true	18	0	0	0	3	6	0	0	0	0	17	0	0	0	0	1	0	0	1	1	1	0	17	138	17	72	74	0	0	1344	44294	18041	40973	39173	84
grid-carry-k0-w0-n16	1	true	true	18	0	0	0	3	6	0	0	0	0	17	0	0	0	0	1	0	0	1	1	1	0	17	138	17	72	74	0	0	1344	44294	18041	40973	39173	84
grid-carry-k0-w0-n16	8	true	true	18	0	0	0	3	6	0	0	0	0	17	0	0	0	0	1	0	0	1	1	1	0	17	138	17	72	74	0	0	1344	44294	18041	40973	39173	117
grid-carry-k0-w0-n16	64	true	true	18	0	0	0	3	6	0	0	0	0	17	0	0	0	0	1	0	0	1	1	1	0	17	138	17	72	74	0	0	1344	44294	18042	40974	39174	105
grid-carry-k0-w0-n16	256	true	true	18	0	0	0	3	6	0	0	0	0	17	0	0	0	0	1	0	0	1	1	1	0	17	138	17	72	74	0	0	1344	44294	18043	40975	39175	99
grid-carry-k0-w0-n16	Unlimited	true	true	18	0	0	0	3	6	0	0	0	0	17	0	0	0	0	1	0	0	1	1	1	0	17	138	17	72	74	0	0	1344	44294	18049	40981	39181	69
grid-carry-k0-w0-n128	0	true	true	130	0	0	0	3	6	0	0	0	0	129	0	0	0	0	1	0	0	1	1	1	0	129	8258	129	772	891	0	0	67914	1531726	831947	1702383	1688935	3172
grid-carry-k0-w0-n128	1	true	true	130	0	0	0	3	6	0	0	0	0	129	0	0	0	0	1	0	0	1	1	1	0	129	8258	129	772	891	0	0	67914	1531726	831947	1702383	1688935	2928
grid-carry-k0-w0-n128	8	true	true	130	0	0	0	3	6	0	0	0	0	129	0	0	0	0	1	0	0	1	1	1	0	129	8258	129	772	891	0	0	67914	1531726	831947	1702383	1688935	3163
grid-carry-k0-w0-n128	64	true	true	130	0	0	0	3	6	0	0	0	0	129	0	0	0	0	1	0	0	1	1	1	0	129	8258	129	772	891	0	0	67914	1531726	831948	1702384	1688936	3671
grid-carry-k0-w0-n128	256	true	true	130	0	0	0	3	6	0	0	0	0	129	0	0	0	0	1	0	0	1	1	1	0	129	8258	129	772	891	0	0	67914	1531726	831949	1702385	1688937	3046
grid-carry-k0-w0-n128	Unlimited	true	true	130	0	0	0	3	6	0	0	0	0	129	0	0	0	0	1	0	0	1	1	1	0	129	8258	129	772	891	0	0	67914	1531726	831955	1702391	1688943	3100
grid-carry-k0-w1-n0	0	true	true	4	1	0	0	3	6	0	0	0	0	2	0	0	0	0	2	0	0	1	1	1	0	3	3	2	6	3	0	0	82	4791	2360	5122	4906	18
grid-carry-k0-w1-n0	1	true	true	4	1	0	0	3	6	0	0	0	0	2	0	0	0	0	2	0	0	1	1	1	0	3	3	2	6	3	0	0	82	4791	2360	5122	4906	15
grid-carry-k0-w1-n0	8	true	true	4	1	0	0	3	6	0	0	0	0	2	0	0	0	0	2	0	0	1	1	1	0	3	3	2	6	3	0	0	82	4791	2360	5122	4906	20
grid-carry-k0-w1-n0	64	true	true	4	1	0	0	3	6	0	0	0	0	2	0	0	0	0	2	0	0	1	1	1	0	3	3	2	6	3	0	0	82	4791	2361	5123	4907	18
grid-carry-k0-w1-n0	256	true	true	4	1	0	0	3	6	0	0	0	0	2	0	0	0	0	2	0	0	1	1	1	0	3	3	2	6	3	0	0	82	4791	2362	5124	4908	23
grid-carry-k0-w1-n0	Unlimited	true	true	4	1	0	0	3	6	0	0	0	0	2	0	0	0	0	2	0	0	1	1	1	0	3	3	2	6	3	0	0	82	4791	2368	5130	4914	18
grid-carry-k0-w1-n16	0	true	true	20	1	0	0	3	6	0	0	0	0	18	0	0	0	0	2	0	0	1	1	1	0	17	139	18	85	79	0	0	1364	45334	18090	41102	39222	86
grid-carry-k0-w1-n16	1	true	true	20	1	0	0	3	6	0	0	0	0	18	0	0	0	0	2	0	0	1	1	1	0	17	139	18	85	79	0	0	1364	45334	18090	41102	39222	87
grid-carry-k0-w1-n16	8	true	true	20	1	0	0	3	6	0	0	0	0	18	0	0	0	0	2	0	0	1	1	1	0	17	139	18	85	79	0	0	1364	45334	18090	41102	39222	92
grid-carry-k0-w1-n16	64	true	true	20	1	0	0	3	6	0	0	0	0	18	0	0	0	0	2	0	0	1	1	1	0	17	139	18	85	79	0	0	1364	45334	18091	41103	39223	86
grid-carry-k0-w1-n16	256	true	true	20	1	0	0	3	6	0	0	0	0	18	0	0	0	0	2	0	0	1	1	1	0	17	139	18	85	79	0	0	1364	45334	18092	41104	39224	86
grid-carry-k0-w1-n16	Unlimited	true	true	20	1	0	0	3	6	0	0	0	0	18	0	0	0	0	2	0	0	1	1	1	0	17	139	18	85	79	0	0	1364	45334	18098	41110	39230	59
grid-carry-k0-w1-n128	0	true	true	132	1	0	0	3	6	0	0	0	0	130	0	0	0	0	2	0	0	1	1	1	0	129	8259	130	785	900	0	0	67938	1533054	831996	1702512	1688984	3366
grid-carry-k0-w1-n128	1	true	true	132	1	0	0	3	6	0	0	0	0	130	0	0	0	0	2	0	0	1	1	1	0	129	8259	130	785	900	0	0	67938	1533054	831996	1702512	1688984	4078
grid-carry-k0-w1-n128	8	true	true	132	1	0	0	3	6	0	0	0	0	130	0	0	0	0	2	0	0	1	1	1	0	129	8259	130	785	900	0	0	67938	1533054	831996	1702512	1688984	3287
grid-carry-k0-w1-n128	64	true	true	132	1	0	0	3	6	0	0	0	0	130	0	0	0	0	2	0	0	1	1	1	0	129	8259	130	785	900	0	0	67938	1533054	831997	1702513	1688985	4195
grid-carry-k0-w1-n128	256	true	true	132	1	0	0	3	6	0	0	0	0	130	0	0	0	0	2	0	0	1	1	1	0	129	8259	130	785	900	0	0	67938	1533054	831998	1702514	1688986	3205
grid-carry-k0-w1-n128	Unlimited	true	true	132	1	0	0	3	6	0	0	0	0	130	0	0	0	0	2	0	0	1	1	1	0	129	8259	130	785	900	0	0	67938	1533054	832004	1702520	1688992	4291
grid-carry-k0-w8-n0	0	true	true	18	8	0	0	3	6	0	0	0	0	9	0	0	0	0	9	0	0	1	1	1	0	10	10	9	55	37	0	0	259	14830	2703	7523	6747	38
grid-carry-k0-w8-n0	1	true	true	18	8	0	0	3	6	0	0	0	0	9	0	0	0	0	9	0	0	1	1	1	0	10	10	9	55	37	0	0	259	14830	2703	7523	6747	31
grid-carry-k0-w8-n0	8	true	true	18	8	0	0	3	6	0	0	0	0	9	0	0	0	0	9	0	0	1	1	1	0	10	10	9	55	37	0	0	259	14830	2703	7523	6747	32
grid-carry-k0-w8-n0	64	true	true	18	8	0	0	3	6	0	0	0	0	9	0	0	0	0	9	0	0	1	1	1	0	10	10	9	55	37	0	0	259	14830	2704	7524	6748	32
grid-carry-k0-w8-n0	256	true	true	18	8	0	0	3	6	0	0	0	0	9	0	0	0	0	9	0	0	1	1	1	0	10	10	9	55	37	0	0	259	14830	2705	7525	6749	29
grid-carry-k0-w8-n0	Unlimited	true	true	18	8	0	0	3	6	0	0	0	0	9	0	0	0	0	9	0	0	1	1	1	0	10	10	9	55	37	0	0	259	14830	2711	7531	6755	37
grid-carry-k0-w8-n16	0	true	true	34	8	0	0	3	6	0	0	0	0	25	0	0	0	0	9	0	0	1	1	1	0	17	146	25	206	141	0	0	1551	54718	18433	42005	39565	104
grid-carry-k0-w8-n16	1	true	true	34	8	0	0	3	6	0	0	0	0	25	0	0	0	0	9	0	0	1	1	1	0	17	146	25	206	141	0	0	1551	54718	18433	42005	39565	106
grid-carry-k0-w8-n16	8	true	true	34	8	0	0	3	6	0	0	0	0	25	0	0	0	0	9	0	0	1	1	1	0	17	146	25	206	141	0	0	1551	54718	18433	42005	39565	109
grid-carry-k0-w8-n16	64	true	true	34	8	0	0	3	6	0	0	0	0	25	0	0	0	0	9	0	0	1	1	1	0	17	146	25	206	141	0	0	1551	54718	18434	42006	39566	102
grid-carry-k0-w8-n16	256	true	true	34	8	0	0	3	6	0	0	0	0	25	0	0	0	0	9	0	0	1	1	1	0	17	146	25	206	141	0	0	1551	54718	18435	42007	39567	103
grid-carry-k0-w8-n16	Unlimited	true	true	34	8	0	0	3	6	0	0	0	0	25	0	0	0	0	9	0	0	1	1	1	0	17	146	25	206	141	0	0	1551	54718	18441	42013	39573	101
grid-carry-k0-w8-n128	0	true	true	146	8	0	0	3	6	0	0	0	0	137	0	0	0	0	9	0	0	1	1	1	0	129	8266	137	906	975	0	0	68139	1543382	832339	1703415	1689327	4247
grid-carry-k0-w8-n128	1	true	true	146	8	0	0	3	6	0	0	0	0	137	0	0	0	0	9	0	0	1	1	1	0	129	8266	137	906	975	0	0	68139	1543382	832339	1703415	1689327	3236
grid-carry-k0-w8-n128	8	true	true	146	8	0	0	3	6	0	0	0	0	137	0	0	0	0	9	0	0	1	1	1	0	129	8266	137	906	975	0	0	68139	1543382	832339	1703415	1689327	3166
grid-carry-k0-w8-n128	64	true	true	146	8	0	0	3	6	0	0	0	0	137	0	0	0	0	9	0	0	1	1	1	0	129	8266	137	906	975	0	0	68139	1543382	832340	1703416	1689328	2974
grid-carry-k0-w8-n128	256	true	true	146	8	0	0	3	6	0	0	0	0	137	0	0	0	0	9	0	0	1	1	1	0	129	8266	137	906	975	0	0	68139	1543382	832341	1703417	1689329	3327
grid-carry-k0-w8-n128	Unlimited	true	true	146	8	0	0	3	6	0	0	0	0	137	0	0	0	0	9	0	0	1	1	1	0	129	8266	137	906	975	0	0	68139	1543382	832347	1703423	1689335	4489
grid-carry-k0-w64-n0	0	true	true	130	64	0	0	3	6	0	0	0	0	65	0	0	0	0	65	0	0	1	1	1	0	66	66	65	743	460	0	0	1951	110374	5449	28413	23157	202
grid-carry-k0-w64-n0	1	true	true	130	64	0	0	3	6	0	0	0	0	65	0	0	0	0	65	0	0	1	1	1	0	66	66	65	743	460	0	0	1951	110374	5449	28413	23157	203
grid-carry-k0-w64-n0	8	true	true	130	64	0	0	3	6	0	0	0	0	65	0	0	0	0	65	0	0	1	1	1	0	66	66	65	743	460	0	0	1951	110374	5449	28413	23157	195
grid-carry-k0-w64-n0	64	true	true	130	64	0	0	3	6	0	0	0	0	65	0	0	0	0	65	0	0	1	1	1	0	66	66	65	743	460	0	0	1951	110374	5450	28414	23158	258
grid-carry-k0-w64-n0	256	true	true	130	64	0	0	3	6	0	0	0	0	65	0	0	0	0	65	0	0	1	1	1	0	66	66	65	743	460	0	0	1951	110374	5451	28415	23159	190
grid-carry-k0-w64-n0	Unlimited	true	true	130	64	0	0	3	6	0	0	0	0	65	0	0	0	0	65	0	0	1	1	1	0	66	66	65	743	460	0	0	1951	110374	5457	28421	23165	189
grid-carry-k0-w64-n16	0	true	true	146	64	0	0	3	6	0	0	0	0	81	0	0	0	0	65	0	0	1	1	1	0	66	202	81	1421	761	0	0	3396	160727	21179	60977	54057	222
grid-carry-k0-w64-n16	1	true	true	146	64	0	0	3	6	0	0	0	0	81	0	0	0	0	65	0	0	1	1	1	0	66	202	81	1421	761	0	0	3396	160727	21179	60977	54057	245
grid-carry-k0-w64-n16	8	true	true	146	64	0	0	3	6	0	0	0	0	81	0	0	0	0	65	0	0	1	1	1	0	66	202	81	1421	761	0	0	3396	160727	21179	60977	54057	224
grid-carry-k0-w64-n16	64	true	true	146	64	0	0	3	6	0	0	0	0	81	0	0	0	0	65	0	0	1	1	1	0	66	202	81	1421	761	0	0	3396	160727	21180	60978	54058	221
grid-carry-k0-w64-n16	256	true	true	146	64	0	0	3	6	0	0	0	0	81	0	0	0	0	65	0	0	1	1	1	0	66	202	81	1421	761	0	0	3396	160727	21181	60979	54059	220
grid-carry-k0-w64-n16	Unlimited	true	true	146	64	0	0	3	6	0	0	0	0	81	0	0	0	0	65	0	0	1	1	1	0	66	202	81	1421	761	0	0	3396	160727	21187	60985	54065	217
grid-carry-k0-w64-n128	0	true	true	258	64	0	0	3	6	0	0	0	0	193	0	0	0	0	65	0	0	1	1	1	0	129	8322	193	2035	1667	0	0	69915	1633238	835085	1710641	1692073	2969
grid-carry-k0-w64-n128	1	true	true	258	64	0	0	3	6	0	0	0	0	193	0	0	0	0	65	0	0	1	1	1	0	129	8322	193	2035	1667	0	0	69915	1633238	835085	1710641	1692073	3696
grid-carry-k0-w64-n128	8	true	true	258	64	0	0	3	6	0	0	0	0	193	0	0	0	0	65	0	0	1	1	1	0	129	8322	193	2035	1667	0	0	69915	1633238	835085	1710641	1692073	4451
grid-carry-k0-w64-n128	64	true	true	258	64	0	0	3	6	0	0	0	0	193	0	0	0	0	65	0	0	1	1	1	0	129	8322	193	2035	1667	0	0	69915	1633238	835086	1710642	1692074	4765
grid-carry-k0-w64-n128	256	true	true	258	64	0	0	3	6	0	0	0	0	193	0	0	0	0	65	0	0	1	1	1	0	129	8322	193	2035	1667	0	0	69915	1633238	835087	1710643	1692075	4181
grid-carry-k0-w64-n128	Unlimited	true	true	258	64	0	0	3	6	0	0	0	0	193	0	0	0	0	65	0	0	1	1	1	0	129	8322	193	2035	1667	0	0	69915	1633238	835093	1710649	1692081	3016
grid-carry-k0-w256-n0	0	true	true	514	256	0	0	3	6	0	0	0	0	257	0	0	0	0	257	0	0	1	1	1	0	258	258	257	3681	2220	0	0	8355	462598	14859	100061	79415	645
grid-carry-k0-w256-n0	1	true	true	514	256	0	0	3	6	0	0	0	0	257	0	0	0	0	257	0	0	1	1	1	0	258	258	257	3681	2220	0	0	8355	462598	14859	100061	79415	596
grid-carry-k0-w256-n0	8	true	true	514	256	0	0	3	6	0	0	0	0	257	0	0	0	0	257	0	0	1	1	1	0	258	258	257	3681	2220	0	0	8355	462598	14859	100061	79415	557
grid-carry-k0-w256-n0	64	true	true	514	256	0	0	3	6	0	0	0	0	257	0	0	0	0	257	0	0	1	1	1	0	258	258	257	3681	2220	0	0	8355	462598	14860	100062	79416	593
grid-carry-k0-w256-n0	256	true	true	514	256	0	0	3	6	0	0	0	0	257	0	0	0	0	257	0	0	1	1	1	0	258	258	257	3681	2220	0	0	8355	462598	14861	100063	79417	625
grid-carry-k0-w256-n0	Unlimited	true	true	514	256	0	0	3	6	0	0	0	0	257	0	0	0	0	257	0	0	1	1	1	0	258	258	257	3681	2220	0	0	8355	462598	14867	100069	79423	578
grid-carry-k0-w256-n16	0	true	true	530	256	0	0	3	6	0	0	0	0	273	0	0	0	0	257	0	0	1	1	1	0	258	394	273	6290	3256	0	0	10502	565607	30589	132595	110315	665
grid-carry-k0-w256-n16	1	true	true	530	256	0	0	3	6	0	0	0	0	273	0	0	0	0	257	0	0	1	1	1	0	258	394	273	6290	3256	0	0	10502	565607	30589	132595	110315	662
grid-carry-k0-w256-n16	8	true	true	530	256	0	0	3	6	0	0	0	0	273	0	0	0	0	257	0	0	1	1	1	0	258	394	273	6290	3256	0	0	10502	565607	30589	132595	110315	443
grid-carry-k0-w256-n16	64	true	true	530	256	0	0	3	6	0	0	0	0	273	0	0	0	0	257	0	0	1	1	1	0	258	394	273	6290	3256	0	0	10502	565607	30590	132596	110316	431
grid-carry-k0-w256-n16	256	true	true	530	256	0	0	3	6	0	0	0	0	273	0	0	0	0	257	0	0	1	1	1	0	258	394	273	6290	3256	0	0	10502	565607	30591	132597	110317	428
grid-carry-k0-w256-n16	Unlimited	true	true	530	256	0	0	3	6	0	0	0	0	273	0	0	0	0	257	0	0	1	1	1	0	258	394	273	6290	3256	0	0	10502	565607	30597	132603	110323	680
grid-carry-k0-w256-n128	0	true	true	642	256	0	0	3	6	0	0	0	0	385	0	0	0	0	257	0	0	1	1	1	0	258	8514	385	6516	4343	0	0	76870	2021551	844495	1766677	1732749	3269
grid-carry-k0-w256-n128	1	true	true	642	256	0	0	3	6	0	0	0	0	385	0	0	0	0	257	0	0	1	1	1	0	258	8514	385	6516	4343	0	0	76870	2021551	844495	1766677	1732749	3254
grid-carry-k0-w256-n128	8	true	true	642	256	0	0	3	6	0	0	0	0	385	0	0	0	0	257	0	0	1	1	1	0	258	8514	385	6516	4343	0	0	76870	2021551	844495	1766677	1732749	4054
grid-carry-k0-w256-n128	64	true	true	642	256	0	0	3	6	0	0	0	0	385	0	0	0	0	257	0	0	1	1	1	0	258	8514	385	6516	4343	0	0	76870	2021551	844496	1766678	1732750	4256
grid-carry-k0-w256-n128	256	true	true	642	256	0	0	3	6	0	0	0	0	385	0	0	0	0	257	0	0	1	1	1	0	258	8514	385	6516	4343	0	0	76870	2021551	844497	1766679	1732751	4729
grid-carry-k0-w256-n128	Unlimited	true	true	642	256	0	0	3	6	0	0	0	0	385	0	0	0	0	257	0	0	1	1	1	0	258	8514	385	6516	4343	0	0	76870	2021551	844503	1766685	1732757	5043
grid-carry-k1-w0-n0	0	true	true	8	1	0	0	3	6	0	0	0	0	2	2	2	7	2	3	1	0	2	2	2	0	4	4	5	15	7	1	0	142	8381	3146	7440	6924	32
grid-carry-k1-w0-n0	1	true	true	8	1	0	1	3	6	2	0	0	0	2	2	2	7	2	4	1	0	2	2	2	0	4	4	5	16	7	1	0	146	8802	3146	7440	6924	26
grid-carry-k1-w0-n0	8	true	true	8	1	0	1	3	6	2	0	0	0	2	2	2	7	2	4	1	0	2	2	2	0	4	4	5	16	7	1	0	146	8802	3146	7440	6924	24
grid-carry-k1-w0-n0	64	true	true	8	1	0	1	3	6	2	0	0	0	2	2	2	7	2	4	1	0	2	2	2	0	4	4	5	16	7	1	0	146	8802	3147	7441	6925	23
grid-carry-k1-w0-n0	256	true	true	8	1	0	1	3	6	2	0	0	0	2	2	2	7	2	4	1	0	2	2	2	0	4	4	5	16	7	1	0	146	8802	3148	7442	6926	25
grid-carry-k1-w0-n0	Unlimited	true	true	8	1	0	1	3	6	2	0	0	0	2	2	2	7	2	4	1	0	2	2	2	0	4	4	5	16	7	1	0	146	8802	3154	7448	6932	38
grid-carry-k1-w0-n16	0	true	true	24	1	0	0	3	6	0	0	0	0	18	2	2	7	2	3	1	0	2	2	2	0	19	140	21	99	81	1	0	2002	64501	26932	66434	64254	124
grid-carry-k1-w0-n16	1	true	true	24	1	0	1	3	6	2	0	0	0	18	2	2	7	2	4	1	0	2	2	2	0	19	140	21	102	81	1	0	2006	64922	26932	66434	64254	88
grid-carry-k1-w0-n16	8	true	true	24	1	0	1	3	6	2	0	0	0	18	2	2	7	2	4	1	0	2	2	2	0	19	140	21	102	81	1	0	2006	64922	26932	66434	64254	128
grid-carry-k1-w0-n16	64	true	true	24	1	0	1	3	6	2	0	0	0	18	2	2	7	2	4	1	0	2	2	2	0	19	140	21	102	81	1	0	2006	64922	26933	66435	64255	129
grid-carry-k1-w0-n16	256	true	true	24	1	0	1	3	6	2	0	0	0	18	2	2	7	2	4	1	0	2	2	2	0	19	140	21	102	81	1	0	2006	64922	26934	66436	64256	142
grid-carry-k1-w0-n16	Unlimited	true	true	24	1	0	1	3	6	2	0	0	0	18	2	2	7	2	4	1	0	2	2	2	0	19	140	21	102	81	1	0	2006	64922	26940	66442	64262	150
grid-carry-k1-w0-n128	0	true	true	136	1	0	0	3	6	0	0	0	0	130	2	2	7	2	3	1	0	2	2	2	0	131	8260	133	878	858	1	0	101239	2366541	1250478	2946012	2932184	5674
grid-carry-k1-w0-n128	1	true	true	136	1	0	1	3	6	2	0	0	0	130	2	2	7	2	4	1	0	2	2	2	0	131	8260	133	881	858	1	0	101243	2366962	1250478	2946012	2932184	4892
grid-carry-k1-w0-n128	8	true	true	136	1	0	1	3	6	2	0	0	0	130	2	2	7	2	4	1	0	2	2	2	0	131	8260	133	881	858	1	0	101243	2366962	1250478	2946012	2932184	4721
grid-carry-k1-w0-n128	64	true	true	136	1	0	1	3	6	2	0	0	0	130	2	2	7	2	4	1	0	2	2	2	0	131	8260	133	881	858	1	0	101243	2366962	1250479	2946013	2932185	4345
grid-carry-k1-w0-n128	256	true	true	136	1	0	1	3	6	2	0	0	0	130	2	2	7	2	4	1	0	2	2	2	0	131	8260	133	881	858	1	0	101243	2366962	1250480	2946014	2932186	4474
grid-carry-k1-w0-n128	Unlimited	true	true	136	1	0	1	3	6	2	0	0	0	130	2	2	7	2	4	1	0	2	2	2	0	131	8260	133	881	858	1	0	101243	2366962	1250486	2946020	2932192	4798
grid-carry-k1-w1-n0	0	true	true	12	3	0	0	3	6	0	0	0	0	4	2	2	7	2	5	1	0	2	2	2	0	5	5	7	25	13	1	0	179	10524	3195	7795	7199	28
grid-carry-k1-w1-n0	1	true	true	10	2	1	1	3	6	2	0	1	1	3	2	2	7	2	4	1	0	2	2	2	0	5	5	7	19	10	1	0	163	9730	3195	7795	7199	24
grid-carry-k1-w1-n0	8	true	true	10	2	1	2	3	6	4	0	0	1	3	2	2	7	2	5	1	0	2	2	2	0	5	5	7	20	10	1	0	167	10151	3195	7795	7199	28
grid-carry-k1-w1-n0	64	true	true	10	2	1	2	3	6	4	0	0	1	3	2	2	7	2	5	1	0	2	2	2	0	5	5	7	20	10	1	0	167	10151	3196	7796	7200	29
grid-carry-k1-w1-n0	256	true	true	10	2	1	2	3	6	4	0	0	1	3	2	2	7	2	5	1	0	2	2	2	0	5	5	7	20	10	1	0	167	10151	3197	7797	7201	24
grid-carry-k1-w1-n0	Unlimited	true	true	10	2	1	2	3	6	4	0	0	1	3	2	2	7	2	5	1	0	2	2	2	0	5	5	7	20	10	1	0	167	10151	3203	7803	7207	22
grid-carry-k1-w1-n16	0	true	true	28	3	0	0	3	6	0	0	0	0	20	2	2	7	2	5	1	0	2	2	2	0	19	141	23	123	95	1	0	2044	66819	26981	66563	64303	134
grid-carry-k1-w1-n16	1	true	true	26	2	1	1	3	6	2	0	1	1	19	2	2	7	2	4	1	0	2	2	2	0	19	141	23	108	88	1	0	2024	65737	26981	66563	64303	122
grid-carry-k1-w1-n16	8	true	true	26	2	1	2	3	6	4	0	0	1	19	2	2	7	2	5	1	0	2	2	2	0	19	141	23	111	88	1	0	2028	66158	26981	66563	64303	121
grid-carry-k1-w1-n16	64	true	true	26	2	1	2	3	6	4	0	0	1	19	2	2	7	2	5	1	0	2	2	2	0	19	141	23	111	88	1	0	2028	66158	26982	66564	64304	123
grid-carry-k1-w1-n16	256	true	true	26	2	1	2	3	6	4	0	0	1	19	2	2	7	2	5	1	0	2	2	2	0	19	141	23	111	88	1	0	2028	66158	26983	66565	64305	86
grid-carry-k1-w1-n16	Unlimited	true	true	26	2	1	2	3	6	4	0	0	1	19	2	2	7	2	5	1	0	2	2	2	0	19	141	23	111	88	1	0	2028	66158	26989	66571	64311	86
grid-carry-k1-w1-n128	0	true	true	140	3	0	0	3	6	0	0	0	0	132	2	2	7	2	5	1	0	2	2	2	0	131	8261	135	902	872	1	0	101281	2368859	1250527	2946141	2932233	5195
grid-carry-k1-w1-n128	1	true	true	138	2	1	1	3	6	2	0	1	1	131	2	2	7	2	4	1	0	2	2	2	0	131	8261	135	887	865	1	0	101261	2367777	1250527	2946141	2932233	4470
grid-carry-k1-w1-n128	8	true	true	138	2	1	2	3	6	4	0	0	1	131	2	2	7	2	5	1	0	2	2	2	0	131	8261	135	890	865	1	0	101265	2368198	1250527	2946141	2932233	4449
grid-carry-k1-w1-n128	64	true	true	138	2	1	2	3	6	4	0	0	1	131	2	2	7	2	5	1	0	2	2	2	0	131	8261	135	890	865	1	0	101265	2368198	1250528	2946142	2932234	5951
grid-carry-k1-w1-n128	256	true	true	138	2	1	2	3	6	4	0	0	1	131	2	2	7	2	5	1	0	2	2	2	0	131	8261	135	890	865	1	0	101265	2368198	1250529	2946143	2932235	4614
grid-carry-k1-w1-n128	Unlimited	true	true	138	2	1	2	3	6	4	0	0	1	131	2	2	7	2	5	1	0	2	2	2	0	131	8261	135	890	865	1	0	101265	2368198	1250535	2946149	2932241	5029
grid-carry-k1-w8-n0	0	true	true	40	17	0	0	3	6	0	0	0	0	18	2	2	7	2	19	1	0	2	2	2	0	12	12	21	107	75	1	0	473	26133	3538	9930	8620	48
grid-carry-k1-w8-n0	1	true	true	38	16	1	1	3	6	2	0	1	1	17	2	2	7	2	18	1	0	2	2	2	0	12	12	21	101	72	1	0	457	25339	3538	9930	8620	44
grid-carry-k1-w8-n0	8	true	true	24	9	8	8	3	6	16	0	1	8	10	2	2	7	2	11	1	0	2	2	2	0	12	12	21	53	41	1	0	325	18981	3538	9776	8620	38
grid-carry-k1-w8-n0	64	true	true	24	9	8	9	3	6	18	0	0	8	10	2	2	7	2	12	1	0	2	2	2	0	12	12	21	54	41	1	0	329	19402	3539	9777	8621	39
grid-carry-k1-w8-n0	256	true	true	24	9	8	9	3	6	18	0	0	8	10	2	2	7	2	12	1	0	2	2	2	0	12	12	21	54	41	1	0	329	19402	3540	9778	8622	38
grid-carry-k1-w8-n0	Unlimited	true	true	24	9	8	9	3	6	18	0	0	8	10	2	2	7	2	12	1	0	2	2	2	0	12	12	21	54	41	1	0	329	19402	3546	9784	8628	36
grid-carry-k1-w8-n16	0	true	true	56	17	0	0	3	6	0	0	0	0	34	2	2	7	2	19	1	0	2	2	2	0	19	148	37	325	219	1	0	2392	85141	27324	67466	64646	147
grid-carry-k1-w8-n16	1	true	true	54	16	1	1	3	6	2	0	1	1	33	2	2	7	2	18	1	0	2	2	2	0	19	148	37	310	212	1	0	2372	84059	27324	67466	64646	145
grid-carry-k1-w8-n16	8	true	true	40	9	8	8	3	6	16	0	1	8	26	2	2	7	2	11	1	0	2	2	2	0	19	148	37	188	150	1	0	2205	75437	27324	67466	64646	139
grid-carry-k1-w8-n16	64	true	true	40	9	8	9	3	6	18	0	0	8	26	2	2	7	2	12	1	0	2	2	2	0	19	148	37	191	150	1	0	2209	75858	27325	67467	64647	135
grid-carry-k1-w8-n16	256	true	true	40	9	8	9	3	6	18	0	0	8	26	2	2	7	2	12	1	0	2	2	2	0	19	148	37	191	150	1	0	2209	75858	27326	67468	64648	139
grid-carry-k1-w8-n16	Unlimited	true	true	40	9	8	9	3	6	18	0	0	8	26	2	2	7	2	12	1	0	2	2	2	0	19	148	37	191	150	1	0	2209	75858	27332	67474	64654	159
grid-carry-k1-w8-n128	0	true	true	168	17	0	0	3	6	0	0	0	0	146	2	2	7	2	19	1	0	2	2	2	0	131	8268	149	1088	990	1	0	101617	2386701	1250870	2947044	2932576	4620
grid-carry-k1-w8-n128	1	true	true	166	16	1	1	3	6	2	0	1	1	145	2	2	7	2	18	1	0	2	2	2	0	131	8268	149	1073	983	1	0	101597	2385619	1250870	2947044	2932576	4669
grid-carry-k1-w8-n128	8	true	true	152	9	8	8	3	6	16	0	1	8	138	2	2	7	2	11	1	0	2	2	2	0	131	8268	149	959	924	1	0	101436	2377237	1250870	2947044	2932576	4633
grid-carry-k1-w8-n128	64	true	true	152	9	8	9	3	6	18	0	0	8	138	2	2	7	2	12	1	0	2	2	2	0	131	8268	149	962	924	1	0	101440	2377658	1250871	2947045	2932577	4392
grid-carry-k1-w8-n128	256	true	true	152	9	8	9	3	6	18	0	0	8	138	2	2	7	2	12	1	0	2	2	2	0	131	8268	149	962	924	1	0	101440	2377658	1250872	2947046	2932578	4636
grid-carry-k1-w8-n128	Unlimited	true	true	152	9	8	9	3	6	18	0	0	8	138	2	2	7	2	12	1	0	2	2	2	0	131	8268	149	962	924	1	0	101440	2377658	1250878	2947052	2932584	5495
grid-carry-k1-w64-n0	0	true	true	264	129	0	0	3	6	0	0	0	0	130	2	2	7	2	131	1	0	2	2	2	0	68	68	133	1279	823	1	0	3319	181165	6284	35300	25030	279
grid-carry-k1-w64-n0	1	true	true	262	128	1	1	3	6	2	0	1	1	129	2	2	7	2	130	1	0	2	2	2	0	68	68	133	1273	820	1	0	3303	180371	6284	35300	25030	274
grid-carry-k1-w64-n0	8	true	true	248	121	8	8	3	6	16	0	1	8	122	2	2	7	2	123	1	0	2	2	2	0	68	68	133	1225	789	1	0	3171	174013	6284	34740	25030	182
grid-carry-k1-w64-n0	64	true	true	136	65	64	64	3	6	128	0	1	64	66	2	2	7	2	67	1	0	2	2	2	0	68	68	133	583	415	1	0	1863	113069	6285	30667	25031	122
grid-carry-k1-w64-n0	256	true	true	136	65	64	65	3	6	130	0	0	64	66	2	2	7	2	68	1	0	2	2	2	0	68	68	133	584	415	1	0	1867	113490	6286	30668	25032	191
grid-carry-k1-w64-n0	Unlimited	true	true	136	65	64	65	3	6	130	0	0	64	66	2	2	7	2	68	1	0	2	2	2	0	68	68	133	584	415	1	0	1867	113490	6292	30674	25038	185
grid-carry-k1-w64-n16	0	true	true	280	129	0	0	3	6	0	0	0	0	146	2	2	7	2	131	1	0	2	2	2	0	68	204	149	2425	1473	1	0	5784	273558	30070	86438	79138	355
grid-carry-k1-w64-n16	1	true	true	278	128	1	1	3	6	2	0	1	1	145	2	2	7	2	130	1	0	2	2	2	0	68	204	149	2410	1466	1	0	5764	272476	30070	86438	79138	235
grid-carry-k1-w64-n16	8	true	true	264	121	8	8	3	6	16	0	1	8	138	2	2	7	2	123	1	0	2	2	2	0	68	204	149	2288	1404	1	0	5597	263854	30070	86438	79138	338
grid-carry-k1-w64-n16	64	true	true	152	65	64	64	3	6	128	0	1	64	82	2	2	7	2	67	1	0	2	2	2	0	68	204	149	1070	777	1	0	4008	184470	30071	86439	79139	169
grid-carry-k1-w64-n16	256	true	true	152	65	64	65	3	6	130	0	0	64	82	2	2	7	2	68	1	0	2	2	2	0	68	204	149	1073	777	1	0	4012	184891	30072	86440	79140	246
grid-carry-k1-w64-n16	Unlimited	true	true	152	65	64	65	3	6	130	0	0	64	82	2	2	7	2	68	1	0	2	2	2	0	68	204	149	1073	777	1	0	4012	184891	30078	86446	79146	162
grid-carry-k1-w64-n128	0	true	true	392	129	0	0	3	6	0	0	0	0	258	2	2	7	2	131	1	0	2	2	2	0	131	8324	261	2996	2148	1	0	104717	2546429	1253616	2954270	2935322	4707
grid-carry-k1-w64-n128	1	true	true	390	128	1	1	3	6	2	0	1	1	257	2	2	7	2	130	1	0	2	2	2	0	131	8324	261	2981	2141	1	0	104697	2545347	1253616	2954270	2935322	4951
grid-carry-k1-w64-n128	8	true	true	376	121	8	8	3	6	16	0	1	8	250	2	2	7	2	123	1	0	2	2	2	0	131	8324	261	2867	2082	1	0	104536	2536965	1253616	2954270	2935322	6684
grid-carry-k1-w64-n128	64	true	true	264	65	64	64	3	6	128	0	1	64	194	2	2	7	2	67	1	0	2	2	2	0	131	8324	261	1745	1503	1	0	103042	2461413	1253617	2954271	2935323	4623
grid-carry-k1-w64-n128	256	true	true	264	65	64	65	3	6	130	0	0	64	194	2	2	7	2	68	1	0	2	2	2	0	131	8324	261	1748	1503	1	0	103046	2461834	1253618	2954272	2935324	4561
grid-carry-k1-w64-n128	Unlimited	true	true	264	65	64	65	3	6	130	0	0	64	194	2	2	7	2	68	1	0	2	2	2	0	131	8324	261	1748	1503	1	0	103046	2461834	1253624	2954278	2935330	4572
grid-carry-k1-w256-n0	0	true	true	1032	513	0	0	3	6	0	0	0	0	514	2	2	7	2	515	1	0	2	2	2	0	260	260	517	6995	4259	1	0	14803	782285	15694	122278	81288	978
grid-carry-k1-w256-n0	1	true	true	1030	512	1	1	3	6	2	0	1	1	513	2	2	7	2	514	1	0	2	2	2	0	260	260	517	6989	4256	1	0	14787	781491	15694	122278	81288	935
grid-carry-k1-w256-n0	8	true	true	1016	505	8	8	3	6	16	0	1	8	506	2	2	7	2	507	1	0	2	2	2	0	260	260	517	6941	4225	1	0	14655	775133	15694	121718	81288	938
grid-carry-k1-w256-n0	64	true	true	904	449	64	64	3	6	128	0	1	64	450	2	2	7	2	451	1	0	2	2	2	0	260	260	517	6299	3851	1	0	13347	714189	15695	117479	81289	871
grid-carry-k1-w256-n0	256	true	true	520	257	256	256	3	6	512	0	1	256	258	2	2	7	2	259	1	0	2	2	2	0	260	260	517	3249	2133	1	0	7991	470381	15696	102286	81290	562
grid-carry-k1-w256-n0	Unlimited	true	true	520	257	256	257	3	6	514	0	0	256	258	2	2	7	2	260	1	0	2	2	2	0	260	260	517	3250	2133	1	0	7995	470802	15702	102292	81296	557
grid-carry-k1-w256-n16	0	true	true	1048	513	0	0	3	6	0	0	0	0	530	2	2	7	2	515	1	0	2	2	2	0	260	396	533	10979	6455	1	0	18826	986086	39480	163042	135396	1179
grid-carry-k1-w256-n16	1	true	true	1046	512	1	1	3	6	2	0	1	1	529	2	2	7	2	514	1	0	2	2	2	0	260	396	533	10964	6448	1	0	18806	985004	39480	163042	135396	753
grid-carry-k1-w256-n16	8	true	true	1032	505	8	8	3	6	16	0	1	8	522	2	2	7	2	507	1	0	2	2	2	0	260	396	533	10842	6386	1	0	18639	976382	39480	162482	135396	1168
grid-carry-k1-w256-n16	64	true	true	920	449	64	64	3	6	128	0	1	64	466	2	2	7	2	451	1	0	2	2	2	0	260	396	533	9624	5759	1	0	17050	896998	39481	158243	135397	665
grid-carry-k1-w256-n16	256	true	true	536	257	256	256	3	6	512	0	1	256	274	2	2	7	2	259	1	0	2	2	2	0	260	396	533	4771	3268	1	0	10915	597486	39482	158058	135398	714
grid-carry-k1-w256-n16	Unlimited	true	true	536	257	256	257	3	6	514	0	0	256	274	2	2	7	2	260	1	0	2	2	2	0	260	396	533	4774	3268	1	0	10919	597907	39488	158064	135404	686
grid-carry-k1-w256-n128	0	true	true	1160	513	0	0	3	6	0	0	0	0	642	2	2	7	2	515	1	0	2	2	2	0	260	8516	645	10790	6728	1	0	116825	3198814	1263026	3010306	2975998	5095
grid-carry-k1-w256-n128	1	true	true	1158	512	1	1	3	6	2	0	1	1	641	2	2	7	2	514	1	0	2	2	2	0	260	8516	645	10775	6721	1	0	116805	3197732	1263026	3010306	2975998	5148
grid-carry-k1-w256-n128	8	true	true	1144	505	8	8	3	6	16	0	1	8	634	2	2	7	2	507	1	0	2	2	2	0	260	8516	645	10661	6662	1	0	116644	3189350	1263026	3010306	2975998	5302
grid-carry-k1-w256-n128	64	true	true	1032	449	64	64	3	6	128	0	1	64	578	2	2	7	2	451	1	0	2	2	2	0	260	8516	645	9539	6083	1	0	115150	3113798	1263027	3010307	2975999	5505
grid-carry-k1-w256-n128	256	true	true	648	257	256	256	3	6	512	0	1	256	386	2	2	7	2	259	1	0	2	2	2	0	260	8516	645	5066	3793	1	0	109418	2830374	1263028	3010308	2976000	4630
grid-carry-k1-w256-n128	Unlimited	true	true	648	257	256	257	3	6	514	0	0	256	386	2	2	7	2	260	1	0	2	2	2	0	260	8516	645	5069	3793	1	0	109422	2830795	1263034	3010314	2976006	5162
grid-carry-k2-w0-n0	0	true	true	19	3	0	0	3	6	0	0	0	0	3	6	6	25	6	7	3	0	4	4	4	0	4	8	12	65	27	8	0	293	15939	4646	11284	10580	39
grid-carry-k2-w0-n0	1	true	true	19	3	0	3	3	6	6	0	0	0	3	6	6	25	6	10	3	0	4	4	4	0	4	8	12	69	27	8	0	305	17202	4646	11284	10580	29
grid-carry-k2-w0-n0	8	true	true	19	3	0	3	3	6	6	0	0	0	3	6	6	25	6	10	3	0	4	4	4	0	4	8	12	69	27	8	0	305	17202	4646	11284	10580	30
grid-carry-k2-w0-n0	64	true	true	19	3	0	3	3	6	6	0	0	0	3	6	6	25	6	10	3	0	4	4	4	0	4	8	12	69	27	8	0	305	17202	4647	11285	10581	33
grid-carry-k2-w0-n0	256	true	true	19	3	0	3	3	6	6	0	0	0	3	6	6	25	6	10	3	0	4	4	4	0	4	8	12	69	27	8	0	305	17202	4648	11286	10582	34
grid-carry-k2-w0-n0	Unlimited	true	true	19	3	0	3	3	6	6	0	0	0	3	6	6	25	6	10	3	0	4	4	4	0	4	8	12	69	27	8	0	305	17202	4654	11292	10588	38
grid-carry-k2-w0-n16	0	true	true	35	3	0	0	3	6	0	0	0	0	19	6	6	25	6	7	3	0	4	4	4	0	19	144	28	182	99	8	0	3309	106571	44784	116934	114566	194
grid-carry-k2-w0-n16	1	true	true	35	3	0	3	3	6	6	0	0	0	19	6	6	25	6	10	3	0	4	4	4	0	19	144	28	189	99	8	0	3321	107834	44784	116934	114566	221
grid-carry-k2-w0-n16	8	true	true	35	3	0	3	3	6	6	0	0	0	19	6	6	25	6	10	3	0	4	4	4	0	19	144	28	189	99	8	0	3321	107834	44784	116934	114566	187
grid-carry-k2-w0-n16	64	true	true	35	3	0	3	3	6	6	0	0	0	19	6	6	25	6	10	3	0	4	4	4	0	19	144	28	189	99	8	0	3321	107834	44785	116935	114567	179
grid-carry-k2-w0-n16	256	true	true	35	3	0	3	3	6	6	0	0	0	19	6	6	25	6	10	3	0	4	4	4	0	19	144	28	189	99	8	0	3321	107834	44786	116936	114568	179
grid-carry-k2-w0-n16	Unlimited	true	true	35	3	0	3	3	6	6	0	0	0	19	6	6	25	6	10	3	0	4	4	4	0	19	144	28	189	99	8	0	3321	107834	44792	116942	114574	179
grid-carry-k2-w0-n128	0	true	true	147	3	0	0	3	6	0	0	0	0	131	6	6	25	6	7	3	0	4	4	4	0	131	8264	140	1187	878	8	0	167962	4059859	2087610	5432848	5418832	7221
grid-carry-k2-w0-n128	1	true	true	147	3	0	3	3	6	6	0	0	0	131	6	6	25	6	10	3	0	4	4	4	0	131	8264	140	1194	878	8	0	167974	4061122	2087610	5432848	5418832	7687
grid-carry-k2-w0-n128	8	true	true	147	3	0	3	3	6	6	0	0	0	131	6	6	25	6	10	3	0	4	4	4	0	131	8264	140	1194	878	8	0	167974	4061122	2087610	5432848	5418832	8099
grid-carry-k2-w0-n128	64	true	true	147	3	0	3	3	6	6	0	0	0	131	6	6	25	6	10	3	0	4	4	4	0	131	8264	140	1194	878	8	0	167974	4061122	2087611	5432849	5418833	9496
grid-carry-k2-w0-n128	256	true	true	147	3	0	3	3	6	6	0	0	0	131	6	6	25	6	10	3	0	4	4	4	0	131	8264	140	1194	878	8	0	167974	4061122	2087612	5432850	5418834	8047
grid-carry-k2-w0-n128	Unlimited	true	true	147	3	0	3	3	6	6	0	0	0	131	6	6	25	6	10	3	0	4	4	4	0	131	8264	140	1194	878	8	0	167974	4061122	2087618	5432856	5418840	7220
grid-carry-k2-w1-n0	0	true	true	27	7	0	0	3	6	0	0	0	0	7	6	6	25	6	11	3	0	4	4	4	0	5	9	16	85	39	8	0	360	19758	4695	11639	10855	153
grid-carry-k2-w1-n0	1	true	true	21	4	1	3	3	6	6	0	1	1	4	6	6	25	6	10	3	0	4	4	4	0	5	9	14	78	36	8	0	332	18594	4695	11639	10855	55
grid-carry-k2-w1-n0	8	true	true	21	4	1	4	3	6	8	0	0	1	4	6	6	25	6	11	3	0	4	4	4	0	5	9	14	80	36	8	0	336	19015	4695	11639	10855	42
grid-carry-k2-w1-n0	64	true	true	21	4	1	4	3	6	8	0	0	1	4	6	6	25	6	11	3	0	4	4	4	0	5	9	14	80	36	8	0	336	19015	4696	11640	10856	29
grid-carry-k2-w1-n0	256	true	true	21	4	1	4	3	6	8	0	0	1	4	6	6	25	6	11	3	0	4	4	4	0	5	9	14	80	36	8	0	336	19015	4697	11641	10857	34
grid-carry-k2-w1-n0	Unlimited	true	true	21	4	1	4	3	6	8	0	0	1	4	6	6	25	6	11	3	0	4	4	4	0	5	9	14	80	36	8	0	336	19015	4703	11647	10863	32
grid-carry-k2-w1-n16	0	true	true	43	7	0	0	3	6	0	0	0	0	23	6	6	25	6	11	3	0	4	4	4	0	19	145	32	218	119	8	0	3381	110565	44833	117063	114615	194
grid-carry-k2-w1-n16	1	true	true	37	4	1	3	3	6	6	0	1	1	20	6	6	25	6	10	3	0	4	4	4	0	19	145	30	200	110	8	0	3347	108969	44833	117063	114615	182
grid-carry-k2-w1-n16	8	true	true	37	4	1	4	3	6	8	0	0	1	20	6	6	25	6	11	3	0	4	4	4	0	19	145	30	203	110	8	0	3351	109390	44833	117063	114615	181
grid-carry-k2-w1-n16	64	true	true	37	4	1	4	3	6	8	0	0	1	20	6	6	25	6	11	3	0	4	4	4	0	19	145	30	203	110	8	0	3351	109390	44834	117064	114616	180
grid-carry-k2-w1-n16	256	true	true	37	4	1	4	3	6	8	0	0	1	20	6	6	25	6	11	3	0	4	4	4	0	19	145	30	203	110	8	0	3351	109390	44835	117065	114617	191
grid-carry-k2-w1-n16	Unlimited	true	true	37	4	1	4	3	6	8	0	0	1	20	6	6	25	6	11	3	0	4	4	4	0	19	145	30	203	110	8	0	3351	109390	44841	117071	114623	179
grid-carry-k2-w1-n128	0	true	true	155	7	0	0	3	6	0	0	0	0	135	6	6	25	6	11	3	0	4	4	4	0	131	8265	144	1223	898	8	0	168034	4063853	2087659	5432977	5418881	7750
grid-carry-k2-w1-n128	1	true	true	149	4	1	3	3	6	6	0	1	1	132	6	6	25	6	10	3	0	4	4	4	0	131	8265	142	1205	889	8	0	168000	4062257	2087659	5432977	5418881	8051
grid-carry-k2-w1-n128	8	true	true	149	4	1	4	3	6	8	0	0	1	132	6	6	25	6	11	3	0	4	4	4	0	131	8265	142	1208	889	8	0	168004	4062678	2087659	5432977	5418881	7425
grid-carry-k2-w1-n128	64	true	true	149	4	1	4	3	6	8	0	0	1	132	6	6	25	6	11	3	0	4	4	4	0	131	8265	142	1208	889	8	0	168004	4062678	2087660	5432978	5418882	8156
grid-carry-k2-w1-n128	256	true	true	149	4	1	4	3	6	8	0	0	1	132	6	6	25	6	11	3	0	4	4	4	0	131	8265	142	1208	889	8	0	168004	4062678	2087661	5432979	5418883	7786
grid-carry-k2-w1-n128	Unlimited	true	true	149	4	1	4	3	6	8	0	0	1	132	6	6	25	6	11	3	0	4	4	4	0	131	8265	142	1208	889	8	0	168004	4062678	2087667	5432985	5418889	8004
grid-carry-k2-w8-n0	0	true	true	83	35	0	0	3	6	0	0	0	0	35	6	6	25	6	39	3	0	4	4	4	0	12	16	44	305	183	8	0	944	50299	5038	14016	12276	79
grid-carry-k2-w8-n0	1	true	true	73	30	3	3	3	6	6	0	3	1	30	6	6	25	6	34	3	0	4	4	4	0	12	16	42	280	170	8	0	868	46385	5038	13936	12276	72
grid-carry-k2-w8-n0	8	true	true	35	11	8	10	3	6	20	0	1	8	11	6	6	25	6	17	3	0	4	4	4	0	12	16	28	147	93	8	0	532	29813	5038	13620	12276	51
grid-carry-k2-w8-n0	64	true	true	35	11	8	11	3	6	22	0	0	8	11	6	6	25	6	18	3	0	4	4	4	0	12	16	28	149	93	8	0	536	30234	5039	13621	12277	54
grid-carry-k2-w8-n0	256	true	true	35	11	8	11	3	6	22	0	0	8	11	6	6	25	6	18	3	0	4	4	4	0	12	16	28	149	93	8	0	536	30234	5040	13622	12278	53
grid-carry-k2-w8-n0	Unlimited	true	true	35	11	8	11	3	6	22	0	0	8	11	6	6	25	6	18	3	0	4	4	4	0	12	16	28	149	93	8	0	536	30234	5046	13628	12284	38
grid-carry-k2-w8-n16	0	true	true	99	35	0	0	3	6	0	0	0	0	51	6	6	25	6	39	3	0	4	4	4	0	19	152	60	534	323	8	0	4013	143643	45176	117966	114958	220
grid-carry-k2-w8-n16	1	true	true	89	30	3	3	3	6	6	0	3	1	46	6	6	25	6	34	3	0	4	4	4	0	19	152	58	486	298	8	0	3923	138849	45176	117966	114958	213
grid-carry-k2-w8-n16	8	true	true	51	11	8	10	3	6	20	0	1	8	27	6	6	25	6	17	3	0	4	4	4	0	19	152	44	298	181	8	0	3545	119381	45176	117966	114958	196
grid-carry-k2-w8-n16	64	true	true	51	11	8	11	3	6	22	0	0	8	27	6	6	25	6	18	3	0	4	4	4	0	19	152	44	301	181	8	0	3549	119802	45177	117967	114959	191
grid-carry-k2-w8-n16	256	true	true	51	11	8	11	3	6	22	0	0	8	27	6	6	25	6	18	3	0	4	4	4	0	19	152	44	301	181	8	0	3549	119802	45178	117968	114960	192
grid-carry-k2-w8-n16	Unlimited	true	true	51	11	8	11	3	6	22	0	0	8	27	6	6	25	6	18	3	0	4	4	4	0	19	152	44	301	181	8	0	3549	119802	45184	117974	114966	167
grid-carry-k2-w8-n128	0	true	true	211	35	0	0	3	6	0	0	0	0	163	6	6	25	6	39	3	0	4	4	4	0	131	8272	172	1563	1110	8	0	168682	4097571	2088002	5433880	5419224	7271
grid-carry-k2-w8-n128	1	true	true	201	30	3	3	3	6	6	0	3	1	158	6	6	25	6	34	3	0	4	4	4	0	131	8272	170	1515	1087	8	0	168596	4092937	2088002	5433880	5419224	7617
grid-carry-k2-w8-n128	8	true	true	163	11	8	10	3	6	20	0	1	8	139	6	6	25	6	17	3	0	4	4	4	0	131	8272	156	1301	967	8	0	168212	4073229	2088002	5433880	5419224	8849
grid-carry-k2-w8-n128	64	true	true	163	11	8	11	3	6	22	0	0	8	139	6	6	25	6	18	3	0	4	4	4	0	131	8272	156	1304	967	8	0	168216	4073650	2088003	5433881	5419225	10317
grid-carry-k2-w8-n128	256	true	true	163	11	8	11	3	6	22	0	0	8	139	6	6	25	6	18	3	0	4	4	4	0	131	8272	156	1304	967	8	0	168216	4073650	2088004	5433882	5419226	7865
grid-carry-k2-w8-n128	Unlimited	true	true	163	11	8	11	3	6	22	0	0	8	139	6	6	25	6	18	3	0	4	4	4	0	131	8272	156	1304	967	8	0	168216	4073650	2088010	5433888	5419232	7145
grid-carry-k2-w64-n0	0	true	true	531	259	0	0	3	6	0	0	0	0	259	6	6	25	6	263	3	0	4	4	4	0	68	72	268	2713	1715	8	0	6366	335027	7784	48312	28686	288
grid-carry-k2-w64-n0	1	true	true	521	254	3	3	3	6	6	0	3	1	254	6	6	25	6	258	3	0	4	4	4	0	68	72	266	2688	1702	8	0	6290	331113	7784	48152	28686	434
grid-carry-k2-w64-n0	8	true	true	451	219	24	24	3	6	48	0	3	8	219	6	6	25	6	223	3	0	4	4	4	0	68	72	252	2401	1531	8	0	5598	297315	7784	45912	28686	416
grid-carry-k2-w64-n0	64	true	true	147	67	64	66	3	6	132	0	1	64	67	6	6	25	6	73	3	0	4	4	4	0	68	72	140	866	592	8	0	2208	133005	7785	34511	28687	207
grid-carry-k2-w64-n0	256	true	true	147	67	64	67	3	6	134	0	0	64	67	6	6	25	6	74	3	0	4	4	4	0	68	72	140	868	592	8	0	2212	133426	7786	34512	28688	217
grid-carry-k2-w64-n0	Unlimited	true	true	147	67	64	67	3	6	134	0	0	64	67	6	6	25	6	74	3	0	4	4	4	0	68	72	140	868	592	8	0	2212	133426	7792	34518	28694	208
grid-carry-k2-w64-n16	0	true	true	547	259	0	0	3	6	0	0	0	0	275	6	6	25	6	263	3	0	4	4	4	0	68	208	284	4018	2391	8	0	10043	464172	47922	136938	129450	555
grid-carry-k2-w64-n16	1	true	true	537	254	3	3	3	6	6	0	3	1	270	6	6	25	6	258	3	0	4	4	4	0	68	208	282	3970	2366	8	0	9953	459378	47922	136938	129450	710
grid-carry-k2-w64-n16	8	true	true	467	219	24	24	3	6	48	0	3	8	235	6	6	25	6	223	3	0	4	4	4	0	68	208	268	3548	2127	8	0	9195	420700	47922	136938	129450	506
grid-carry-k2-w64-n16	64	true	true	163	67	64	66	3	6	132	0	1	64	83	6	6	25	6	73	3	0	4	4	4	0	68	208	156	1224	810	8	0	5353	228582	47923	136939	129451	299
grid-carry-k2-w64-n16	256	true	true	163	67	64	67	3	6	134	0	0	64	83	6	6	25	6	74	3	0	4	4	4	0	68	208	156	1227	810	8	0	5357	229003	47924	136940	129452	312
grid-carry-k2-w64-n16	Unlimited	true	true	163	67	64	67	3	6	134	0	0	64	83	6	6	25	6	74	3	0	4	4	4	0	68	208	156	1227	810	8	0	5357	229003	47930	136946	129458	318
grid-carry-k2-w64-n128	0	true	true	659	259	0	0	3	6	0	0	0	0	387	6	6	25	6	263	3	0	4	4	4	0	131	8328	396	4647	2982	8	0	174218	4381395	2090748	5441106	5421970	7442
grid-carry-k2-w64-n128	1	true	true	649	254	3	3	3	6	6	0	3	1	382	6	6	25	6	258	3	0	4	4	4	0	131	8328	394	4599	2959	8	0	174132	4376761	2090748	5441106	5421970	8377
grid-carry-k2-w64-n128	8	true	true	579	219	24	24	3	6	48	0	3	8	347	6	6	25	6	223	3	0	4	4	4	0	131	8328	380	4165	2727	8	0	173388	4338643	2090748	5441106	5421970	9966
grid-carry-k2-w64-n128	64	true	true	275	67	64	66	3	6	132	0	1	64	195	6	6	25	6	73	3	0	4	4	4	0	131	8328	268	2143	1555	8	0	169836	4158125	2090749	5441107	5421971	10079
grid-carry-k2-w64-n128	256	true	true	275	67	64	67	3	6	134	0	0	64	195	6	6	25	6	74	3	0	4	4	4	0	131	8328	268	2146	1555	8	0	169840	4158546	2090750	5441108	5421972	10039
grid-carry-k2-w64-n128	Unlimited	true	true	275	67	64	67	3	6	134	0	0	64	195	6	6	25	6	74	3	0	4	4	4	0	131	8328	268	2146	1555	8	0	169840	4158546	2090756	5441114	5421978	7228
grid-carry-k2-w256-n0	0	true	true	2067	1027	0	0	3	6	0	0	0	0	1027	6	6	25	6	1031	3	0	4	4	4	0	260	264	1036	14137	8583	8	0	28170	1440339	17194	166010	84944	1103
grid-carry-k2-w256-n0	1	true	true	2057	1022	3	3	3	6	6	0	3	1	1022	6	6	25	6	1026	3	0	4	4	4	0	260	264	1034	14112	8570	8	0	28094	1436425	17194	165850	84944	1308
grid-carry-k2-w256-n0	8	true	true	1987	987	24	24	3	6	48	0	3	8	987	6	6	25	6	991	3	0	4	4	4	0	260	264	1020	13825	8399	8	0	27402	1402627	17194	163610	84944	1724
grid-carry-k2-w256-n0	64	true	true	1427	707	192	192	3	6	384	0	3	64	707	6	6	25	6	711	3	0	4	4	4	0	260	264	908	10604	6486	8	0	20776	1088643	17195	141931	84945	1238
grid-carry-k2-w256-n0	256	true	true	531	259	256	258	3	6	516	0	1	256	259	6	6	25	6	265	3	0	4	4	4	0	260	264	524	4104	2695	8	0	8722	518045	17196	106130	84946	596
grid-carry-k2-w256-n0	Unlimited	true	true	531	259	256	259	3	6	518	0	0	256	259	6	6	25	6	266	3	0	4	4	4	0	260	264	524	4106	2695	8	0	8726	518466	17202	106136	84952	591
grid-carry-k2-w256-n16	0	true	true	2083	1027	0	0	3	6	0	0	0	0	1043	6	6	25	6	1031	3	0	4	4	4	0	260	400	1052	18586	10823	8	0	33439	1682316	57332	223198	185708	1208
grid-carry-k2-w256-n16	1	true	true	2073	1022	3	3	3	6	6	0	3	1	1038	6	6	25	6	1026	3	0	4	4	4	0	260	400	1050	18538	10798	8	0	33349	1677522	57332	222878	185708	1218
grid-carry-k2-w256-n16	8	true	true	2003	987	24	24	3	6	48	0	3	8	1003	6	6	25	6	991	3	0	4	4	4	0	260	400	1036	18116	10559	8	0	32591	1638844	57332	220478	185708	2089
grid-carry-k2-w256-n16	64	true	true	1443	707	192	192	3	6	384	0	3	64	723	6	6	25	6	711	3	0	4	4	4	0	260	400	924	13420	8000	8	0	25233	1277660	57333	208557	185709	1551
grid-carry-k2-w256-n16	256	true	true	547	259	256	258	3	6	516	0	1	256	275	6	6	25	6	265	3	0	4	4	4	0	260	400	540	5056	3304	8	0	12265	641830	57334	208558	185710	758
grid-carry-k2-w256-n16	Unlimited	true	true	547	259	256	259	3	6	518	0	0	256	275	6	6	25	6	266	3	0	4	4	4	0	260	400	540	5059	3304	8	0	12269	642251	57340	208564	185716	516
grid-carry-k2-w256-n128	0	true	true	2195	1027	0	0	3	6	0	0	0	0	1155	6	6	25	6	1031	3	0	4	4	4	0	260	8520	1164	17635	10630	8	0	195918	5508852	2100158	5497142	5462646	8414
grid-carry-k2-w256-n128	1	true	true	2185	1022	3	3	3	6	6	0	3	1	1150	6	6	25	6	1026	3	0	4	4	4	0	260	8520	1162	17587	10607	8	0	195832	5504218	2100158	5497142	5462646	11102
grid-carry-k2-w256-n128	8	true	true	2115	987	24	24	3	6	48	0	3	8	1115	6	6	25	6	991	3	0	4	4	4	0	260	8520	1148	17153	10375	8	0	195088	5466100	2100158	5497142	5462646	8874
grid-carry-k2-w256-n128	64	true	true	1555	707	192	192	3	6	384	0	3	64	835	6	6	25	6	711	3	0	4	4	4	0	260	8520	1036	12585	7865	8	0	187828	5108836	2100159	5497143	5462647	8657
grid-carry-k2-w256-n128	256	true	true	659	259	256	258	3	6	516	0	1	256	387	6	6	25	6	265	3	0	4	4	4	0	260	8520	652	5588	3855	8	0	176232	4527886	2100160	5497144	5462648	8353
grid-carry-k2-w256-n128	Unlimited	true	true	659	259	256	259	3	6	518	0	0	256	387	6	6	25	6	266	3	0	4	4	4	0	260	8520	652	5591	3855	8	0	176236	4528307	2100166	5497150	5462654	10840
grid-carry-k4-w0-n0	0	true	true	81	15	0	0	3	6	0	0	0	0	5	30	30	173	30	31	15	0	16	16	16	0	4	32	50	604	194	208	0	1342	70975	16278	43060	41980	161
grid-carry-k4-w0-n0	1	true	true	81	15	0	15	3	6	30	0	0	0	5	30	30	173	30	46	15	0	16	16	16	0	4	32	50	626	194	208	0	1402	77290	16278	43060	41980	160
grid-carry-k4-w0-n0	8	true	true	81	15	0	15	3	6	30	0	0	0	5	30	30	173	30	46	15	0	16	16	16	0	4	32	50	626	194	208	0	1402	77290	16278	43060	41980	163
grid-carry-k4-w0-n0	64	true	true	81	15	0	15	3	6	30	0	0	0	5	30	30	173	30	46	15	0	16	16	16	0	4	32	50	626	194	208	0	1402	77290	16279	43061	41981	156
grid-carry-k4-w0-n0	256	true	true	81	15	0	15	3	6	30	0	0	0	5	30	30	173	30	46	15	0	16	16	16	0	4	32	50	626	194	208	0	1402	77290	16280	43062	41982	159
grid-carry-k4-w0-n0	Unlimited	true	true	81	15	0	15	3	6	30	0	0	0	5	30	30	173	30	46	15	0	16	16	16	0	4	32	50	626	194	208	0	1402	77290	16286	43068	41988	157
grid-carry-k4-w0-n16	0	true	true	97	15	0	0	3	6	0	0	0	0	21	30	30	173	30	31	15	0	16	16	16	0	19	168	66	1269	353	208	0	11393	371199	154288	428406	425662	913
grid-carry-k4-w0-n16	1	true	true	97	15	0	15	3	6	30	0	0	0	21	30	30	173	30	46	15	0	16	16	16	0	19	168	66	1375	353	208	0	11453	377514	154288	428406	425662	727
grid-carry-k4-w0-n16	8	true	true	97	15	0	15	3	6	30	0	0	0	21	30	30	173	30	46	15	0	16	16	16	0	19	168	66	1375	353	208	0	11453	377514	154288	428406	425662	709
grid-carry-k4-w0-n16	64	true	true	97	15	0	15	3	6	30	0	0	0	21	30	30	173	30	46	15	0	16	16	16	0	19	168	66	1375	353	208	0	11453	377514	154289	428407	425663	655
grid-carry-k4-w0-n16	256	true	true	97	15	0	15	3	6	30	0	0	0	21	30	30	173	30	46	15	0	16	16	16	0	19	168	66	1375	353	208	0	11453	377514	154290	428408	425664	499
grid-carry-k4-w0-n16	Unlimited	true	true	97	15	0	15	3	6	30	0	0	0	21	30	30	173	30	46	15	0	16	16	16	0	19	168	66	1375	353	208	0	11453	377514	154296	428414	425670	626
grid-carry-k4-w0-n128	0	true	true	209	15	0	0	3	6	0	0	0	0	133	30	30	173	30	31	15	0	16	16	16	0	131	8288	178	3697	1118	208	0	568516	14197847	7112794	20362336	20347944	26583
grid-carry-k4-w0-n128	1	true	true	209	15	0	15	3	6	30	0	0	0	133	30	30	173	30	46	15	0	16	16	16	0	131	8288	178	3832	1118	208	0	568576	14204162	7112794	20362336	20347944	26752
grid-carry-k4-w0-n128	8	true	true	209	15	0	15	3	6	30	0	0	0	133	30	30	173	30	46	15	0	16	16	16	0	131	8288	178	3832	1118	208	0	568576	14204162	7112794	20362336	20347944	27126
grid-carry-k4-w0-n128	64	true	true	209	15	0	15	3	6	30	0	0	0	133	30	30	173	30	46	15	0	16	16	16	0	131	8288	178	3832	1118	208	0	568576	14204162	7112795	20362337	20347945	29129
grid-carry-k4-w0-n128	256	true	true	209	15	0	15	3	6	30	0	0	0	133	30	30	173	30	46	15	0	16	16	16	0	131	8288	178	3832	1118	208	0	568576	14204162	7112796	20362338	20347946	26372
grid-carry-k4-w0-n128	Unlimited	true	true	209	15	0	15	3	6	30	0	0	0	133	30	30	173	30	46	15	0	16	16	16	0	131	8288	178	3832	1118	208	0	568576	14204162	7112802	20362344	20347952	28134
grid-carry-k4-w1-n0	0	true	true	113	31	0	0	3	6	0	0	0	0	21	30	30	173	30	47	15	0	16	16	16	0	5	33	66	684	242	208	0	1589	84850	16327	43415	42255	174
grid-carry-k4-w1-n0	1	true	true	83	16	1	15	3	6	30	0	1	1	6	30	30	173	30	46	15	0	16	16	16	0	5	33	52	659	227	208	0	1477	80602	16327	43415	42255	175
grid-carry-k4-w1-n0	8	true	true	83	16	1	16	3	6	32	0	0	1	6	30	30	173	30	47	15	0	16	16	16	0	5	33	52	661	227	208	0	1481	81023	16327	43415	42255	166
grid-carry-k4-w1-n0	64	true	true	83	16	1	16	3	6	32	0	0	1	6	30	30	173	30	47	15	0	16	16	16	0	5	33	52	661	227	208	0	1481	81023	16328	43416	42256	160
grid-carry-k4-w1-n0	256	true	true	83	16	1	16	3	6	32	0	0	1	6	30	30	173	30	47	15	0	16	16	16	0	5	33	52	661	227	208	0	1481	81023	16329	43417	42257	162
grid-carry-k4-w1-n0	Unlimited	true	true	83	16	1	16	3	6	32	0	0	1	6	30	30	173	30	47	15	0	16	16	16	0	5	33	52	661	227	208	0	1481	81023	16335	43423	42263	165
grid-carry-k4-w1-n16	0	true	true	129	31	0	0	3	6	0	0	0	0	37	30	30	173	30	47	15	0	16	16	16	0	19	169	82	1733	609	208	0	11845	399649	154337	428535	425711	572
grid-carry-k4-w1-n16	1	true	true	99	16	1	15	3	6	30	0	1	1	22	30	30	173	30	46	15	0	16	16	16	0	19	169	68	1406	384	208	0	11523	380281	154337	428535	425711	715
grid-carry-k4-w1-n16	8	true	true	99	16	1	16	3	6	32	0	0	1	22	30	30	173	30	47	15	0	16	16	16	0	19	169	68	1408	384	208	0	11527	380702	154337	428535	425711	534
grid-carry-k4-w1-n16	64	true	true	99	16	1	16	3	6	32	0	0	1	22	30	30	173	30	47	15	0	16	16	16	0	19	169	68	1408	384	208	0	11527	380702	154338	428536	425712	720
grid-carry-k4-w1-n16	256	true	true	99	16	1	16	3	6	32	0	0	1	22	30	30	173	30	47	15	0	16	16	16	0	19	169	68	1408	384	208	0	11527	380702	154339	428537	425713	686
grid-carry-k4-w1-n16	Unlimited	true	true	99	16	1	16	3	6	32	0	0	1	22	30	30	173	30	47	15	0	16	16	16	0	19	169	68	1408	384	208	0	11527	380702	154345	428543	425719	699
grid-carry-k4-w1-n128	0	true	true	241	31	0	0	3	6	0	0	0	0	149	30	30	173	30	47	15	0	16	16	16	0	131	8289	194	4289	1486	208	0	569080	14234361	7112843	20362465	20347993	27057
grid-carry-k4-w1-n128	1	true	true	211	16	1	15	3	6	30	0	1	1	134	30	30	173	30	46	15	0	16	16	16	0	131	8289	180	3859	1145	208	0	568642	14206641	7112843	20362465	20347993	27129
grid-carry-k4-w1-n128	8	true	true	211	16	1	16	3	6	32	0	0	1	134	30	30	173	30	47	15	0	16	16	16	0	131	8289	180	3862	1145	208	0	568646	14207062	7112843	20362465	20347993	25349
grid-carry-k4-w1-n128	64	true	true	211	16	1	16	3	6	32	0	0	1	134	30	30	173	30	47	15	0	16	16	16	0	131	8289	180	3862	1145	208	0	568646	14207062	7112844	20362466	20347994	27127
grid-carry-k4-w1-n128	256	true	true	211	16	1	16	3	6	32	0	0	1	134	30	30	173	30	47	15	0	16	16	16	0	131	8289	180	3862	1145	208	0	568646	14207062	7112845	20362467	20347995	25448
grid-carry-k4-w1-n128	Unlimited	true	true	211	16	1	16	3	6	32	0	0	1	134	30	30	173	30	47	15	0	16	16	16	0	131	8289	180	3862	1145	208	0	568646	14207062	7112851	20362473	20348001	25321
grid-carry-k4-w8-n0	0	true	true	337	143	0	0	3	6	0	0	0	0	133	30	30	173	30	159	15	0	16	16	16	0	12	40	178	1564	834	208	0	3825	201463	16670	45396	43676	303
grid-carry-k4-w8-n0	1	true	true	239	94	15	15	3	6	30	0	15	1	84	30	30	173	30	110	15	0	16	16	16	0	12	40	144	1319	699	208	0	3087	161925	16670	45396	43676	255
grid-carry-k4-w8-n0	8	true	true	97	23	8	22	3	6	44	0	1	8	13	30	30	173	30	53	15	0	16	16	16	0	12	40	66	830	386	208	0	1881	99981	16670	45396	43676	184
grid-carry-k4-w8-n0	64	true	true	97	23	8	23	3	6	46	0	0	8	13	30	30	173	30	54	15	0	16	16	16	0	12	40	66	832	386	208	0	1885	100402	16671	45397	43677	185
grid-carry-k4-w8-n0	256	true	true	97	23	8	23	3	6	46	0	0	8	13	30	30	173	30	54	15	0	16	16	16	0	12	40	66	832	386	208	0	1885	100402	16672	45398	43678	205
grid-carry-k4-w8-n0	Unlimited	true	true	97	23	8	23	3	6	46	0	0	8	13	30	30	173	30	54	15	0	16	16	16	0	12	40	66	832	386	208	0	1885	100402	16678	45404	43684	185
grid-carry-k4-w8-n16	0	true	true	353	143	0	0	3	6	0	0	0	0	149	30	30	173	30	159	15	0	16	16	16	0	19	176	194	5221	2593	208	0	15425	614415	154680	429438	426054	625
grid-carry-k4-w8-n16	1	true	true	255	94	15	15	3	6	30	0	15	1	100	30	30	173	30	110	15	0	16	16	16	0	19	176	160	3672	1834	208	0	14043	529789	154680	429438	426054	867
grid-carry-k4-w8-n16	8	true	true	113	23	8	22	3	6	44	0	1	8	29	30	30	173	30	53	15	0	16	16	16	0	19	176	82	1537	484	208	0	11802	393197	154680	429438	426054	742
grid-carry-k4-w8-n16	64	true	true	113	23	8	23	3	6	46	0	0	8	29	30	30	173	30	54	15	0	16	16	16	0	19	176	82	1539	484	208	0	11806	393618	154681	429439	426055	501
grid-carry-k4-w8-n16	256	true	true	113	23	8	23	3	6	46	0	0	8	29	30	30	173	30	54	15	0	16	16	16	0	19	176	82	1539	484	208	0	11806	393618	154682	429440	426056	686
grid-carry-k4-w8-n16	Unlimited	true	true	113	23	8	23	3	6	46	0	0	8	29	30	30	173	30	54	15	0	16	16	16	0	19	176	82	1539	484	208	0	11806	393618	154688	429446	426062	720
grid-carry-k4-w8-n128	0	true	true	465	143	0	0	3	6	0	0	0	0	261	30	30	173	30	159	15	0	16	16	16	0	131	8296	306	8529	3790	208	0	572996	14472295	7113186	20363368	20348336	25526
grid-carry-k4-w8-n128	1	true	true	367	94	15	15	3	6	30	0	15	1	212	30	30	173	30	110	15	0	16	16	16	0	131	8296	272	6595	2825	208	0	571408	14372837	7113186	20363368	20348336	26700
grid-carry-k4-w8-n128	8	true	true	225	23	8	22	3	6	44	0	1	8	141	30	30	173	30	53	15	0	16	16	16	0	131	8296	194	4047	1310	208	0	569028	14224573	7113186	20363368	20348336	27069
grid-carry-k4-w8-n128	64	true	true	225	23	8	23	3	6	46	0	0	8	141	30	30	173	30	54	15	0	16	16	16	0	131	8296	194	4050	1310	208	0	569032	14224994	7113187	20363369	20348337	25743
grid-carry-k4-w8-n128	256	true	true	225	23	8	23	3	6	46	0	0	8	141	30	30	173	30	54	15	0	16	16	16	0	131	8296	194	4050	1310	208	0	569032	14224994	7113188	20363370	20348338	26138
grid-carry-k4-w8-n128	Unlimited	true	true	225	23	8	23	3	6	46	0	0	8	141	30	30	173	30	54	15	0	16	16	16	0	131	8296	194	4050	1310	208	0	569032	14224994	7113194	20363376	20348344	25683
grid-carry-k4-w64-n0	0	true	true	2129	1039	0	0	3	6	0	0	0	0	1029	30	30	173	30	1055	15	0	16	16	16	0	68	96	1074	11420	7106	208	0	24775	1267247	19416	129240	60086	1433
grid-carry-k4-w64-n0	1	true	true	2031	990	15	15	3	6	30	0	15	1	980	30	30	173	30	1006	15	0	16	16	16	0	68	96	1040	11175	6971	208	0	24037	1227709	19416	127320	60086	1408
grid-carry-k4-w64-n0	8	true	true	1345	647	120	120	3	6	240	0	15	8	637	30	30	173	30	663	15	0	16	16	16	0	68	96	802	8208	5136	208	0	17073	879599	19416	104920	60086	1010
grid-carry-k4-w64-n0	64	true	true	209	79	64	78	3	6	156	0	1	64	69	30	30	173	30	109	15	0	16	16	16	0	68	96	178	1633	935	208	0	3657	207173	19417	66287	60087	289
grid-carry-k4-w64-n0	256	true	true	209	79	64	79	3	6	158	0	0	64	69	30	30	173	30	110	15	0	16	16	16	0	68	96	178	1635	935	208	0	3661	207594	19418	66288	60088	290
grid-carry-k4-w64-n0	Unlimited	true	true	209	79	64	79	3	6	158	0	0	64	69	30	30	173	30	110	15	0	16	16	16	0	68	96	178	1635	935	208	0	3661	207594	19424	66294	60094	294
grid-carry-k4-w64-n16	0	true	true	2145	1039	0	0	3	6	0	0	0	0	1045	30	30	173	30	1055	15	0	16	16	16	0	68	232	1090	36325	19841	208	0	47655	2469536	157426	448410	440546	1971
grid-carry-k4-w64-n16	1	true	true	2047	990	15	15	3	6	30	0	15	1	996	30	30	173	30	1006	15	0	16	16	16	0	68	232	1056	34776	19082	208	0	46273	2384910	157426	448410	440546	2623
grid-carry-k4-w64-n16	8	true	true	1361	647	120	120	3	6	240	0	15	8	653	30	30	173	30	663	15	0	16	16	16	0	68	232	818	22847	12884	208	0	34806	1721544	157426	448410	440546	1979
grid-carry-k4-w64-n16	64	true	true	225	79	64	78	3	6	156	0	1	64	85	30	30	173	30	109	15	0	16	16	16	0	68	232	194	2320	1019	208	0	13523	495686	157427	448411	440547	788
grid-carry-k4-w64-n16	256	true	true	225	79	64	79	3	6	158	0	0	64	85	30	30	173	30	110	15	0	16	16	16	0	68	232	194	2322	1019	208	0	13527	496107	157428	448412	440548	581
grid-carry-k4-w64-n16	Unlimited	true	true	225	79	64	79	3	6	158	0	0	64	85	30	30	173	30	110	15	0	16	16	16	0	68	232	194	2322	1019	208	0	13527	496107	157434	448418	440554	905
grid-carry-k4-w64-n128	0	true	true	2257	1039	0	0	3	6	0	0	0	0	1157	30	30	173	30	1055	15	0	16	16	16	0	131	8352	1202	45249	24286	208	0	607940	16536791	7115932	20370594	20351082	32930
grid-carry-k4-w64-n128	1	true	true	2159	990	15	15	3	6	30	0	15	1	1108	30	30	173	30	1006	15	0	16	16	16	0	131	8352	1168	43315	23321	208	0	606352	16437333	7115932	20370594	20351082	27902
grid-carry-k4-w64-n128	8	true	true	1473	647	120	120	3	6	240	0	15	8	765	30	30	173	30	663	15	0	16	16	16	0	131	8352	930	28571	15718	208	0	593438	15672471	7115932	20370594	20351082	26060
grid-carry-k4-w64-n128	64	true	true	337	79	64	78	3	6	156	0	1	64	197	30	30	173	30	109	15	0	16	16	16	0	131	8352	306	4999	1984	208	0	570816	14316285	7115933	20370595	20351083	27587
grid-carry-k4-w64-n128	256	true	true	337	79	64	79	3	6	158	0	0	64	197	30	30	173	30	110	15	0	16	16	16	0	131	8352	306	5002	1984	208	0	570820	14316706	7115934	20370596	20351084	25032
grid-carry-k4-w64-n128	Unlimited	true	true	337	79	64	79	3	6	158	0	0	64	197	30	30	173	30	110	15	0	16	16	16	0	131	8352	306	5002	1984	208	0	570820	14316706	7115940	20370602	20351090	25561
grid-carry-k4-w256-n0	0	true	true	8273	4111	0	0	3	6	0	0	0	0	4101	30	30	173	30	4127	15	0	16	16	16	0	260	288	4146	57020	34482	208	0	108331	5390991	28826	431258	116344	4363
grid-carry-k4-w256-n0	1	true	true	8175	4062	15	15	3	6	30	0	15	1	4052	30	30	173	30	4078	15	0	16	16	16	0	260	288	4112	56775	34347	208	0	107593	5351453	28826	429338	116344	5543
grid-carry-k4-w256-n0	8	true	true	7489	3719	120	120	3	6	240	0	15	8	3709	30	30	173	30	3735	15	0	16	16	16	0	260	288	3874	53808	32512	208	0	100629	5003343	28826	406938	116344	4442
grid-carry-k4-w256-n0	64	true	true	2001	975	960	960	3	6	1920	0	15	64	965	30	30	173	30	991	15	0	16	16	16	0	260	288	1970	15983	10259	208	0	29805	1612895	28827	187133	116345	1714
grid-carry-k4-w256-n0	256	true	true	593	271	256	270	3	6	540	0	1	256	261	30	30	173	30	301	15	0	16	16	16	0	260	288	562	4889	3044	208	0	10183	592693	28828	137906	116346	725
grid-carry-k4-w256-n0	Unlimited	true	true	593	271	256	271	3	6	542	0	0	256	261	30	30	173	30	302	15	0	16	16	16	0	260	288	562	4891	3044	208	0	10187	593114	28834	137912	116352	706
grid-carry-k4-w256-n16	0	true	true	8289	4111	0	0	3	6	0	0	0	0	4117	30	30	173	30	4127	15	0	16	16	16	0	260	424	4162	151797	84337	208	0	168587	9267968	166836	592582	496804	6142
grid-carry-k4-w256-n16	1	true	true	8191	4062	15	15	3	6	30	0	15	1	4068	30	30	173	30	4078	15	0	16	16	16	0	260	424	4128	150248	83578	208	0	167205	9183342	166836	590662	496804	6421
grid-carry-k4-w256-n16	8	true	true	7505	3719	120	120	3	6	240	0	15	8	3725	30	30	173	30	3735	15	0	16	16	16	0	260	424	3890	138319	77380	208	0	155738	8519976	166836	567942	496804	5637
grid-carry-k4-w256-n16	64	true	true	2017	975	960	960	3	6	1920	0	15	64	981	30	30	173	30	991	15	0	16	16	16	0	260	424	1986	31546	21063	208	0	50369	2673072	166837	520029	496805	2862
grid-carry-k4-w256-n16	256	true	true	609	271	256	270	3	6	540	0	1	256	277	30	30	173	30	301	15	0	16	16	16	0	260	424	578	5604	3144	208	0	20081	882486	166838	520030	496806	1295
grid-carry-k4-w256-n16	Unlimited	true	true	609	271	256	271	3	6	542	0	0	256	277	30	30	173	30	302	15	0	16	16	16	0	260	424	578	5606	3144	208	0	20085	882907	166844	520036	496812	1255
grid-carry-k4-w256-n128	0	true	true	8401	4111	0	0	3	6	0	0	0	0	4229	30	30	173	30	4127	15	0	16	16	16	0	260	8544	4274	180433	97902	208	0	734696	23938552	7125342	20426630	20391758	33499
grid-carry-k4-w256-n128	1	true	true	8303	4062	15	15	3	6	30	0	15	1	4180	30	30	173	30	4078	15	0	16	16	16	0	260	8544	4240	178499	96937	208	0	733108	23839094	7125342	20426630	20391758	30983
grid-carry-k4-w256-n128	8	true	true	7617	3719	120	120	3	6	240	0	15	8	3837	30	30	173	30	3735	15	0	16	16	16	0	260	8544	4002	163755	89334	208	0	720194	23074232	7125342	20426630	20391758	33309
grid-carry-k4-w256-n128	64	true	true	2129	975	960	960	3	6	1920	0	15	64	1093	30	30	173	30	991	15	0	16	16	16	0	260	8544	2098	36821	24078	208	0	608040	16600952	7125343	20426631	20391759	27488
grid-carry-k4-w256-n128	256	true	true	721	271	256	270	3	6	540	0	1	256	389	30	30	173	30	301	15	0	16	16	16	0	260	8544	690	8493	4309	208	0	577262	14688046	7125344	20426632	20391760	24470
grid-carry-k4-w256-n128	Unlimited	true	true	721	271	256	271	3	6	542	0	0	256	389	30	30	173	30	302	15	0	16	16	16	0	260	8544	690	8496	4309	208	0	577266	14688467	7125350	20426638	20391766	25691
grid-carry-k8-w0-n0	0	true	true	1285	255	0	0	3	6	0	0	0	0	9	510	510	4861	510	511	255	0	256	256	256	0	4	512	774	16940	3007	64256	0	26942	1348359	353774	993244	991412	1854
grid-carry-k8-w0-n0	1	true	true	1285	255	0	255	3	6	510	0	0	0	9	510	510	4861	510	766	255	0	256	256	256	0	4	512	774	17404	3007	64256	0	27962	1455714	353774	993244	991412	1992
grid-carry-k8-w0-n0	8	true	true	1285	255	0	255	3	6	510	0	0	0	9	510	510	4861	510	766	255	0	256	256	256	0	4	512	774	17404	3007	64256	0	27962	1455714	353774	993244	991412	2884
grid-carry-k8-w0-n0	64	true	true	1285	255	0	255	3	6	510	0	0	0	9	510	510	4861	510	766	255	0	256	256	256	0	4	512	774	17404	3007	64256	0	27962	1455714	353775	993245	991413	2781
grid-carry-k8-w0-n0	256	true	true	1285	255	0	255	3	6	510	0	0	0	9	510	510	4861	510	766	255	0	256	256	256	0	4	512	774	17404	3007	64256	0	27962	1455714	353776	993246	991414	2409
grid-carry-k8-w0-n0	Unlimited	true	true	1285	255	0	255	3	6	510	0	0	0	9	510	510	4861	510	766	255	0	256	256	256	0	4	512	774	17404	3007	64256	0	27962	1455714	353782	993252	991420	2781
grid-carry-k8-w0-n16	0	true	true	1301	255	0	0	3	6	0	0	0	0	25	510	510	4861	510	511	255	0	256	256	256	0	19	648	790	25814	3980	64256	0	176767	5773751	2448264	6971550	6968054	8384
grid-carry-k8-w0-n16	1	true	true	1301	255	0	255	3	6	510	0	0	0	25	510	510	4861	510	766	255	0	256	256	256	0	19	648	790	27170	3980	64256	0	177787	5881106	2448264	6971550	6968054	8103
grid-carry-k8-w0-n16	8	true	true	1301	255	0	255	3	6	510	0	0	0	25	510	510	4861	510	766	255	0	256	256	256	0	19	648	790	27170	3980	64256	0	177787	5881106	2448264	6971550	6968054	8309
grid-carry-k8-w0-n16	64	true	true	1301	255	0	255	3	6	510	0	0	0	25	510	510	4861	510	766	255	0	256	256	256	0	19	648	790	27170	3980	64256	0	177787	5881106	2448265	6971551	6968055	9303
grid-carry-k8-w0-n16	256	true	true	1301	255	0	255	3	6	510	0	0	0	25	510	510	4861	510	766	255	0	256	256	256	0	19	648	790	27170	3980	64256	0	177787	5881106	2448266	6971552	6968056	8136
grid-carry-k8-w0-n16	Unlimited	true	true	1301	255	0	255	3	6	510	0	0	0	25	510	510	4861	510	766	255	0	256	256	256	0	19	648	790	27170	3980	64256	0	177787	5881106	2448272	6971558	6968062	9871
grid-carry-k8-w0-n128	0	true	true	1413	255	0	0	3	6	0	0	0	0	137	510	510	4861	510	511	255	0	256	256	256	0	131	8768	902	57047	5229	64256	0	8584054	217122607	107720370	319265800	319250656	418899
grid-carry-k8-w0-n128	1	true	true	1413	255	0	255	3	6	510	0	0	0	137	510	510	4861	510	766	255	0	256	256	256	0	131	8768	902	58912	5229	64256	0	8585074	217229962	107720370	319265800	319250656	421761
grid-carry-k8-w0-n128	8	true	true	1413	255	0	255	3	6	510	0	0	0	137	510	510	4861	510	766	255	0	256	256	256	0	131	8768	902	58912	5229	64256	0	8585074	217229962	107720370	319265800	319250656	421814
grid-carry-k8-w0-n128	64	true	true	1413	255	0	255	3	6	510	0	0	0	137	510	510	4861	510	766	255	0	256	256	256	0	131	8768	902	58912	5229	64256	0	8585074	217229962	107720371	319265801	319250657	418134
grid-carry-k8-w0-n128	256	true	true	1413	255	0	255	3	6	510	0	0	0	137	510	510	4861	510	766	255	0	256	256	256	0	131	8768	902	58912	5229	64256	0	8585074	217229962	107720372	319265802	319250658	420799
grid-carry-k8-w0-n128	Unlimited	true	true	1413	255	0	255	3	6	510	0	0	0	137	510	510	4861	510	766	255	0	256	256	256	0	131	8768	902	58912	5229	64256	0	8585074	217229962	107720378	319265808	319250664	418446
grid-carry-k8-w1-n0	0	true	true	1797	511	0	0	3	6	0	0	0	0	265	510	510	4861	510	767	255	0	256	256	256	0	5	513	1030	19244	4287	64256	0	31813	1604314	353823	993599	991687	2134
grid-carry-k8-w1-n0	1	true	true	1287	256	1	255	3	6	510	0	1	1	10	510	510	4861	510	766	255	0	256	256	256	0	5	513	776	17917	3520	64256	0	28997	1497426	353823	993599	991687	2928
grid-carry-k8-w1-n0	8	true	true	1287	256	1	256	3	6	512	0	0	1	10	510	510	4861	510	767	255	0	256	256	256	0	5	513	776	17919	3520	64256	0	29001	1497847	353823	993599	991687	2885
grid-carry-k8-w1-n0	64	true	true	1287	256	1	256	3	6	512	0	0	1	10	510	510	4861	510	767	255	0	256	256	256	0	5	513	776	17919	3520	64256	0	29001	1497847	353824	993600	991688	2948
grid-carry-k8-w1-n0	256	true	true	1287	256	1	256	3	6	512	0	0	1	10	510	510	4861	510	767	255	0	256	256	256	0	5	513	776	17919	3520	64256	0	29001	1497847	353825	993601	991689	2891
grid-carry-k8-w1-n0	Unlimited	true	true	1287	256	1	256	3	6	512	0	0	1	10	510	510	4861	510	767	255	0	256	256	256	0	5	513	776	17919	3520	64256	0	29001	1497847	353831	993607	991695	2913
grid-carry-k8-w1-n16	0	true	true	1813	511	0	0	3	6	0	0	0	0	281	510	510	4861	510	767	255	0	256	256	256	0	19	649	1046	33238	7820	64256	0	184195	6213625	2448313	6971679	6968103	9213
grid-carry-k8-w1-n16	1	true	true	1303	256	1	255	3	6	510	0	1	1	26	510	510	4861	510	766	255	0	256	256	256	0	19	649	792	27683	4493	64256	0	178819	5922417	2448313	6971679	6968103	8675
grid-carry-k8-w1-n16	8	true	true	1303	256	1	256	3	6	512	0	0	1	26	510	510	4861	510	767	255	0	256	256	256	0	19	649	792	27685	4493	64256	0	178823	5922838	2448313	6971679	6968103	8387
grid-carry-k8-w1-n16	64	true	true	1303	256	1	256	3	6	512	0	0	1	26	510	510	4861	510	767	255	0	256	256	256	0	19	649	792	27685	4493	64256	0	178823	5922838	2448314	6971680	6968104	9788
grid-carry-k8-w1-n16	256	true	true	1303	256	1	256	3	6	512	0	0	1	26	510	510	4861	510	767	255	0	256	256	256	0	19	649	792	27685	4493	64256	0	178823	5922838	2448315	6971681	6968105	8714
grid-carry-k8-w1-n16	Unlimited	true	true	1303	256	1	256	3	6	512	0	0	1	26	510	510	4861	510	767	255	0	256	256	256	0	19	649	792	27685	4493	64256	0	178823	5922838	2448321	6971687	6968111	8356
grid-carry-k8-w1-n128	0	true	true	1925	511	0	0	3	6	0	0	0	0	393	510	510	4861	510	767	255	0	256	256	256	0	131	8769	1158	66519	10093	64256	0	8592506	217636209	107720419	319265929	319250705	416208
grid-carry-k8-w1-n128	1	true	true	1415	256	1	255	3	6	510	0	1	1	138	510	510	4861	510	766	255	0	256	256	256	0	131	8769	904	59427	5744	64256	0	8586108	217271417	107720419	319265929	319250705	415470
grid-carry-k8-w1-n128	8	true	true	1415	256	1	256	3	6	512	0	0	1	138	510	510	4861	510	767	255	0	256	256	256	0	131	8769	904	59430	5744	64256	0	8586112	217271838	107720419	319265929	319250705	417260
grid-carry-k8-w1-n128	64	true	true	1415	256	1	256	3	6	512	0	0	1	138	510	510	4861	510	767	255	0	256	256	256	0	131	8769	904	59430	5744	64256	0	8586112	217271838	107720420	319265930	319250706	420567
grid-carry-k8-w1-n128	256	true	true	1415	256	1	256	3	6	512	0	0	1	138	510	510	4861	510	767	255	0	256	256	256	0	131	8769	904	59430	5744	64256	0	8586112	217271838	107720421	319265931	319250707	420140
grid-carry-k8-w1-n128	Unlimited	true	true	1415	256	1	256	3	6	512	0	0	1	138	510	510	4861	510	767	255	0	256	256	256	0	131	8769	904	59430	5744	64256	0	8586112	217271838	107720427	319265937	319250713	395858
grid-carry-k8-w8-n0	0	true	true	5381	2303	0	0	3	6	0	0	0	0	2057	510	510	4861	510	2559	255	0	256	256	256	0	12	520	2822	39468	17855	64256	0	75121	3763647	354166	995580	993108	4873
grid-carry-k8-w8-n0	1	true	true	1795	510	255	255	3	6	510	0	255	1	264	510	510	4861	510	766	255	0	256	256	256	0	12	520	1284	21955	7118	64256	0	36653	1838877	354166	995580	993108	3347
grid-carry-k8-w8-n0	8	true	true	1301	263	8	262	3	6	524	0	1	8	17	510	510	4861	510	773	255	0	256	256	256	0	12	520	790	20012	4846	64256	0	31735	1610165	354166	995580	993108	2946
grid-carry-k8-w8-n0	64	true	true	1301	263	8	263	3	6	526	0	0	8	17	510	510	4861	510	774	255	0	256	256	256	0	12	520	790	20014	4846	64256	0	31739	1610586	354167	995581	993109	3104
grid-carry-k8-w8-n0	256	true	true	1301	263	8	263	3	6	526	0	0	8	17	510	510	4861	510	774	255	0	256	256	256	0	12	520	790	20014	4846	64256	0	31739	1610586	354168	995582	993110	3037
grid-carry-k8-w8-n0	Unlimited	true	true	1301	263	8	263	3	6	526	0	0	8	17	510	510	4861	510	774	255	0	256	256	256	0	12	520	790	20014	4846	64256	0	31739	1610586	354174	995588	993116	2051
grid-carry-k8-w8-n16	0	true	true	5397	2303	0	0	3	6	0	0	0	0	2073	510	510	4861	510	2559	255	0	256	256	256	0	19	656	2838	83926	37772	64256	0	241567	9532359	2448656	6972582	6968446	13101
grid-carry-k8-w8-n16	1	true	true	1811	510	255	255	3	6	510	0	255	1	280	510	510	4861	510	766	255	0	256	256	256	0	19	656	1300	32093	8969	64256	0	186263	6316677	2448656	6972582	6968446	9362
grid-carry-k8-w8-n16	8	true	true	1317	263	8	262	3	6	524	0	1	8	33	510	510	4861	510	773	255	0	256	256	256	0	19	656	806	28081	4619	64256	0	179323	5938797	2448656	6972582	6968446	8712
grid-carry-k8-w8-n16	64	true	true	1317	263	8	263	3	6	526	0	0	8	33	510	510	4861	510	774	255	0	256	256	256	0	19	656	806	28083	4619	64256	0	179327	5939218	2448657	6972583	6968447	8885
grid-carry-k8-w8-n16	256	true	true	1317	263	8	263	3	6	526	0	0	8	33	510	510	4861	510	774	255	0	256	256	256	0	19	656	806	28083	4619	64256	0	179327	5939218	2448658	6972584	6968448	8602
grid-carry-k8-w8-n16	Unlimited	true	true	1317	263	8	263	3	6	526	0	0	8	33	510	510	4861	510	774	255	0	256	256	256	0	19	656	806	28083	4619	64256	0	179327	5939218	2448664	6972590	6968454	8386
grid-carry-k8-w8-n128	0	true	true	5509	2303	0	0	3	6	0	0	0	0	2185	510	510	4861	510	2559	255	0	256	256	256	0	131	8776	2950	129495	45933	64256	0	8655254	221374783	107720762	319266832	319251048	423352
grid-carry-k8-w8-n128	1	true	true	1923	510	255	255	3	6	510	0	255	1	392	510	510	4861	510	766	255	0	256	256	256	0	131	8776	1412	65265	10558	64256	0	8594264	217693005	107720762	319266832	319251048	421782
grid-carry-k8-w8-n128	8	true	true	1429	263	8	262	3	6	524	0	1	8	145	510	510	4861	510	773	255	0	256	256	256	0	131	8776	918	61031	6628	64256	0	8587932	217346869	107720762	319266832	319251048	417939
grid-carry-k8-w8-n128	64	true	true	1429	263	8	263	3	6	526	0	0	8	145	510	510	4861	510	774	255	0	256	256	256	0	131	8776	918	61034	6628	64256	0	8587936	217347290	107720763	319266833	319251049	423407
grid-carry-k8-w8-n128	256	true	true	1429	263	8	263	3	6	526	0	0	8	145	510	510	4861	510	774	255	0	256	256	256	0	131	8776	918	61034	6628	64256	0	8587936	217347290	107720764	319266834	319251050	427785
grid-carry-k8-w8-n128	Unlimited	true	true	1429	263	8	263	3	6	526	0	0	8	145	510	510	4861	510	774	255	0	256	256	256	0	131	8776	918	61034	6628	64256	0	8587936	217347290	107720770	319266840	319251056	419079
grid-carry-k8-w64-n0	0	true	true	34053	16639	0	0	3	6	0	0	0	0	16393	510	510	4861	510	16895	255	0	256	256	256	0	68	576	17158	198700	117951	64256	0	404679	20372471	356912	1874384	1009518	18331
grid-carry-k8-w64-n0	1	true	true	30467	14846	255	255	3	6	510	0	255	1	14600	510	510	4861	510	15102	255	0	256	256	256	0	68	576	15620	181187	107214	64256	0	366211	18447701	356912	1756624	1009518	17924
grid-carry-k8-w64-n0	8	true	true	5365	2295	2040	2040	3	6	4080	0	255	8	2049	510	510	4861	510	2551	255	0	256	256	256	0	68	576	4854	48742	24432	64256	0	83189	4376471	356912	1016470	1009518	5361
grid-carry-k8-w64-n0	64	true	true	1413	319	64	318	3	6	636	0	1	64	73	510	510	4861	510	829	255	0	256	256	256	0	68	576	902	21329	5679	64256	0	34003	1739469	356913	1016471	1009519	2012
grid-carry-k8-w64-n0	256	true	true	1413	319	64	319	3	6	638	0	0	64	73	510	510	4861	510	830	255	0	256	256	256	0	68	576	902	21331	5679	64256	0	34007	1739890	356914	1016472	1009520	3333
grid-carry-k8-w64-n0	Unlimited	true	true	1413	319	64	319	3	6	638	0	0	64	73	510	510	4861	510	830	255	0	256	256	256	0	68	576	902	21331	5679	64256	0	34007	1739890	356920	1016478	1009526	2018
grid-carry-k8-w64-n16	0	true	true	34069	16639	0	0	3	6	0	0	0	0	16409	510	510	4861	510	16895	255	0	256	256	256	0	68	712	17174	532182	287884	64256	0	728037	36994136	2451402	6991554	6982938	30683
grid-carry-k8-w64-n16	1	true	true	30483	14846	255	255	3	6	510	0	255	1	14616	510	510	4861	510	15102	255	0	256	256	256	0	68	712	15636	480349	259081	64256	0	672733	33778454	2451402	6991554	6982938	29946
grid-carry-k8-w64-n16	8	true	true	5381	2295	2040	2040	3	6	4080	0	255	8	2065	510	510	4861	510	2551	255	0	256	256	256	0	68	712	4870	75369	38187	64256	0	244617	9707304	2451402	6991554	6982938	11817
grid-carry-k8-w64-n16	64	true	true	1429	319	64	318	3	6	636	0	1	64	89	510	510	4861	510	829	255	0	256	256	256	0	68	712	918	28999	5279	64256	0	181175	6050334	2451403	6991555	6982939	9208
grid-carry-k8-w64-n16	256	true	true	1429	319	64	319	3	6	638	0	0	64	89	510	510	4861	510	830	255	0	256	256	256	0	68	712	918	29001	5279	64256	0	181179	6050755	2451404	6991556	6982940	8381
grid-carry-k8-w64-n16	Unlimited	true	true	1429	319	64	319	3	6	638	0	0	64	89	510	510	4861	510	830	255	0	256	256	256	0	68	712	918	29001	5279	64256	0	181179	6050755	2451410	6991562	6982946	8875
grid-carry-k8-w64-n128	0	true	true	34181	16639	0	0	3	6	0	0	0	0	16521	510	510	4861	510	16895	255	0	256	256	256	0	131	8832	17286	667351	346733	64256	0	9184118	252399535	107723508	319274058	319253794	421495
grid-carry-k8-w64-n128	1	true	true	30595	14846	255	255	3	6	510	0	255	1	14728	510	510	4861	510	15102	255	0	256	256	256	0	131	8832	15748	603121	311358	64256	0	9123128	248717757	107723508	319274058	319253794	445248
grid-carry-k8-w64-n128	8	true	true	5493	2295	2040	2040	3	6	4080	0	255	8	2177	510	510	4861	510	2551	255	0	256	256	256	0	131	8832	4982	116047	47116	64256	0	8657940	221575759	107723508	319274058	319253794	426028
grid-carry-k8-w64-n128	64	true	true	1541	319	64	318	3	6	636	0	1	64	201	510	510	4861	510	829	255	0	256	256	256	0	131	8832	1030	63211	7811	64256	0	8590932	217480853	107723509	319274059	319253795	412685
grid-carry-k8-w64-n128	256	true	true	1541	319	64	319	3	6	638	0	0	64	201	510	510	4861	510	830	255	0	256	256	256	0	131	8832	1030	63214	7811	64256	0	8590936	217481274	107723510	319274060	319253796	427999
grid-carry-k8-w64-n128	Unlimited	true	true	1541	319	64	319	3	6	638	0	0	64	201	510	510	4861	510	830	255	0	256	256	256	0	131	8832	1030	63214	7811	64256	0	8590936	217481274	107723516	319274066	319253802	421371
grid-carry-k8-w256-n0	0	true	true	132357	65791	0	0	3	6	0	0	0	0	65545	510	510	4861	510	66047	255	0	256	256	256	0	260	768	66310	930860	558015	64256	0	1728331	85067095	366322	5862802	1065776	74106
grid-carry-k8-w256-n0	1	true	true	128771	63998	255	255	3	6	510	0	255	1	63752	510	510	4861	510	64254	255	0	256	256	256	0	260	768	64772	913347	547278	64256	0	1689863	83142325	366322	5745042	1065776	75132
grid-carry-k8-w256-n0	8	true	true	103669	51447	2040	2040	3	6	4080	0	255	8	51201	510	510	4861	510	51703	255	0	256	256	256	0	260	768	54006	780902	464496	64256	0	1406841	69071095	366322	4836802	1065776	59776
grid-carry-k8-w256-n0	64	true	true	3205	1215	960	1200	3	6	2400	0	15	64	969	510	510	4861	510	1711	255	0	256	256	256	0	260	768	2694	43171	20549	64256	0	65965	3546647	366323	1088089	1065777	4568
grid-carry-k8-w256-n0	256	true	true	1797	511	256	510	3	6	1020	0	1	256	265	510	510	4861	510	1021	255	0	256	256	256	0	260	768	1286	24991	7952	64256	0	40941	2138781	366324	1088090	1065778	3949
grid-carry-k8-w256-n0	Unlimited	true	true	1797	511	256	511	3	6	1022	0	0	256	265	510	510	4861	510	1022	255	0	256	256	256	0	260	768	1286	24993	7952	64256	0	40945	2139202	366330	1088096	1065784	3541
grid-carry-k8-w256-n16	0	true	true	132373	65791	0	0	3	6	0	0	0	0	65561	510	510	4861	510	66047	255	0	256	256	256	0	260	904	66326	2200790	1221516	64256	0	2547817	137246136	2460812	8065926	7039196	104761
grid-carry-k8-w256-n16	1	true	true	128787	63998	255	255	3	6	510	0	255	1	63768	510	510	4861	510	64254	255	0	256	256	256	0	260	904	64788	2148957	1192713	64256	0	2492513	134030454	2460812	7953286	7039196	106714
grid-carry-k8-w256-n16	8	true	true	103685	51447	2040	2040	3	6	4080	0	255	8	51217	510	510	4861	510	51703	255	0	256	256	256	0	260	904	54022	1743977	971819	64256	0	2064397	109959304	2460812	7063172	7039196	87814
grid-carry-k8-w256-n16	64	true	true	3221	1215	960	1200	3	6	2400	0	15	64	985	510	510	4861	510	1711	255	0	256	256	256	0	260	904	2710	56087	23789	64256	0	216693	8118920	2460813	7063173	7039197	10716
grid-carry-k8-w256-n16	256	true	true	1813	511	256	510	3	6	1020	0	1	256	281	510	510	4861	510	1021	255	0	256	256	256	0	260	904	1302	32817	7698	64256	0	188269	6460238	2460814	7063174	7039198	8717
grid-carry-k8-w256-n16	Unlimited	true	true	1813	511	256	511	3	6	1022	0	0	256	281	510	510	4861	510	1022	255	0	256	256	256	0	260	904	1302	32819	7698	64256	0	188273	6460659	2460820	7063180	7039204	9192
grid-carry-k8-w256-n128	0	true	true	132485	65791	0	0	3	6	0	0	0	0	65673	510	510	4861	510	66047	255	0	256	256	256	0	260	9024	66438	2644183	1426029	64256	0	11098490	362703824	107732918	319330094	319294470	533169
grid-carry-k8-w256-n128	1	true	true	128899	63998	255	255	3	6	510	0	255	1	63880	510	510	4861	510	64254	255	0	256	256	256	0	260	9024	64900	2579953	1390654	64256	0	11037500	359022046	107732918	319330094	319294470	527704
grid-carry-k8-w256-n128	8	true	true	103797	51447	2040	2040	3	6	4080	0	255	8	51329	510	510	4861	510	51703	255	0	256	256	256	0	260	9024	54134	2092879	1126412	64256	0	10572312	331880048	107732918	319330094	319294470	505600
grid-carry-k8-w256-n128	64	true	true	3333	1215	960	1200	3	6	2400	0	15	64	1097	510	510	4861	510	1711	255	0	256	256	256	0	260	9024	2822	93141	28563	64256	0	8627256	219672432	107732919	319330095	319294471	432411
grid-carry-k8-w256-n128	256	true	true	1925	511	256	510	3	6	1020	0	1	256	393	510	510	4861	510	1021	255	0	256	256	256	0	260	9024	1414	67673	10623	64256	0	8598346	217891526	107732920	319330096	319294472	415970
grid-carry-k8-w256-n128	Unlimited	true	true	1925	511	256	511	3	6	1022	0	0	256	393	510	510	4861	510	1022	255	0	256	256	256	0	260	9024	1414	67676	10623	64256	0	8598350	217891947	107732926	319330102	319294478	411116
doomed-w0-n0	0	true	true	10	1	0	0	3	6	0	0	0	0	2	4	4	5	2	1	1	2	0	0	2	0	4	6	9	7	7	0	0	98	6211	2668	6236	5332	30
doomed-w0-n0	1	true	true	10	1	0	1	3	6	6	0	0	0	2	4	4	5	2	2	1	2	0	0	2	0	4	6	9	8	7	0	0	102	6632	2668	6236	5332	17
doomed-w0-n0	8	true	true	10	1	0	1	3	6	6	0	0	0	2	4	4	5	2	2	1	2	0	0	2	0	4	6	9	8	7	0	0	102	6632	2668	6236	5332	21
doomed-w0-n0	64	true	true	10	1	0	1	3	6	6	0	0	0	2	4	4	5	2	2	1	2	0	0	2	0	4	6	9	8	7	0	0	102	6632	2669	6237	5333	21
doomed-w0-n0	256	true	true	10	1	0	1	3	6	6	0	0	0	2	4	4	5	2	2	1	2	0	0	2	0	4	6	9	8	7	0	0	102	6632	2670	6238	5334	22
doomed-w0-n0	Unlimited	true	true	10	1	0	1	3	6	6	0	0	0	2	4	4	5	2	2	1	2	0	0	2	0	4	6	9	8	7	0	0	102	6632	2676	6244	5340	22
doomed-w0-n16	0	true	true	26	1	0	0	3	6	0	0	0	0	18	4	4	5	2	1	1	2	0	0	2	0	19	142	25	51	81	0	0	800	28443	10150	21311	16054	80
doomed-w0-n16	1	true	true	26	1	0	1	3	6	6	0	0	0	18	4	4	5	2	2	1	2	0	0	2	0	19	142	25	54	81	0	0	804	28864	10150	21311	16054	78
doomed-w0-n16	8	true	true	26	1	0	1	3	6	6	0	0	0	18	4	4	5	2	2	1	2	0	0	2	0	19	142	25	54	81	0	0	804	28864	10150	21311	16054	79
doomed-w0-n16	64	true	true	26	1	0	1	3	6	6	0	0	0	18	4	4	5	2	2	1	2	0	0	2	0	19	142	25	54	81	0	0	804	28864	10151	21312	16055	77
doomed-w0-n16	256	true	true	26	1	0	1	3	6	6	0	0	0	18	4	4	5	2	2	1	2	0	0	2	0	19	142	25	54	81	0	0	804	28864	10152	21313	16056	76
doomed-w0-n16	Unlimited	true	true	26	1	0	1	3	6	6	0	0	0	18	4	4	5	2	2	1	2	0	0	2	0	19	142	25	54	81	0	0	804	28864	10158	21319	16062	74
doomed-w0-n128	0	true	true	138	1	0	0	3	6	0	0	0	0	130	4	4	5	2	1	1	2	0	0	2	0	131	8262	137	606	858	0	0	34623	684755	414416	829841	447648	1755
doomed-w0-n128	1	true	true	138	1	0	1	3	6	6	0	0	0	130	4	4	5	2	2	1	2	0	0	2	0	131	8262	137	609	858	0	0	34627	685176	414416	829841	447648	2723
doomed-w0-n128	8	true	true	138	1	0	1	3	6	6	0	0	0	130	4	4	5	2	2	1	2	0	0	2	0	131	8262	137	609	858	0	0	34627	685176	414416	829841	447648	2390
doomed-w0-n128	64	true	true	138	1	0	1	3	6	6	0	0	0	130	4	4	5	2	2	1	2	0	0	2	0	131	8262	137	609	858	0	0	34627	685176	414417	829842	447649	1582
doomed-w0-n128	256	true	true	138	1	0	1	3	6	6	0	0	0	130	4	4	5	2	2	1	2	0	0	2	0	131	8262	137	609	858	0	0	34627	685176	414418	829843	447650	1654
doomed-w0-n128	Unlimited	true	true	138	1	0	1	3	6	6	0	0	0	130	4	4	5	2	2	1	2	0	0	2	0	131	8262	137	609	858	0	0	34627	685176	414424	829849	447656	1667
doomed-w1-n0	0	true	true	10	1	0	0	3	6	0	0	0	0	2	4	4	5	2	1	1	2	0	0	2	0	5	7	9	7	7	0	0	105	6678	2717	6443	5607	24
doomed-w1-n0	1	true	true	12	2	1	1	3	6	6	0	1	1	3	4	4	5	2	2	1	2	0	0	2	0	5	7	11	11	10	0	0	119	7560	2717	6467	5607	32
doomed-w1-n0	8	true	true	12	2	1	2	3	6	12	0	0	1	3	4	4	5	2	3	1	2	0	0	2	0	5	7	11	12	10	0	0	123	7981	2717	6467	5607	21
doomed-w1-n0	64	true	true	12	2	1	2	3	6	12	0	0	1	3	4	4	5	2	3	1	2	0	0	2	0	5	7	11	12	10	0	0	123	7981	2718	6468	5608	15
doomed-w1-n0	256	true	true	12	2	1	2	3	6	12	0	0	1	3	4	4	5	2	3	1	2	0	0	2	0	5	7	11	12	10	0	0	123	7981	2719	6469	5609	21
doomed-w1-n0	Unlimited	true	true	12	2	1	2	3	6	12	0	0	1	3	4	4	5	2	3	1	2	0	0	2	0	5	7	11	12	10	0	0	123	7981	2725	6475	5615	23
doomed-w1-n16	0	true	true	26	1	0	0	3	6	0	0	0	0	18	4	4	5	2	1	1	2	0	0	2	0	19	143	25	51	81	0	0	804	28509	10199	21360	16103	46
doomed-w1-n16	1	true	true	28	2	1	1	3	6	6	0	1	1	19	4	4	5	2	2	1	2	0	0	2	0	19	143	27	60	88	0	0	822	29679	10199	21360	16103	73
doomed-w1-n16	8	true	true	28	2	1	2	3	6	12	0	0	1	19	4	4	5	2	3	1	2	0	0	2	0	19	143	27	63	88	0	0	826	30100	10199	21360	16103	47
doomed-w1-n16	64	true	true	28	2	1	2	3	6	12	0	0	1	19	4	4	5	2	3	1	2	0	0	2	0	19	143	27	63	88	0	0	826	30100	10200	21361	16104	74
doomed-w1-n16	256	true	true	28	2	1	2	3	6	12	0	0	1	19	4	4	5	2	3	1	2	0	0	2	0	19	143	27	63	88	0	0	826	30100	10201	21362	16105	88
doomed-w1-n16	Unlimited	true	true	28	2	1	2	3	6	12	0	0	1	19	4	4	5	2	3	1	2	0	0	2	0	19	143	27	63	88	0	0	826	30100	10207	21368	16111	81
doomed-w1-n128	0	true	true	138	1	0	0	3	6	0	0	0	0	130	4	4	5	2	1	1	2	0	0	2	0	131	8263	137	606	858	0	0	34627	684821	414465	829890	447697	1780
doomed-w1-n128	1	true	true	140	2	1	1	3	6	6	0	1	1	131	4	4	5	2	2	1	2	0	0	2	0	131	8263	139	615	865	0	0	34645	685991	414465	829890	447697	1531
doomed-w1-n128	8	true	true	140	2	1	2	3	6	12	0	0	1	131	4	4	5	2	3	1	2	0	0	2	0	131	8263	139	618	865	0	0	34649	686412	414465	829890	447697	1694
doomed-w1-n128	64	true	true	140	2	1	2	3	6	12	0	0	1	131	4	4	5	2	3	1	2	0	0	2	0	131	8263	139	618	865	0	0	34649	686412	414466	829891	447698	1542
doomed-w1-n128	256	true	true	140	2	1	2	3	6	12	0	0	1	131	4	4	5	2	3	1	2	0	0	2	0	131	8263	139	618	865	0	0	34649	686412	414467	829892	447699	1666
doomed-w1-n128	Unlimited	true	true	140	2	1	2	3	6	12	0	0	1	131	4	4	5	2	3	1	2	0	0	2	0	131	8263	139	618	865	0	0	34649	686412	414473	829898	447705	1547
doomed-w8-n0	0	true	true	10	1	0	0	3	6	0	0	0	0	2	4	4	5	2	1	1	2	0	0	2	0	12	14	9	7	7	0	0	149	8955	3060	8075	7028	26
doomed-w8-n0	1	true	true	12	2	1	1	3	6	6	0	1	1	3	4	4	5	2	2	1	2	0	0	2	0	12	14	11	11	10	0	0	163	9837	3060	8075	7028	19
doomed-w8-n0	8	true	true	26	9	8	8	3	6	48	0	1	8	10	4	4	5	2	9	1	2	0	0	2	0	12	14	25	45	41	0	0	281	16811	3060	8448	7028	30
doomed-w8-n0	64	true	true	26	9	8	9	3	6	54	0	0	8	10	4	4	5	2	10	1	2	0	0	2	0	12	14	25	46	41	0	0	285	17232	3061	8449	7029	34
doomed-w8-n0	256	true	true	26	9	8	9	3	6	54	0	0	8	10	4	4	5	2	10	1	2	0	0	2	0	12	14	25	46	41	0	0	285	17232	3062	8450	7030	31
doomed-w8-n0	Unlimited	true	true	26	9	8	9	3	6	54	0	0	8	10	4	4	5	2	10	1	2	0	0	2	0	12	14	25	46	41	0	0	285	17232	3068	8456	7036	39
doomed-w8-n16	0	true	true	26	1	0	0	3	6	0	0	0	0	18	4	4	5	2	1	1	2	0	0	2	0	19	150	25	51	81	0	0	832	28971	10542	23133	16446	73
doomed-w8-n16	1	true	true	28	2	1	1	3	6	6	0	1	1	19	4	4	5	2	2	1	2	0	0	2	0	19	150	27	60	88	0	0	850	30141	10542	23133	16446	75
doomed-w8-n16	8	true	true	42	9	8	8	3	6	48	0	1	8	26	4	4	5	2	9	1	2	0	0	2	0	19	150	41	140	150	0	0	1003	39379	10542	23133	16446	85
doomed-w8-n16	64	true	true	42	9	8	9	3	6	54	0	0	8	26	4	4	5	2	10	1	2	0	0	2	0	19	150	41	143	150	0	0	1007	39800	10543	23134	16447	103
doomed-w8-n16	256	true	true	42	9	8	9	3	6	54	0	0	8	26	4	4	5	2	10	1	2	0	0	2	0	19	150	41	143	150	0	0	1007	39800	10544	23135	16448	95
doomed-w8-n16	Unlimited	true	true	42	9	8	9	3	6	54	0	0	8	26	4	4	5	2	10	1	2	0	0	2	0	19	150	41	143	150	0	0	1007	39800	10550	23141	16454	64
doomed-w8-n128	0	true	true	138	1	0	0	3	6	0	0	0	0	130	4	4	5	2	1	1	2	0	0	2	0	131	8270	137	606	858	0	0	34655	685283	414808	831663	448040	1688
doomed-w8-n128	1	true	true	140	2	1	1	3	6	6	0	1	1	131	4	4	5	2	2	1	2	0	0	2	0	131	8270	139	615	865	0	0	34673	686453	414808	831663	448040	1631
doomed-w8-n128	8	true	true	154	9	8	8	3	6	48	0	1	8	138	4	4	5	2	9	1	2	0	0	2	0	131	8270	153	687	924	0	0	34820	695451	414808	831663	448040	1700
doomed-w8-n128	64	true	true	154	9	8	9	3	6	54	0	0	8	138	4	4	5	2	10	1	2	0	0	2	0	131	8270	153	690	924	0	0	34824	695872	414809	831664	448041	1571
doomed-w8-n128	256	true	true	154	9	8	9	3	6	54	0	0	8	138	4	4	5	2	10	1	2	0	0	2	0	131	8270	153	690	924	0	0	34824	695872	414810	831665	448042	1661
doomed-w8-n128	Unlimited	true	true	154	9	8	9	3	6	54	0	0	8	138	4	4	5	2	10	1	2	0	0	2	0	131	8270	153	690	924	0	0	34824	695872	414816	831671	448048	1556
doomed-w64-n0	0	true	true	10	1	0	0	3	6	0	0	0	0	2	4	4	5	2	1	1	2	0	0	2	0	68	70	9	7	7	0	0	491	37171	5806	27607	23438	127
doomed-w64-n0	1	true	true	12	2	1	1	3	6	6	0	1	1	3	4	4	5	2	2	1	2	0	0	2	0	68	70	11	11	10	0	0	505	38053	5806	27607	23438	114
doomed-w64-n0	8	true	true	26	9	8	8	3	6	48	0	1	8	10	4	4	5	2	9	1	2	0	0	2	0	68	70	25	45	41	0	0	623	45027	5806	27607	23438	124
doomed-w64-n0	64	true	true	138	65	64	64	3	6	384	0	1	64	66	4	4	5	2	65	1	2	0	0	2	0	68	70	137	575	415	0	0	1819	110899	5807	29363	23439	126
doomed-w64-n0	256	true	true	138	65	64	65	3	6	390	0	0	64	66	4	4	5	2	66	1	2	0	0	2	0	68	70	137	576	415	0	0	1823	111320	5808	29364	23440	210
doomed-w64-n0	Unlimited	true	true	138	65	64	65	3	6	390	0	0	64	66	4	4	5	2	66	1	2	0	0	2	0	68	70	137	576	415	0	0	1823	111320	5814	29370	23446	183
doomed-w64-n16	0	true	true	26	1	0	0	3	6	0	0	0	0	18	4	4	5	2	1	1	2	0	0	2	0	68	206	25	51	81	0	0	1158	53692	13288	42665	30938	96
doomed-w64-n16	1	true	true	28	2	1	1	3	6	6	0	1	1	19	4	4	5	2	2	1	2	0	0	2	0	68	206	27	60	88	0	0	1176	54862	13288	42665	30938	100
doomed-w64-n16	8	true	true	42	9	8	8	3	6	48	0	1	8	26	4	4	5	2	9	1	2	0	0	2	0	68	206	41	140	150	0	0	1329	64100	13288	42665	30938	125
doomed-w64-n16	64	true	true	154	65	64	64	3	6	384	0	1	64	82	4	4	5	2	65	1	2	0	0	2	0	68	206	153	1022	777	0	0	2806	148412	13289	42666	30939	221
doomed-w64-n16	256	true	true	154	65	64	65	3	6	390	0	0	64	82	4	4	5	2	66	1	2	0	0	2	0	68	206	153	1025	777	0	0	2810	148833	13290	42667	30940	196
doomed-w64-n16	Unlimited	true	true	154	65	64	65	3	6	390	0	0	64	82	4	4	5	2	66	1	2	0	0	2	0	68	206	153	1025	777	0	0	2810	148833	13296	42673	30946	194
doomed-w64-n128	0	true	true	138	1	0	0	3	6	0	0	0	0	130	4	4	5	2	1	1	2	0	0	2	0	131	8326	137	606	858	0	0	34879	688979	417554	851195	450786	1685
doomed-w64-n128	1	true	true	140	2	1	1	3	6	6	0	1	1	131	4	4	5	2	2	1	2	0	0	2	0	131	8326	139	615	865	0	0	34897	690149	417554	851195	450786	1696
doomed-w64-n128	8	true	true	154	9	8	8	3	6	48	0	1	8	138	4	4	5	2	9	1	2	0	0	2	0	131	8326	153	687	924	0	0	35044	699147	417554	851195	450786	1636
doomed-w64-n128	64	true	true	266	65	64	64	3	6	384	0	1	64	194	4	4	5	2	65	1	2	0	0	2	0	131	8326	265	1473	1503	0	0	36426	779627	417555	851196	450787	1759
doomed-w64-n128	256	true	true	266	65	64	65	3	6	390	0	0	64	194	4	4	5	2	66	1	2	0	0	2	0	131	8326	265	1476	1503	0	0	36430	780048	417556	851197	450788	2529
doomed-w64-n128	Unlimited	true	true	266	65	64	65	3	6	390	0	0	64	194	4	4	5	2	66	1	2	0	0	2	0	131	8326	265	1476	1503	0	0	36430	780048	417562	851203	450794	1749
doomed-w256-n0	0	true	true	10	1	0	0	3	6	0	0	0	0	2	4	4	5	2	1	1	2	0	0	2	0	260	262	9	7	7	0	0	1647	133779	15216	94569	79696	209
doomed-w256-n0	1	true	true	12	2	1	1	3	6	6	0	1	1	3	4	4	5	2	2	1	2	0	0	2	0	260	262	11	11	10	0	0	1661	134661	15216	94569	79696	212
doomed-w256-n0	8	true	true	26	9	8	8	3	6	48	0	1	8	10	4	4	5	2	9	1	2	0	0	2	0	260	262	25	45	41	0	0	1779	141635	15216	94569	79696	292
doomed-w256-n0	64	true	true	138	65	64	64	3	6	384	0	1	64	66	4	4	5	2	65	1	2	0	0	2	0	260	262	137	575	415	0	0	2975	207507	15217	94570	79697	289
doomed-w256-n0	256	true	true	522	257	256	256	3	6	1536	0	1	256	258	4	4	5	2	257	1	2	0	0	2	0	260	262	521	3241	2133	0	0	7947	468211	15218	101142	79698	553
doomed-w256-n0	Unlimited	true	true	522	257	256	257	3	6	1542	0	0	256	258	4	4	5	2	258	1	2	0	0	2	0	260	262	521	3242	2133	0	0	7951	468632	15224	101148	79704	358
doomed-w256-n16	0	true	true	26	1	0	0	3	6	0	0	0	0	18	4	4	5	2	1	1	2	0	0	2	0	260	398	25	51	81	0	0	2314	150300	22698	109627	87196	220
doomed-w256-n16	1	true	true	28	2	1	1	3	6	6	0	1	1	19	4	4	5	2	2	1	2	0	0	2	0	260	398	27	60	88	0	0	2332	151470	22698	109627	87196	137
doomed-w256-n16	8	true	true	42	9	8	8	3	6	48	0	1	8	26	4	4	5	2	9	1	2	0	0	2	0	260	398	41	140	150	0	0	2485	160708	22698	109627	87196	232
doomed-w256-n16	64	true	true	154	65	64	64	3	6	384	0	1	64	82	4	4	5	2	65	1	2	0	0	2	0	260	398	153	1022	777	0	0	3962	245020	22699	109628	87197	308
doomed-w256-n16	256	true	true	538	257	256	256	3	6	1536	0	1	256	274	4	4	5	2	257	1	2	0	0	2	0	260	398	537	4723	3268	0	0	9713	561428	22700	110122	87198	618
doomed-w256-n16	Unlimited	true	true	538	257	256	257	3	6	1542	0	0	256	274	4	4	5	2	258	1	2	0	0	2	0	260	398	537	4726	3268	0	0	9717	561849	22706	110128	87204	465
doomed-w256-n128	0	true	true	138	1	0	0	3	6	0	0	0	0	130	4	4	5	2	1	1	2	0	0	2	0	260	8518	137	606	858	0	0	35907	757620	426964	918157	491462	1738
doomed-w256-n128	1	true	true	140	2	1	1	3	6	6	0	1	1	131	4	4	5	2	2	1	2	0	0	2	0	260	8518	139	615	865	0	0	35925	758790	426964	918157	491462	1848
doomed-w256-n128	8	true	true	154	9	8	8	3	6	48	0	1	8	138	4	4	5	2	9	1	2	0	0	2	0	260	8518	153	687	924	0	0	36072	767788	426964	918157	491462	1789
doomed-w256-n128	64	true	true	266	65	64	64	3	6	384	0	1	64	194	4	4	5	2	65	1	2	0	0	2	0	260	8518	265	1473	1503	0	0	37454	848268	426965	918158	491463	1815
doomed-w256-n128	256	true	true	650	257	256	256	3	6	1536	0	1	256	386	4	4	5	2	257	1	2	0	0	2	0	260	8518	649	4794	3793	0	0	42802	1148588	426966	918159	491464	1802
doomed-w256-n128	Unlimited	true	true	650	257	256	257	3	6	1542	0	0	256	386	4	4	5	2	258	1	2	0	0	2	0	260	8518	649	4797	3793	0	0	42806	1149009	426972	918165	491470	1890
refutation-loop	0	true	true	6	1	0	0	3	2	0	0	0	0	2	0	0	0	0	1	1	2	0	0	2	0	0	0	5	5	5	0	0	49	3162	1621	3397	2999	12
refutation-loop	1	true	true	8	2	1	1	3	2	2	0	1	1	3	0	0	1	0	2	1	2	0	0	2	0	0	0	7	9	8	0	0	63	4026	1621	3623	2999	13
refutation-loop	8	true	true	22	9	8	8	3	2	16	0	1	8	10	0	0	8	0	9	1	2	0	0	2	0	0	0	21	43	39	0	0	181	10874	1621	4183	2999	21
refutation-loop	64	true	true	134	65	64	64	3	2	128	0	1	64	66	0	0	64	0	65	1	2	0	0	2	0	0	0	133	573	413	0	0	1377	75738	1622	8704	3000	86
refutation-loop	256	true	true	518	257	256	256	3	2	512	0	1	256	258	0	0	256	0	257	1	2	0	0	2	0	0	0	517	3239	2131	0	0	6349	332986	1623	24225	3001	350
refutation-loop	Unlimited	true	false	2000	1000	999	999	3	2	1998	0	0	999	1000	0	0	999	0	1000	0	0	0	0	1	1	0	0	2001	14659	9323	0	0	26674	1371554	1629	83591	83071	1360
