   Compiling chr-direct-conditional v0.1.0 (/home/ahart/Documents/CHRLang/research/chr-direct-conditional)
    Finished `test` profile [unoptimized + debuginfo] target(s) in 0.42s
     Running tests/finite_bridge_futures.rs (target/debug/deps/finite_bridge_futures-878c80a8aae448df)

running 1 test
test weights_multiply_later_choices_and_preserve_fresh_output_aliases ... ok

test result: ok. 1 passed; 0 failed; 0 ignored; 0 measured; 0 filtered out; finished in 0.00s

     Running tests/finite_bridge_gate.rs (target/debug/deps/finite_bridge_gate-c5246e09090b9a67)

running 2 tests
test bridge_transports_nontrivial_aliases_and_avoids_source_name_collisions ... ok
bridge_source_configurations=80
test prepared_bridge_and_weighted_raw_delivery_match_independent_source ... ok

test result: ok. 2 passed; 0 failed; 0 ignored; 0 measured; 0 filtered out; finished in 0.09s

     Running tests/finite_kept_read_gate.rs (target/debug/deps/finite_kept_read_gate-16a2f34e2737b5e3)

running 9 tests
test nonzero_argument_reads_and_consuming_prefixes_are_not_admitted ... ok
test absent_and_late_readiness_are_unsupported_not_failed_answers ... ok
test query_rechecks_and_dropping_pending_admission_leave_prepared_rules_reusable ... ok
test caller_recreates_private_work_using_original_kept_rules ... ok
test caller_consumption_and_new_private_work_do_not_bypass_readiness ... ok
test prefix_priority_precedes_caller_read_consumption ... ok
test kept_ready_read_is_admitted_with_complete_residuals ... ok
test weighted_alternatives_aliases_and_failures_keep_raw_multiplicity ... ok
test repeated_witnesses_need_distinct_occurrences_but_rules_can_reuse_them ... ok

test result: ok. 9 passed; 0 failed; 0 ignored; 0 measured; 0 filtered out; finished in 0.00s

     Running tests/finite_learning_gate.rs (target/debug/deps/finite_learning_gate-cf7d71b6ef27247f)

running 11 tests
test cancellation_errors_and_zero_capacity_never_install_a_failed_region ... ok
test failed_region_prunes_a_successful_wider_renamed_query ... ok
test covered_cancellation_and_traversal_errors_never_learn ... ok
test independent_producer_domains_survive_projection_and_loops_never_learn ... ok
test bounded_eviction_partition_errors_and_exact_cache_control ... ok
COVERED,0,1,9,10,1
test changed_goals_miss_and_full_caller_can_create_new_private_work ... ok
test covering_failure_avoids_partitions_from_older_partial_regions ... ok
COMMON,0,1,10,9,7,7
LATE,0,1,0,1,false,1,1,false,10,2,2,0,0,0,0
REGION,0,1,0,1,false,1,1,false,10,2,2,2,0
COVERED,0,2,9,10,1
LATE,0,1,0,1,false,1,1,false,1000,2,2,0,0,0,0
REGION,0,1,0,1,false,1,1,false,1000,2,2,2,0
test covered_learning_resolves_late_aliases_and_constructor_calls ... ok
LATE,0,1,0,1,false,1,1,true,10,2,2,0,0,0,0
COMMON,0,2,10,9,7,7
test primary_learning_has_no_diagnostic_counts_and_preserves_reuse ... ok
REGION,0,1,0,1,false,1,1,true,10,2,2,2,0
COVERED,1,1,10,11,1
LATE,0,1,0,1,false,1,1,true,1000,2,2,0,0,0,0
COMMON,1,1,11,11,7,7
REGION,0,1,0,1,false,1,1,true,1000,2,2,2,0
LATE,0,1,0,1,false,3,3,false,10,2,2,0,0,0,0
COVERED,1,2,10,11,1
REGION,0,1,0,1,false,3,3,false,10,2,2,2,0
LATE,0,1,0,1,false,3,3,false,1000,2,2,0,0,0,0
COMMON,1,2,11,11,7,7
REGION,0,1,0,1,false,3,3,false,1000,2,2,2,0
COVERED,4,1,13,14,1
LATE,0,1,0,1,false,3,3,true,10,2,2,0,0,0,0
REGION,0,1,0,1,false,3,3,true,10,2,2,2,0
COMMON,4,1,14,17,7,7
LATE,0,1,0,1,false,3,3,true,1000,2,2,0,0,0,0
REGION,0,1,0,1,false,3,3,true,1000,2,2,2,0
COVERED,4,2,13,14,1
LATE,0,1,0,1,false,7,7,false,10,2,2,0,0,0,0
REGION,0,1,0,1,false,7,7,false,10,2,2,2,0
LATE,0,1,0,1,false,7,7,false,1000,2,2,0,0,0,0
COMMON,4,2,14,17,7,7
REGION,0,1,0,1,false,7,7,false,1000,2,2,2,0
LATE,0,1,0,1,false,7,7,true,10,2,2,0,0,0,0
REGION,0,1,0,1,false,7,7,true,10,2,2,2,0
COVERED,16,1,25,26,1
LATE,0,1,0,1,false,7,7,true,1000,2,2,0,0,0,0
REGION,0,1,0,1,false,7,7,true,1000,2,2,2,0
LATE,0,1,0,1,false,1,4,false,10,2,2,0,0,0,0
REGION,0,1,0,1,false,1,4,false,10,2,2,2,0
LATE,0,1,0,1,false,1,4,false,1000,2,2,0,0,0,0
REGION,0,1,0,1,false,1,4,false,1000,2,2,2,0
LATE,0,1,0,1,false,1,4,true,10,0,0,0,0,0,0
COMMON,16,1,26,41,7,7
REGION,0,1,0,1,false,1,4,true,10,0,0,0,0
LATE,0,1,0,1,false,1,4,true,1000,0,0,0,0,0,0
REGION,0,1,0,1,false,1,4,true,1000,0,0,0,0
LATE,0,1,0,1,false,4,1,false,10,2,2,0,0,0,0
REGION,0,1,0,1,false,4,1,false,10,2,2,2,0
LATE,0,1,0,1,false,4,1,false,1000,2,2,0,0,0,0
REGION,0,1,0,1,false,4,1,false,1000,2,2,2,0
LATE,0,1,0,1,false,4,1,true,10,0,0,0,0,0,0
REGION,0,1,0,1,false,4,1,true,10,0,0,0,0
LATE,0,1,0,1,false,4,1,true,1000,0,0,0,0,0,0
REGION,0,1,0,1,false,4,1,true,1000,0,0,0,0
LATE,0,1,0,1,true,1,1,false,10,2,2,0,0,0,0
REGION,0,1,0,1,true,1,1,false,10,2,2,2,0
LATE,0,1,0,1,true,1,1,false,1000,2,2,0,0,0,0
REGION,0,1,0,1,true,1,1,false,1000,2,2,2,0
LATE,0,1,0,1,true,1,1,true,10,2,2,0,0,0,0
REGION,0,1,0,1,true,1,1,true,10,2,2,2,0
LATE,0,1,0,1,true,1,1,true,1000,2,2,0,0,0,0
REGION,0,1,0,1,true,1,1,true,1000,2,2,2,0
LATE,0,1,0,1,true,3,3,false,10,2,2,0,0,0,0
REGION,0,1,0,1,true,3,3,false,10,2,2,2,0
LATE,0,1,0,1,true,3,3,false,1000,2,2,0,0,0,0
REGION,0,1,0,1,true,3,3,false,1000,2,2,2,0
LATE,0,1,0,1,true,3,3,true,10,2,2,0,0,0,0
REGION,0,1,0,1,true,3,3,true,10,2,2,2,0
LATE,0,1,0,1,true,3,3,true,1000,2,2,0,0,0,0
REGION,0,1,0,1,true,3,3,true,1000,2,2,2,0
LATE,0,1,0,1,true,7,7,false,10,2,2,0,0,0,0
REGION,0,1,0,1,true,7,7,false,10,2,2,2,0
LATE,0,1,0,1,true,7,7,false,1000,2,2,0,0,0,0
REGION,0,1,0,1,true,7,7,false,1000,2,2,2,0
COVERED,16,2,25,26,1
LATE,0,1,0,1,true,7,7,true,10,2,2,0,0,0,0
REGION,0,1,0,1,true,7,7,true,10,2,2,2,0
LATE,0,1,0,1,true,7,7,true,1000,2,2,0,0,0,0
REGION,0,1,0,1,true,7,7,true,1000,2,2,2,0
LATE,0,1,0,1,true,1,4,false,10,2,2,0,0,0,0
REGION,0,1,0,1,true,1,4,false,10,2,2,2,0
LATE,0,1,0,1,true,1,4,false,1000,2,2,0,0,0,0
REGION,0,1,0,1,true,1,4,false,1000,2,2,2,0
LATE,0,1,0,1,true,1,4,true,10,0,0,0,0,0,0
REGION,0,1,0,1,true,1,4,true,10,0,0,0,0
LATE,0,1,0,1,true,1,4,true,1000,0,0,0,0,0,0
REGION,0,1,0,1,true,1,4,true,1000,0,0,0,0
LATE,0,1,0,1,true,4,1,false,10,2,2,0,0,0,0
REGION,0,1,0,1,true,4,1,false,10,2,2,2,0
LATE,0,1,0,1,true,4,1,false,1000,2,2,0,0,0,0
REGION,0,1,0,1,true,4,1,false,1000,2,2,2,0
LATE,0,1,0,1,true,4,1,true,10,0,0,0,0,0,0
REGION,0,1,0,1,true,4,1,true,10,0,0,0,0
LATE,0,1,0,1,true,4,1,true,1000,0,0,0,0,0,0
REGION,0,1,0,1,true,4,1,true,1000,0,0,0,0
LATE,0,1,0,3,false,1,1,false,10,2,2,0,0,0,0
REGION,0,1,0,3,false,1,1,false,10,2,2,2,0
LATE,0,1,0,3,false,1,1,false,1000,2,2,0,0,0,0
REGION,0,1,0,3,false,1,1,false,1000,2,2,2,0
LATE,0,1,0,3,false,1,1,true,10,2,2,0,0,0,0
REGION,0,1,0,3,false,1,1,true,10,2,2,2,0
LATE,0,1,0,3,false,1,1,true,1000,2,2,0,0,0,0
REGION,0,1,0,3,false,1,1,true,1000,2,2,2,0
LATE,0,1,0,3,false,3,3,false,10,2,2,0,0,0,0
REGION,0,1,0,3,false,3,3,false,10,2,2,2,0
LATE,0,1,0,3,false,3,3,false,1000,2,2,0,0,0,0
REGION,0,1,0,3,false,3,3,false,1000,2,2,2,0
LATE,0,1,0,3,false,3,3,true,10,2,2,0,0,0,0
REGION,0,1,0,3,false,3,3,true,10,2,2,2,0
LATE,0,1,0,3,false,3,3,true,1000,2,2,0,0,0,0
REGION,0,1,0,3,false,3,3,true,1000,2,2,2,0
LATE,0,1,0,3,false,7,7,false,10,2,2,0,0,0,0
REGION,0,1,0,3,false,7,7,false,10,2,2,2,0
LATE,0,1,0,3,false,7,7,false,1000,2,2,0,0,0,0
REGION,0,1,0,3,false,7,7,false,1000,2,2,2,0
LATE,0,1,0,3,false,7,7,true,10,2,2,0,0,0,0
REGION,0,1,0,3,false,7,7,true,10,2,2,2,0
LATE,0,1,0,3,false,7,7,true,1000,2,2,0,0,0,0
COMMON,16,2,26,41,7,7
REGION,0,1,0,3,false,7,7,true,1000,2,2,2,0
test successful_query_common_work_attribution ... ok
LATE,0,1,0,3,false,1,4,false,10,2,2,0,0,0,0
REGION,0,1,0,3,false,1,4,false,10,2,2,2,0
LATE,0,1,0,3,false,1,4,false,1000,2,2,0,0,0,0
REGION,0,1,0,3,false,1,4,false,1000,2,2,2,0
LATE,0,1,0,3,false,1,4,true,10,0,0,0,0,0,0
REGION,0,1,0,3,false,1,4,true,10,0,0,0,0
LATE,0,1,0,3,false,1,4,true,1000,0,0,0,0,0,0
REGION,0,1,0,3,false,1,4,true,1000,0,0,0,0
LATE,0,1,0,3,false,4,1,false,10,2,2,0,0,0,0
REGION,0,1,0,3,false,4,1,false,10,2,2,2,0
LATE,0,1,0,3,false,4,1,false,1000,2,2,0,0,0,0
REGION,0,1,0,3,false,4,1,false,1000,2,2,2,0
LATE,0,1,0,3,false,4,1,true,10,0,0,0,0,0,0
REGION,0,1,0,3,false,4,1,true,10,0,0,0,0
LATE,0,1,0,3,false,4,1,true,1000,0,0,0,0,0,0
REGION,0,1,0,3,false,4,1,true,1000,0,0,0,0
LATE,0,1,0,3,true,1,1,false,10,2,2,0,0,0,0
REGION,0,1,0,3,true,1,1,false,10,2,2,2,0
LATE,0,1,0,3,true,1,1,false,1000,2,2,0,0,0,0
REGION,0,1,0,3,true,1,1,false,1000,2,2,2,0
LATE,0,1,0,3,true,1,1,true,10,2,2,0,0,0,0
REGION,0,1,0,3,true,1,1,true,10,2,2,2,0
LATE,0,1,0,3,true,1,1,true,1000,2,2,0,0,0,0
REGION,0,1,0,3,true,1,1,true,1000,2,2,2,0
LATE,0,1,0,3,true,3,3,false,10,2,2,0,0,0,0
REGION,0,1,0,3,true,3,3,false,10,2,2,2,0
LATE,0,1,0,3,true,3,3,false,1000,2,2,0,0,0,0
REGION,0,1,0,3,true,3,3,false,1000,2,2,2,0
LATE,0,1,0,3,true,3,3,true,10,2,2,0,0,0,0
REGION,0,1,0,3,true,3,3,true,10,2,2,2,0
LATE,0,1,0,3,true,3,3,true,1000,2,2,0,0,0,0
REGION,0,1,0,3,true,3,3,true,1000,2,2,2,0
LATE,0,1,0,3,true,7,7,false,10,2,2,0,0,0,0
REGION,0,1,0,3,true,7,7,false,10,2,2,2,0
LATE,0,1,0,3,true,7,7,false,1000,2,2,0,0,0,0
REGION,0,1,0,3,true,7,7,false,1000,2,2,2,0
LATE,0,1,0,3,true,7,7,true,10,2,2,0,0,0,0
REGION,0,1,0,3,true,7,7,true,10,2,2,2,0
LATE,0,1,0,3,true,7,7,true,1000,2,2,0,0,0,0
REGION,0,1,0,3,true,7,7,true,1000,2,2,2,0
LATE,0,1,0,3,true,1,4,false,10,2,2,0,0,0,0
REGION,0,1,0,3,true,1,4,false,10,2,2,2,0
LATE,0,1,0,3,true,1,4,false,1000,2,2,0,0,0,0
REGION,0,1,0,3,true,1,4,false,1000,2,2,2,0
LATE,0,1,0,3,true,1,4,true,10,0,0,0,0,0,0
REGION,0,1,0,3,true,1,4,true,10,0,0,0,0
LATE,0,1,0,3,true,1,4,true,1000,0,0,0,0,0,0
REGION,0,1,0,3,true,1,4,true,1000,0,0,0,0
LATE,0,1,0,3,true,4,1,false,10,2,2,0,0,0,0
REGION,0,1,0,3,true,4,1,false,10,2,2,2,0
LATE,0,1,0,3,true,4,1,false,1000,2,2,0,0,0,0
REGION,0,1,0,3,true,4,1,false,1000,2,2,2,0
LATE,0,1,0,3,true,4,1,true,10,0,0,0,0,0,0
REGION,0,1,0,3,true,4,1,true,10,0,0,0,0
LATE,0,1,0,3,true,4,1,true,1000,0,0,0,0,0,0
REGION,0,1,0,3,true,4,1,true,1000,0,0,0,0
LATE,0,1,1,1,false,1,1,false,10,2,0,0,1,1,0
REGION,0,1,1,1,false,1,1,false,10,2,0,2,0
LATE,0,1,1,1,false,1,1,false,1000,2,0,0,1,1,0
REGION,0,1,1,1,false,1,1,false,1000,2,0,2,0
LATE,0,1,1,1,false,1,1,true,10,2,2,0,2,0,0
REGION,0,1,1,1,false,1,1,true,10,2,2,2,0
LATE,0,1,1,1,false,1,1,true,1000,2,0,0,1,1,0
REGION,0,1,1,1,false,1,1,true,1000,2,0,2,0
LATE,0,1,1,1,false,3,3,false,10,2,2,0,2,0,0
REGION,0,1,1,1,false,3,3,false,10,2,2,2,0
LATE,0,1,1,1,false,3,3,false,1000,2,0,0,1,1,0
REGION,0,1,1,1,false,3,3,false,1000,2,0,2,0
LATE,0,1,1,1,false,3,3,true,10,2,2,0,2,0,0
REGION,0,1,1,1,false,3,3,true,10,2,2,2,0
LATE,0,1,1,1,false,3,3,true,1000,2,0,0,1,1,0
REGION,0,1,1,1,false,3,3,true,1000,2,0,2,0
LATE,0,1,1,1,false,7,7,false,10,2,2,0,2,0,0
REGION,0,1,1,1,false,7,7,false,10,2,2,2,0
LATE,0,1,1,1,false,7,7,false,1000,2,0,0,1,1,0
REGION,0,1,1,1,false,7,7,false,1000,2,0,2,0
LATE,0,1,1,1,false,7,7,true,10,2,2,0,2,0,0
REGION,0,1,1,1,false,7,7,true,10,2,2,2,0
LATE,0,1,1,1,false,7,7,true,1000,2,0,0,1,1,0
REGION,0,1,1,1,false,7,7,true,1000,2,0,2,0
LATE,0,1,1,1,false,1,4,false,10,2,2,0,2,0,0
REGION,0,1,1,1,false,1,4,false,10,2,2,2,0
LATE,0,1,1,1,false,1,4,false,1000,2,0,0,1,1,0
REGION,0,1,1,1,false,1,4,false,1000,2,0,2,0
LATE,0,1,1,1,false,1,4,true,10,0,0,0,0,0,0
REGION,0,1,1,1,false,1,4,true,10,0,0,0,0
LATE,0,1,1,1,false,1,4,true,1000,0,0,0,0,0,0
REGION,0,1,1,1,false,1,4,true,1000,0,0,0,0
LATE,0,1,1,1,false,4,1,false,10,2,2,0,2,0,0
REGION,0,1,1,1,false,4,1,false,10,2,2,2,0
LATE,0,1,1,1,false,4,1,false,1000,2,0,0,1,1,0
REGION,0,1,1,1,false,4,1,false,1000,2,0,2,0
LATE,0,1,1,1,false,4,1,true,10,0,0,0,0,0,0
REGION,0,1,1,1,false,4,1,true,10,0,0,0,0
LATE,0,1,1,1,false,4,1,true,1000,0,0,0,0,0,0
REGION,0,1,1,1,false,4,1,true,1000,0,0,0,0
LATE,0,1,1,1,true,1,1,false,10,2,2,0,2,0,0
REGION,0,1,1,1,true,1,1,false,10,2,2,2,0
LATE,0,1,1,1,true,1,1,false,1000,2,0,0,1,1,0
REGION,0,1,1,1,true,1,1,false,1000,2,0,2,0
LATE,0,1,1,1,true,1,1,true,10,2,2,0,2,0,0
REGION,0,1,1,1,true,1,1,true,10,2,2,2,0
LATE,0,1,1,1,true,1,1,true,1000,2,0,0,1,1,0
REGION,0,1,1,1,true,1,1,true,1000,2,0,2,0
LATE,0,1,1,1,true,3,3,false,10,2,2,0,2,0,0
REGION,0,1,1,1,true,3,3,false,10,2,2,2,0
LATE,0,1,1,1,true,3,3,false,1000,2,0,0,1,1,0
REGION,0,1,1,1,true,3,3,false,1000,2,0,2,0
LATE,0,1,1,1,true,3,3,true,10,2,2,0,2,0,0
REGION,0,1,1,1,true,3,3,true,10,2,2,2,0
LATE,0,1,1,1,true,3,3,true,1000,2,0,0,1,1,0
REGION,0,1,1,1,true,3,3,true,1000,2,0,2,0
LATE,0,1,1,1,true,7,7,false,10,2,2,0,2,0,0
REGION,0,1,1,1,true,7,7,false,10,2,2,2,0
LATE,0,1,1,1,true,7,7,false,1000,2,0,0,1,1,0
REGION,0,1,1,1,true,7,7,false,1000,2,0,2,0
LATE,0,1,1,1,true,7,7,true,10,2,2,0,2,0,0
REGION,0,1,1,1,true,7,7,true,10,2,2,2,0
LATE,0,1,1,1,true,7,7,true,1000,2,0,0,1,1,0
REGION,0,1,1,1,true,7,7,true,1000,2,0,2,0
LATE,0,1,1,1,true,1,4,false,10,2,2,0,2,0,0
REGION,0,1,1,1,true,1,4,false,10,2,2,2,0
LATE,0,1,1,1,true,1,4,false,1000,2,0,0,1,1,0
REGION,0,1,1,1,true,1,4,false,1000,2,0,2,0
LATE,0,1,1,1,true,1,4,true,10,0,0,0,0,0,0
REGION,0,1,1,1,true,1,4,true,10,0,0,0,0
LATE,0,1,1,1,true,1,4,true,1000,0,0,0,0,0,0
REGION,0,1,1,1,true,1,4,true,1000,0,0,0,0
LATE,0,1,1,1,true,4,1,false,10,2,2,0,2,0,0
REGION,0,1,1,1,true,4,1,false,10,2,2,2,0
LATE,0,1,1,1,true,4,1,false,1000,2,0,0,1,1,0
REGION,0,1,1,1,true,4,1,false,1000,2,0,2,0
LATE,0,1,1,1,true,4,1,true,10,0,0,0,0,0,0
REGION,0,1,1,1,true,4,1,true,10,0,0,0,0
LATE,0,1,1,1,true,4,1,true,1000,0,0,0,0,0,0
REGION,0,1,1,1,true,4,1,true,1000,0,0,0,0
LATE,0,1,1,3,false,1,1,false,10,2,0,0,1,1,0
REGION,0,1,1,3,false,1,1,false,10,2,0,2,0
LATE,0,1,1,3,false,1,1,false,1000,2,0,0,1,1,0
REGION,0,1,1,3,false,1,1,false,1000,2,0,2,0
LATE,0,1,1,3,false,1,1,true,10,2,2,0,2,0,0
REGION,0,1,1,3,false,1,1,true,10,2,2,2,0
LATE,0,1,1,3,false,1,1,true,1000,2,0,0,1,1,0
REGION,0,1,1,3,false,1,1,true,1000,2,0,2,0
LATE,0,1,1,3,false,3,3,false,10,2,2,0,2,0,0
REGION,0,1,1,3,false,3,3,false,10,2,2,2,0
LATE,0,1,1,3,false,3,3,false,1000,2,0,0,1,1,0
REGION,0,1,1,3,false,3,3,false,1000,2,0,2,0
LATE,0,1,1,3,false,3,3,true,10,2,2,0,2,0,0
REGION,0,1,1,3,false,3,3,true,10,2,2,2,0
LATE,0,1,1,3,false,3,3,true,1000,2,0,0,1,1,0
REGION,0,1,1,3,false,3,3,true,1000,2,0,2,0
LATE,0,1,1,3,false,7,7,false,10,2,2,0,2,0,0
REGION,0,1,1,3,false,7,7,false,10,2,2,2,0
LATE,0,1,1,3,false,7,7,false,1000,2,0,0,1,1,0
REGION,0,1,1,3,false,7,7,false,1000,2,0,2,0
LATE,0,1,1,3,false,7,7,true,10,2,2,0,2,0,0
REGION,0,1,1,3,false,7,7,true,10,2,2,2,0
LATE,0,1,1,3,false,7,7,true,1000,2,0,0,1,1,0
REGION,0,1,1,3,false,7,7,true,1000,2,0,2,0
LATE,0,1,1,3,false,1,4,false,10,2,2,0,2,0,0
REGION,0,1,1,3,false,1,4,false,10,2,2,2,0
LATE,0,1,1,3,false,1,4,false,1000,2,0,0,1,1,0
REGION,0,1,1,3,false,1,4,false,1000,2,0,2,0
LATE,0,1,1,3,false,1,4,true,10,0,0,0,0,0,0
REGION,0,1,1,3,false,1,4,true,10,0,0,0,0
LATE,0,1,1,3,false,1,4,true,1000,0,0,0,0,0,0
REGION,0,1,1,3,false,1,4,true,1000,0,0,0,0
LATE,0,1,1,3,false,4,1,false,10,2,2,0,2,0,0
REGION,0,1,1,3,false,4,1,false,10,2,2,2,0
LATE,0,1,1,3,false,4,1,false,1000,2,0,0,1,1,0
REGION,0,1,1,3,false,4,1,false,1000,2,0,2,0
LATE,0,1,1,3,false,4,1,true,10,0,0,0,0,0,0
REGION,0,1,1,3,false,4,1,true,10,0,0,0,0
LATE,0,1,1,3,false,4,1,true,1000,0,0,0,0,0,0
REGION,0,1,1,3,false,4,1,true,1000,0,0,0,0
LATE,0,1,1,3,true,1,1,false,10,2,2,0,2,0,0
REGION,0,1,1,3,true,1,1,false,10,2,2,2,0
LATE,0,1,1,3,true,1,1,false,1000,2,0,0,1,1,0
REGION,0,1,1,3,true,1,1,false,1000,2,0,2,0
LATE,0,1,1,3,true,1,1,true,10,2,2,0,2,0,0
REGION,0,1,1,3,true,1,1,true,10,2,2,2,0
LATE,0,1,1,3,true,1,1,true,1000,2,0,0,1,1,0
REGION,0,1,1,3,true,1,1,true,1000,2,0,2,0
LATE,0,1,1,3,true,3,3,false,10,2,2,0,2,0,0
REGION,0,1,1,3,true,3,3,false,10,2,2,2,0
LATE,0,1,1,3,true,3,3,false,1000,2,0,0,1,1,0
REGION,0,1,1,3,true,3,3,false,1000,2,0,2,0
LATE,0,1,1,3,true,3,3,true,10,2,2,0,2,0,0
REGION,0,1,1,3,true,3,3,true,10,2,2,2,0
LATE,0,1,1,3,true,3,3,true,1000,2,0,0,1,1,0
REGION,0,1,1,3,true,3,3,true,1000,2,0,2,0
LATE,0,1,1,3,true,7,7,false,10,2,2,0,2,0,0
REGION,0,1,1,3,true,7,7,false,10,2,2,2,0
LATE,0,1,1,3,true,7,7,false,1000,2,0,0,1,1,0
REGION,0,1,1,3,true,7,7,false,1000,2,0,2,0
LATE,0,1,1,3,true,7,7,true,10,2,2,0,2,0,0
REGION,0,1,1,3,true,7,7,true,10,2,2,2,0
LATE,0,1,1,3,true,7,7,true,1000,2,0,0,1,1,0
REGION,0,1,1,3,true,7,7,true,1000,2,0,2,0
LATE,0,1,1,3,true,1,4,false,10,2,2,0,2,0,0
REGION,0,1,1,3,true,1,4,false,10,2,2,2,0
LATE,0,1,1,3,true,1,4,false,1000,2,0,0,1,1,0
REGION,0,1,1,3,true,1,4,false,1000,2,0,2,0
LATE,0,1,1,3,true,1,4,true,10,0,0,0,0,0,0
REGION,0,1,1,3,true,1,4,true,10,0,0,0,0
LATE,0,1,1,3,true,1,4,true,1000,0,0,0,0,0,0
REGION,0,1,1,3,true,1,4,true,1000,0,0,0,0
LATE,0,1,1,3,true,4,1,false,10,2,2,0,2,0,0
REGION,0,1,1,3,true,4,1,false,10,2,2,2,0
LATE,0,1,1,3,true,4,1,false,1000,2,0,0,1,1,0
REGION,0,1,1,3,true,4,1,false,1000,2,0,2,0
LATE,0,1,1,3,true,4,1,true,10,0,0,0,0,0,0
REGION,0,1,1,3,true,4,1,true,10,0,0,0,0
LATE,0,1,1,3,true,4,1,true,1000,0,0,0,0,0,0
REGION,0,1,1,3,true,4,1,true,1000,0,0,0,0
LATE,0,1,4,1,false,1,1,false,10,2,0,0,1,1,0
REGION,0,1,4,1,false,1,1,false,10,2,0,2,0
LATE,0,1,4,1,false,1,1,false,1000,2,0,0,1,1,0
REGION,0,1,4,1,false,1,1,false,1000,2,0,2,0
LATE,0,1,4,1,false,1,1,true,10,2,2,0,2,0,0
REGION,0,1,4,1,false,1,1,true,10,2,2,2,0
LATE,0,1,4,1,false,1,1,true,1000,2,0,0,2,1,0
REGION,0,1,4,1,false,1,1,true,1000,2,0,2,0
LATE,0,1,4,1,false,3,3,false,10,2,2,0,4,0,0
REGION,0,1,4,1,false,3,3,false,10,2,4,2,0
LATE,0,1,4,1,false,3,3,false,1000,2,0,0,3,1,0
REGION,0,1,4,1,false,3,3,false,1000,2,0,2,0
LATE,0,1,4,1,false,3,3,true,10,2,2,0,6,0,0
REGION,0,1,4,1,false,3,3,true,10,2,2,2,0
LATE,0,1,4,1,false,3,3,true,1000,2,0,0,4,1,0
REGION,0,1,4,1,false,3,3,true,1000,2,0,2,0
LATE,0,1,4,1,false,7,7,false,10,2,2,0,8,0,0
REGION,0,1,4,1,false,7,7,false,10,2,6,2,0
LATE,0,1,4,1,false,7,7,false,1000,2,0,0,4,1,0
REGION,0,1,4,1,false,7,7,false,1000,2,0,2,0
LATE,0,1,4,1,false,7,7,true,10,2,2,0,8,0,0
REGION,0,1,4,1,false,7,7,true,10,2,2,2,0
LATE,0,1,4,1,false,7,7,true,1000,2,0,0,4,1,0
REGION,0,1,4,1,false,7,7,true,1000,2,0,2,0
LATE,0,1,4,1,false,1,4,false,10,2,0,0,3,1,0
REGION,0,1,4,1,false,1,4,false,10,2,0,2,0
LATE,0,1,4,1,false,1,4,false,1000,2,0,0,2,1,0
REGION,0,1,4,1,false,1,4,false,1000,2,0,2,0
LATE,0,1,4,1,false,1,4,true,10,0,0,0,0,0,0
REGION,0,1,4,1,false,1,4,true,10,0,0,0,0
LATE,0,1,4,1,false,1,4,true,1000,0,0,0,0,0,0
REGION,0,1,4,1,false,1,4,true,1000,0,0,0,0
LATE,0,1,4,1,false,4,1,false,10,2,0,0,2,1,0
REGION,0,1,4,1,false,4,1,false,10,2,0,2,0
LATE,0,1,4,1,false,4,1,false,1000,2,0,0,1,1,0
REGION,0,1,4,1,false,4,1,false,1000,2,0,2,0
LATE,0,1,4,1,false,4,1,true,10,0,0,0,0,0,0
REGION,0,1,4,1,false,4,1,true,10,0,0,0,0
LATE,0,1,4,1,false,4,1,true,1000,0,0,0,0,0,0
REGION,0,1,4,1,false,4,1,true,1000,0,0,0,0
LATE,0,1,4,1,true,1,1,false,10,2,2,0,2,0,0
REGION,0,1,4,1,true,1,1,false,10,2,2,2,0
LATE,0,1,4,1,true,1,1,false,1000,2,0,0,2,1,0
REGION,0,1,4,1,true,1,1,false,1000,2,0,2,0
LATE,0,1,4,1,true,1,1,true,10,2,0,0,1,1,0
REGION,0,1,4,1,true,1,1,true,10,2,0,2,0
LATE,0,1,4,1,true,1,1,true,1000,2,0,0,1,1,0
REGION,0,1,4,1,true,1,1,true,1000,2,0,2,0
LATE,0,1,4,1,true,3,3,false,10,2,2,0,4,0,0
REGION,0,1,4,1,true,3,3,false,10,2,4,2,0
LATE,0,1,4,1,true,3,3,false,1000,2,0,0,3,1,0
REGION,0,1,4,1,true,3,3,false,1000,2,0,2,0
LATE,0,1,4,1,true,3,3,true,10,2,2,0,6,0,0
REGION,0,1,4,1,true,3,3,true,10,2,2,2,0
LATE,0,1,4,1,true,3,3,true,1000,2,0,0,4,1,0
REGION,0,1,4,1,true,3,3,true,1000,2,0,2,0
LATE,0,1,4,1,true,7,7,false,10,2,2,0,8,0,0
REGION,0,1,4,1,true,7,7,false,10,2,6,2,0
LATE,0,1,4,1,true,7,7,false,1000,2,0,0,4,1,0
REGION,0,1,4,1,true,7,7,false,1000,2,0,2,0
LATE,0,1,4,1,true,7,7,true,10,2,2,0,8,0,0
REGION,0,1,4,1,true,7,7,true,10,2,2,2,0
LATE,0,1,4,1,true,7,7,true,1000,2,0,0,4,1,0
REGION,0,1,4,1,true,7,7,true,1000,2,0,2,0
LATE,0,1,4,1,true,1,4,false,10,2,0,0,3,1,0
REGION,0,1,4,1,true,1,4,false,10,2,0,2,0
LATE,0,1,4,1,true,1,4,false,1000,2,0,0,2,1,0
REGION,0,1,4,1,true,1,4,false,1000,2,0,2,0
LATE,0,1,4,1,true,1,4,true,10,0,0,0,0,0,0
REGION,0,1,4,1,true,1,4,true,10,0,0,0,0
LATE,0,1,4,1,true,1,4,true,1000,0,0,0,0,0,0
REGION,0,1,4,1,true,1,4,true,1000,0,0,0,0
LATE,0,1,4,1,true,4,1,false,10,2,0,0,2,1,0
REGION,0,1,4,1,true,4,1,false,10,2,0,2,0
LATE,0,1,4,1,true,4,1,false,1000,2,0,0,1,1,0
REGION,0,1,4,1,true,4,1,false,1000,2,0,2,0
LATE,0,1,4,1,true,4,1,true,10,0,0,0,0,0,0
REGION,0,1,4,1,true,4,1,true,10,0,0,0,0
LATE,0,1,4,1,true,4,1,true,1000,0,0,0,0,0,0
REGION,0,1,4,1,true,4,1,true,1000,0,0,0,0
LATE,0,1,4,3,false,1,1,false,10,2,0,0,1,1,0
REGION,0,1,4,3,false,1,1,false,10,2,0,2,0
LATE,0,1,4,3,false,1,1,false,1000,2,0,0,1,1,0
REGION,0,1,4,3,false,1,1,false,1000,2,0,2,0
LATE,0,1,4,3,false,1,1,true,10,2,2,0,4,0,0
REGION,0,1,4,3,false,1,1,true,10,2,2,2,0
LATE,0,1,4,3,false,1,1,true,1000,2,0,0,3,1,0
REGION,0,1,4,3,false,1,1,true,1000,2,0,2,0
LATE,0,1,4,3,false,3,3,false,10,2,0,0,1,1,0
REGION,0,1,4,3,false,3,3,false,10,2,0,2,0
LATE,0,1,4,3,false,3,3,false,1000,2,0,0,1,1,0
REGION,0,1,4,3,false,3,3,false,1000,2,0,2,0
LATE,0,1,4,3,false,3,3,true,10,2,2,0,6,0,0
REGION,0,1,4,3,false,3,3,true,10,2,2,2,0
LATE,0,1,4,3,false,3,3,true,1000,2,0,0,4,1,0
REGION,0,1,4,3,false,3,3,true,1000,2,0,2,0
LATE,0,1,4,3,false,7,7,false,10,2,2,0,8,0,0
REGION,0,1,4,3,false,7,7,false,10,2,4,2,0
LATE,0,1,4,3,false,7,7,false,1000,2,0,0,4,1,0
REGION,0,1,4,3,false,7,7,false,1000,2,0,2,0
LATE,0,1,4,3,false,7,7,true,10,2,2,0,8,0,0
REGION,0,1,4,3,false,7,7,true,10,2,2,2,0
LATE,0,1,4,3,false,7,7,true,1000,2,0,0,4,1,0
REGION,0,1,4,3,false,7,7,true,1000,2,0,2,0
LATE,0,1,4,3,false,1,4,false,10,2,0,0,3,1,0
REGION,0,1,4,3,false,1,4,false,10,2,0,2,0
LATE,0,1,4,3,false,1,4,false,1000,2,0,0,2,1,0
REGION,0,1,4,3,false,1,4,false,1000,2,0,2,0
LATE,0,1,4,3,false,1,4,true,10,0,0,0,0,0,0
REGION,0,1,4,3,false,1,4,true,10,0,0,0,0
LATE,0,1,4,3,false,1,4,true,1000,0,0,0,0,0,0
REGION,0,1,4,3,false,1,4,true,1000,0,0,0,0
LATE,0,1,4,3,false,4,1,false,10,2,0,0,2,1,0
REGION,0,1,4,3,false,4,1,false,10,2,0,2,0
LATE,0,1,4,3,false,4,1,false,1000,2,0,0,1,1,0
REGION,0,1,4,3,false,4,1,false,1000,2,0,2,0
LATE,0,1,4,3,false,4,1,true,10,0,0,0,0,0,0
REGION,0,1,4,3,false,4,1,true,10,0,0,0,0
LATE,0,1,4,3,false,4,1,true,1000,0,0,0,0,0,0
REGION,0,1,4,3,false,4,1,true,1000,0,0,0,0
LATE,0,1,4,3,true,1,1,false,10,2,2,0,2,0,0
REGION,0,1,4,3,true,1,1,false,10,2,2,2,0
LATE,0,1,4,3,true,1,1,false,1000,2,0,0,2,1,0
REGION,0,1,4,3,true,1,1,false,1000,2,0,2,0
LATE,0,1,4,3,true,1,1,true,10,2,0,0,1,1,0
REGION,0,1,4,3,true,1,1,true,10,2,0,2,0
LATE,0,1,4,3,true,1,1,true,1000,2,0,0,1,1,0
REGION,0,1,4,3,true,1,1,true,1000,2,0,2,0
LATE,0,1,4,3,true,3,3,false,10,2,2,0,6,0,0
REGION,0,1,4,3,true,3,3,false,10,2,4,2,0
LATE,0,1,4,3,true,3,3,false,1000,2,0,0,4,1,0
REGION,0,1,4,3,true,3,3,false,1000,2,0,2,0
LATE,0,1,4,3,true,3,3,true,10,2,0,0,1,1,0
REGION,0,1,4,3,true,3,3,true,10,2,0,2,0
LATE,0,1,4,3,true,3,3,true,1000,2,0,0,1,1,0
REGION,0,1,4,3,true,3,3,true,1000,2,0,2,0
LATE,0,1,4,3,true,7,7,false,10,2,2,0,8,0,0
REGION,0,1,4,3,true,7,7,false,10,2,6,2,0
LATE,0,1,4,3,true,7,7,false,1000,2,0,0,4,1,0
REGION,0,1,4,3,true,7,7,false,1000,2,0,2,0
LATE,0,1,4,3,true,7,7,true,10,2,2,0,8,0,0
REGION,0,1,4,3,true,7,7,true,10,2,2,2,0
LATE,0,1,4,3,true,7,7,true,1000,2,0,0,4,1,0
REGION,0,1,4,3,true,7,7,true,1000,2,0,2,0
LATE,0,1,4,3,true,1,4,false,10,2,0,0,3,1,0
REGION,0,1,4,3,true,1,4,false,10,2,0,2,0
LATE,0,1,4,3,true,1,4,false,1000,2,0,0,2,1,0
REGION,0,1,4,3,true,1,4,false,1000,2,0,2,0
LATE,0,1,4,3,true,1,4,true,10,0,0,0,0,0,0
REGION,0,1,4,3,true,1,4,true,10,0,0,0,0
LATE,0,1,4,3,true,1,4,true,1000,0,0,0,0,0,0
REGION,0,1,4,3,true,1,4,true,1000,0,0,0,0
LATE,0,1,4,3,true,4,1,false,10,2,0,0,2,1,0
REGION,0,1,4,3,true,4,1,false,10,2,0,2,0
LATE,0,1,4,3,true,4,1,false,1000,2,0,0,1,1,0
REGION,0,1,4,3,true,4,1,false,1000,2,0,2,0
LATE,0,1,4,3,true,4,1,true,10,0,0,0,0,0,0
REGION,0,1,4,3,true,4,1,true,10,0,0,0,0
LATE,0,1,4,3,true,4,1,true,1000,0,0,0,0,0,0
REGION,0,1,4,3,true,4,1,true,1000,0,0,0,0
LATE,0,2,0,1,false,1,1,false,10,2,2,0,0,0,0
REGION,0,2,0,1,false,1,1,false,10,2,2,2,0
LATE,0,2,0,1,false,1,1,false,1000,2,2,0,0,0,0
REGION,0,2,0,1,false,1,1,false,1000,2,2,2,0
LATE,0,2,0,1,false,1,1,true,10,2,2,0,0,0,0
REGION,0,2,0,1,false,1,1,true,10,2,2,2,0
LATE,0,2,0,1,false,1,1,true,1000,2,2,0,0,0,0
REGION,0,2,0,1,false,1,1,true,1000,2,2,2,0
LATE,0,2,0,1,false,3,3,false,10,2,2,0,0,0,0
REGION,0,2,0,1,false,3,3,false,10,2,2,2,0
LATE,0,2,0,1,false,3,3,false,1000,2,2,0,0,0,0
REGION,0,2,0,1,false,3,3,false,1000,2,2,2,0
LATE,0,2,0,1,false,3,3,true,10,2,2,0,0,0,0
REGION,0,2,0,1,false,3,3,true,10,2,2,2,0
LATE,0,2,0,1,false,3,3,true,1000,2,2,0,0,0,0
REGION,0,2,0,1,false,3,3,true,1000,2,2,2,0
LATE,0,2,0,1,false,7,7,false,10,2,2,0,0,0,0
REGION,0,2,0,1,false,7,7,false,10,2,2,2,0
LATE,0,2,0,1,false,7,7,false,1000,2,2,0,0,0,0
REGION,0,2,0,1,false,7,7,false,1000,2,2,2,0
LATE,0,2,0,1,false,7,7,true,10,2,2,0,0,0,0
REGION,0,2,0,1,false,7,7,true,10,2,2,2,0
LATE,0,2,0,1,false,7,7,true,1000,2,2,0,0,0,0
REGION,0,2,0,1,false,7,7,true,1000,2,2,2,0
LATE,0,2,0,1,false,1,4,false,10,2,2,0,0,0,0
REGION,0,2,0,1,false,1,4,false,10,2,2,2,0
LATE,0,2,0,1,false,1,4,false,1000,2,2,0,0,0,0
REGION,0,2,0,1,false,1,4,false,1000,2,2,2,0
LATE,0,2,0,1,false,1,4,true,10,0,0,0,0,0,0
REGION,0,2,0,1,false,1,4,true,10,0,0,0,0
LATE,0,2,0,1,false,1,4,true,1000,0,0,0,0,0,0
REGION,0,2,0,1,false,1,4,true,1000,0,0,0,0
LATE,0,2,0,1,false,4,1,false,10,2,2,0,0,0,0
REGION,0,2,0,1,false,4,1,false,10,2,2,2,0
LATE,0,2,0,1,false,4,1,false,1000,2,2,0,0,0,0
REGION,0,2,0,1,false,4,1,false,1000,2,2,2,0
LATE,0,2,0,1,false,4,1,true,10,0,0,0,0,0,0
REGION,0,2,0,1,false,4,1,true,10,0,0,0,0
LATE,0,2,0,1,false,4,1,true,1000,0,0,0,0,0,0
REGION,0,2,0,1,false,4,1,true,1000,0,0,0,0
LATE,0,2,0,1,true,1,1,false,10,2,2,0,0,0,0
REGION,0,2,0,1,true,1,1,false,10,2,2,2,0
LATE,0,2,0,1,true,1,1,false,1000,2,2,0,0,0,0
REGION,0,2,0,1,true,1,1,false,1000,2,2,2,0
LATE,0,2,0,1,true,1,1,true,10,2,2,0,0,0,0
REGION,0,2,0,1,true,1,1,true,10,2,2,2,0
LATE,0,2,0,1,true,1,1,true,1000,2,2,0,0,0,0
REGION,0,2,0,1,true,1,1,true,1000,2,2,2,0
LATE,0,2,0,1,true,3,3,false,10,2,2,0,0,0,0
REGION,0,2,0,1,true,3,3,false,10,2,2,2,0
LATE,0,2,0,1,true,3,3,false,1000,2,2,0,0,0,0
REGION,0,2,0,1,true,3,3,false,1000,2,2,2,0
LATE,0,2,0,1,true,3,3,true,10,2,2,0,0,0,0
REGION,0,2,0,1,true,3,3,true,10,2,2,2,0
LATE,0,2,0,1,true,3,3,true,1000,2,2,0,0,0,0
REGION,0,2,0,1,true,3,3,true,1000,2,2,2,0
LATE,0,2,0,1,true,7,7,false,10,2,2,0,0,0,0
REGION,0,2,0,1,true,7,7,false,10,2,2,2,0
LATE,0,2,0,1,true,7,7,false,1000,2,2,0,0,0,0
REGION,0,2,0,1,true,7,7,false,1000,2,2,2,0
LATE,0,2,0,1,true,7,7,true,10,2,2,0,0,0,0
REGION,0,2,0,1,true,7,7,true,10,2,2,2,0
LATE,0,2,0,1,true,7,7,true,1000,2,2,0,0,0,0
REGION,0,2,0,1,true,7,7,true,1000,2,2,2,0
LATE,0,2,0,1,true,1,4,false,10,2,2,0,0,0,0
REGION,0,2,0,1,true,1,4,false,10,2,2,2,0
LATE,0,2,0,1,true,1,4,false,1000,2,2,0,0,0,0
REGION,0,2,0,1,true,1,4,false,1000,2,2,2,0
LATE,0,2,0,1,true,1,4,true,10,0,0,0,0,0,0
REGION,0,2,0,1,true,1,4,true,10,0,0,0,0
LATE,0,2,0,1,true,1,4,true,1000,0,0,0,0,0,0
REGION,0,2,0,1,true,1,4,true,1000,0,0,0,0
LATE,0,2,0,1,true,4,1,false,10,2,2,0,0,0,0
REGION,0,2,0,1,true,4,1,false,10,2,2,2,0
LATE,0,2,0,1,true,4,1,false,1000,2,2,0,0,0,0
REGION,0,2,0,1,true,4,1,false,1000,2,2,2,0
LATE,0,2,0,1,true,4,1,true,10,0,0,0,0,0,0
REGION,0,2,0,1,true,4,1,true,10,0,0,0,0
LATE,0,2,0,1,true,4,1,true,1000,0,0,0,0,0,0
REGION,0,2,0,1,true,4,1,true,1000,0,0,0,0
LATE,0,2,0,3,false,1,1,false,10,2,2,0,0,0,0
REGION,0,2,0,3,false,1,1,false,10,2,2,2,0
LATE,0,2,0,3,false,1,1,false,1000,2,2,0,0,0,0
REGION,0,2,0,3,false,1,1,false,1000,2,2,2,0
LATE,0,2,0,3,false,1,1,true,10,2,2,0,0,0,0
REGION,0,2,0,3,false,1,1,true,10,2,2,2,0
LATE,0,2,0,3,false,1,1,true,1000,2,2,0,0,0,0
REGION,0,2,0,3,false,1,1,true,1000,2,2,2,0
LATE,0,2,0,3,false,3,3,false,10,2,2,0,0,0,0
REGION,0,2,0,3,false,3,3,false,10,2,2,2,0
LATE,0,2,0,3,false,3,3,false,1000,2,2,0,0,0,0
REGION,0,2,0,3,false,3,3,false,1000,2,2,2,0
LATE,0,2,0,3,false,3,3,true,10,2,2,0,0,0,0
REGION,0,2,0,3,false,3,3,true,10,2,2,2,0
LATE,0,2,0,3,false,3,3,true,1000,2,2,0,0,0,0
REGION,0,2,0,3,false,3,3,true,1000,2,2,2,0
LATE,0,2,0,3,false,7,7,false,10,2,2,0,0,0,0
REGION,0,2,0,3,false,7,7,false,10,2,2,2,0
LATE,0,2,0,3,false,7,7,false,1000,2,2,0,0,0,0
REGION,0,2,0,3,false,7,7,false,1000,2,2,2,0
LATE,0,2,0,3,false,7,7,true,10,2,2,0,0,0,0
REGION,0,2,0,3,false,7,7,true,10,2,2,2,0
LATE,0,2,0,3,false,7,7,true,1000,2,2,0,0,0,0
REGION,0,2,0,3,false,7,7,true,1000,2,2,2,0
LATE,0,2,0,3,false,1,4,false,10,2,2,0,0,0,0
REGION,0,2,0,3,false,1,4,false,10,2,2,2,0
LATE,0,2,0,3,false,1,4,false,1000,2,2,0,0,0,0
REGION,0,2,0,3,false,1,4,false,1000,2,2,2,0
LATE,0,2,0,3,false,1,4,true,10,0,0,0,0,0,0
REGION,0,2,0,3,false,1,4,true,10,0,0,0,0
LATE,0,2,0,3,false,1,4,true,1000,0,0,0,0,0,0
REGION,0,2,0,3,false,1,4,true,1000,0,0,0,0
LATE,0,2,0,3,false,4,1,false,10,2,2,0,0,0,0
REGION,0,2,0,3,false,4,1,false,10,2,2,2,0
LATE,0,2,0,3,false,4,1,false,1000,2,2,0,0,0,0
REGION,0,2,0,3,false,4,1,false,1000,2,2,2,0
LATE,0,2,0,3,false,4,1,true,10,0,0,0,0,0,0
REGION,0,2,0,3,false,4,1,true,10,0,0,0,0
LATE,0,2,0,3,false,4,1,true,1000,0,0,0,0,0,0
REGION,0,2,0,3,false,4,1,true,1000,0,0,0,0
LATE,0,2,0,3,true,1,1,false,10,2,2,0,0,0,0
REGION,0,2,0,3,true,1,1,false,10,2,2,2,0
LATE,0,2,0,3,true,1,1,false,1000,2,2,0,0,0,0
REGION,0,2,0,3,true,1,1,false,1000,2,2,2,0
LATE,0,2,0,3,true,1,1,true,10,2,2,0,0,0,0
REGION,0,2,0,3,true,1,1,true,10,2,2,2,0
LATE,0,2,0,3,true,1,1,true,1000,2,2,0,0,0,0
REGION,0,2,0,3,true,1,1,true,1000,2,2,2,0
LATE,0,2,0,3,true,3,3,false,10,2,2,0,0,0,0
REGION,0,2,0,3,true,3,3,false,10,2,2,2,0
LATE,0,2,0,3,true,3,3,false,1000,2,2,0,0,0,0
REGION,0,2,0,3,true,3,3,false,1000,2,2,2,0
LATE,0,2,0,3,true,3,3,true,10,2,2,0,0,0,0
REGION,0,2,0,3,true,3,3,true,10,2,2,2,0
LATE,0,2,0,3,true,3,3,true,1000,2,2,0,0,0,0
REGION,0,2,0,3,true,3,3,true,1000,2,2,2,0
LATE,0,2,0,3,true,7,7,false,10,2,2,0,0,0,0
REGION,0,2,0,3,true,7,7,false,10,2,2,2,0
LATE,0,2,0,3,true,7,7,false,1000,2,2,0,0,0,0
REGION,0,2,0,3,true,7,7,false,1000,2,2,2,0
LATE,0,2,0,3,true,7,7,true,10,2,2,0,0,0,0
REGION,0,2,0,3,true,7,7,true,10,2,2,2,0
LATE,0,2,0,3,true,7,7,true,1000,2,2,0,0,0,0
REGION,0,2,0,3,true,7,7,true,1000,2,2,2,0
LATE,0,2,0,3,true,1,4,false,10,2,2,0,0,0,0
REGION,0,2,0,3,true,1,4,false,10,2,2,2,0
LATE,0,2,0,3,true,1,4,false,1000,2,2,0,0,0,0
REGION,0,2,0,3,true,1,4,false,1000,2,2,2,0
LATE,0,2,0,3,true,1,4,true,10,0,0,0,0,0,0
REGION,0,2,0,3,true,1,4,true,10,0,0,0,0
LATE,0,2,0,3,true,1,4,true,1000,0,0,0,0,0,0
REGION,0,2,0,3,true,1,4,true,1000,0,0,0,0
LATE,0,2,0,3,true,4,1,false,10,2,2,0,0,0,0
REGION,0,2,0,3,true,4,1,false,10,2,2,2,0
LATE,0,2,0,3,true,4,1,false,1000,2,2,0,0,0,0
REGION,0,2,0,3,true,4,1,false,1000,2,2,2,0
LATE,0,2,0,3,true,4,1,true,10,0,0,0,0,0,0
REGION,0,2,0,3,true,4,1,true,10,0,0,0,0
LATE,0,2,0,3,true,4,1,true,1000,0,0,0,0,0,0
REGION,0,2,0,3,true,4,1,true,1000,0,0,0,0
LATE,0,2,1,1,false,1,1,false,10,2,0,0,1,1,0
REGION,0,2,1,1,false,1,1,false,10,2,0,2,0
LATE,0,2,1,1,false,1,1,false,1000,2,0,0,1,1,0
REGION,0,2,1,1,false,1,1,false,1000,2,0,2,0
LATE,0,2,1,1,false,1,1,true,10,2,2,0,2,0,0
REGION,0,2,1,1,false,1,1,true,10,2,2,2,0
LATE,0,2,1,1,false,1,1,true,1000,2,0,0,1,1,0
REGION,0,2,1,1,false,1,1,true,1000,2,0,2,0
LATE,0,2,1,1,false,3,3,false,10,2,2,0,2,0,0
REGION,0,2,1,1,false,3,3,false,10,2,2,2,0
LATE,0,2,1,1,false,3,3,false,1000,2,0,0,1,1,0
REGION,0,2,1,1,false,3,3,false,1000,2,0,2,0
LATE,0,2,1,1,false,3,3,true,10,2,2,0,2,0,0
REGION,0,2,1,1,false,3,3,true,10,2,2,2,0
LATE,0,2,1,1,false,3,3,true,1000,2,0,0,1,1,0
REGION,0,2,1,1,false,3,3,true,1000,2,0,2,0
LATE,0,2,1,1,false,7,7,false,10,2,2,0,2,0,0
REGION,0,2,1,1,false,7,7,false,10,2,2,2,0
LATE,0,2,1,1,false,7,7,false,1000,2,0,0,1,1,0
REGION,0,2,1,1,false,7,7,false,1000,2,0,2,0
LATE,0,2,1,1,false,7,7,true,10,2,2,0,2,0,0
REGION,0,2,1,1,false,7,7,true,10,2,2,2,0
LATE,0,2,1,1,false,7,7,true,1000,2,0,0,1,1,0
REGION,0,2,1,1,false,7,7,true,1000,2,0,2,0
LATE,0,2,1,1,false,1,4,false,10,2,2,0,2,0,0
REGION,0,2,1,1,false,1,4,false,10,2,2,2,0
LATE,0,2,1,1,false,1,4,false,1000,2,0,0,1,1,0
REGION,0,2,1,1,false,1,4,false,1000,2,0,2,0
LATE,0,2,1,1,false,1,4,true,10,0,0,0,0,0,0
REGION,0,2,1,1,false,1,4,true,10,0,0,0,0
LATE,0,2,1,1,false,1,4,true,1000,0,0,0,0,0,0
REGION,0,2,1,1,false,1,4,true,1000,0,0,0,0
LATE,0,2,1,1,false,4,1,false,10,2,2,0,2,0,0
REGION,0,2,1,1,false,4,1,false,10,2,2,2,0
LATE,0,2,1,1,false,4,1,false,1000,2,0,0,1,1,0
REGION,0,2,1,1,false,4,1,false,1000,2,0,2,0
LATE,0,2,1,1,false,4,1,true,10,0,0,0,0,0,0
REGION,0,2,1,1,false,4,1,true,10,0,0,0,0
LATE,0,2,1,1,false,4,1,true,1000,0,0,0,0,0,0
REGION,0,2,1,1,false,4,1,true,1000,0,0,0,0
LATE,0,2,1,1,true,1,1,false,10,2,2,0,2,0,0
REGION,0,2,1,1,true,1,1,false,10,2,2,2,0
LATE,0,2,1,1,true,1,1,false,1000,2,0,0,1,1,0
REGION,0,2,1,1,true,1,1,false,1000,2,0,2,0
LATE,0,2,1,1,true,1,1,true,10,2,2,0,2,0,0
REGION,0,2,1,1,true,1,1,true,10,2,2,2,0
LATE,0,2,1,1,true,1,1,true,1000,2,0,0,1,1,0
REGION,0,2,1,1,true,1,1,true,1000,2,0,2,0
LATE,0,2,1,1,true,3,3,false,10,2,2,0,2,0,0
REGION,0,2,1,1,true,3,3,false,10,2,2,2,0
LATE,0,2,1,1,true,3,3,false,1000,2,0,0,1,1,0
REGION,0,2,1,1,true,3,3,false,1000,2,0,2,0
LATE,0,2,1,1,true,3,3,true,10,2,2,0,2,0,0
REGION,0,2,1,1,true,3,3,true,10,2,2,2,0
LATE,0,2,1,1,true,3,3,true,1000,2,0,0,1,1,0
REGION,0,2,1,1,true,3,3,true,1000,2,0,2,0
LATE,0,2,1,1,true,7,7,false,10,2,2,0,2,0,0
REGION,0,2,1,1,true,7,7,false,10,2,2,2,0
LATE,0,2,1,1,true,7,7,false,1000,2,0,0,1,1,0
REGION,0,2,1,1,true,7,7,false,1000,2,0,2,0
LATE,0,2,1,1,true,7,7,true,10,2,2,0,2,0,0
REGION,0,2,1,1,true,7,7,true,10,2,2,2,0
LATE,0,2,1,1,true,7,7,true,1000,2,0,0,1,1,0
REGION,0,2,1,1,true,7,7,true,1000,2,0,2,0
LATE,0,2,1,1,true,1,4,false,10,2,2,0,2,0,0
REGION,0,2,1,1,true,1,4,false,10,2,2,2,0
LATE,0,2,1,1,true,1,4,false,1000,2,0,0,1,1,0
REGION,0,2,1,1,true,1,4,false,1000,2,0,2,0
LATE,0,2,1,1,true,1,4,true,10,0,0,0,0,0,0
REGION,0,2,1,1,true,1,4,true,10,0,0,0,0
LATE,0,2,1,1,true,1,4,true,1000,0,0,0,0,0,0
REGION,0,2,1,1,true,1,4,true,1000,0,0,0,0
LATE,0,2,1,1,true,4,1,false,10,2,2,0,2,0,0
REGION,0,2,1,1,true,4,1,false,10,2,2,2,0
LATE,0,2,1,1,true,4,1,false,1000,2,0,0,1,1,0
REGION,0,2,1,1,true,4,1,false,1000,2,0,2,0
LATE,0,2,1,1,true,4,1,true,10,0,0,0,0,0,0
REGION,0,2,1,1,true,4,1,true,10,0,0,0,0
LATE,0,2,1,1,true,4,1,true,1000,0,0,0,0,0,0
REGION,0,2,1,1,true,4,1,true,1000,0,0,0,0
LATE,0,2,1,3,false,1,1,false,10,2,0,0,1,1,0
REGION,0,2,1,3,false,1,1,false,10,2,0,2,0
LATE,0,2,1,3,false,1,1,false,1000,2,0,0,1,1,0
REGION,0,2,1,3,false,1,1,false,1000,2,0,2,0
LATE,0,2,1,3,false,1,1,true,10,2,2,0,2,0,0
REGION,0,2,1,3,false,1,1,true,10,2,2,2,0
LATE,0,2,1,3,false,1,1,true,1000,2,0,0,1,1,0
REGION,0,2,1,3,false,1,1,true,1000,2,0,2,0
LATE,0,2,1,3,false,3,3,false,10,2,2,0,2,0,0
REGION,0,2,1,3,false,3,3,false,10,2,2,2,0
LATE,0,2,1,3,false,3,3,false,1000,2,0,0,1,1,0
REGION,0,2,1,3,false,3,3,false,1000,2,0,2,0
LATE,0,2,1,3,false,3,3,true,10,2,2,0,2,0,0
REGION,0,2,1,3,false,3,3,true,10,2,2,2,0
LATE,0,2,1,3,false,3,3,true,1000,2,0,0,1,1,0
REGION,0,2,1,3,false,3,3,true,1000,2,0,2,0
LATE,0,2,1,3,false,7,7,false,10,2,2,0,2,0,0
REGION,0,2,1,3,false,7,7,false,10,2,2,2,0
LATE,0,2,1,3,false,7,7,false,1000,2,0,0,1,1,0
REGION,0,2,1,3,false,7,7,false,1000,2,0,2,0
LATE,0,2,1,3,false,7,7,true,10,2,2,0,2,0,0
REGION,0,2,1,3,false,7,7,true,10,2,2,2,0
LATE,0,2,1,3,false,7,7,true,1000,2,0,0,1,1,0
REGION,0,2,1,3,false,7,7,true,1000,2,0,2,0
LATE,0,2,1,3,false,1,4,false,10,2,2,0,2,0,0
REGION,0,2,1,3,false,1,4,false,10,2,2,2,0
LATE,0,2,1,3,false,1,4,false,1000,2,0,0,1,1,0
REGION,0,2,1,3,false,1,4,false,1000,2,0,2,0
LATE,0,2,1,3,false,1,4,true,10,0,0,0,0,0,0
REGION,0,2,1,3,false,1,4,true,10,0,0,0,0
LATE,0,2,1,3,false,1,4,true,1000,0,0,0,0,0,0
REGION,0,2,1,3,false,1,4,true,1000,0,0,0,0
LATE,0,2,1,3,false,4,1,false,10,2,2,0,2,0,0
REGION,0,2,1,3,false,4,1,false,10,2,2,2,0
LATE,0,2,1,3,false,4,1,false,1000,2,0,0,1,1,0
REGION,0,2,1,3,false,4,1,false,1000,2,0,2,0
LATE,0,2,1,3,false,4,1,true,10,0,0,0,0,0,0
REGION,0,2,1,3,false,4,1,true,10,0,0,0,0
LATE,0,2,1,3,false,4,1,true,1000,0,0,0,0,0,0
REGION,0,2,1,3,false,4,1,true,1000,0,0,0,0
LATE,0,2,1,3,true,1,1,false,10,2,2,0,2,0,0
REGION,0,2,1,3,true,1,1,false,10,2,2,2,0
LATE,0,2,1,3,true,1,1,false,1000,2,0,0,1,1,0
REGION,0,2,1,3,true,1,1,false,1000,2,0,2,0
LATE,0,2,1,3,true,1,1,true,10,2,2,0,2,0,0
REGION,0,2,1,3,true,1,1,true,10,2,2,2,0
LATE,0,2,1,3,true,1,1,true,1000,2,0,0,1,1,0
REGION,0,2,1,3,true,1,1,true,1000,2,0,2,0
LATE,0,2,1,3,true,3,3,false,10,2,2,0,2,0,0
REGION,0,2,1,3,true,3,3,false,10,2,2,2,0
LATE,0,2,1,3,true,3,3,false,1000,2,0,0,1,1,0
REGION,0,2,1,3,true,3,3,false,1000,2,0,2,0
LATE,0,2,1,3,true,3,3,true,10,2,2,0,2,0,0
REGION,0,2,1,3,true,3,3,true,10,2,2,2,0
LATE,0,2,1,3,true,3,3,true,1000,2,0,0,1,1,0
REGION,0,2,1,3,true,3,3,true,1000,2,0,2,0
LATE,0,2,1,3,true,7,7,false,10,2,2,0,2,0,0
REGION,0,2,1,3,true,7,7,false,10,2,2,2,0
LATE,0,2,1,3,true,7,7,false,1000,2,0,0,1,1,0
REGION,0,2,1,3,true,7,7,false,1000,2,0,2,0
LATE,0,2,1,3,true,7,7,true,10,2,2,0,2,0,0
REGION,0,2,1,3,true,7,7,true,10,2,2,2,0
LATE,0,2,1,3,true,7,7,true,1000,2,0,0,1,1,0
REGION,0,2,1,3,true,7,7,true,1000,2,0,2,0
LATE,0,2,1,3,true,1,4,false,10,2,2,0,2,0,0
REGION,0,2,1,3,true,1,4,false,10,2,2,2,0
LATE,0,2,1,3,true,1,4,false,1000,2,0,0,1,1,0
REGION,0,2,1,3,true,1,4,false,1000,2,0,2,0
LATE,0,2,1,3,true,1,4,true,10,0,0,0,0,0,0
REGION,0,2,1,3,true,1,4,true,10,0,0,0,0
LATE,0,2,1,3,true,1,4,true,1000,0,0,0,0,0,0
REGION,0,2,1,3,true,1,4,true,1000,0,0,0,0
LATE,0,2,1,3,true,4,1,false,10,2,2,0,2,0,0
REGION,0,2,1,3,true,4,1,false,10,2,2,2,0
LATE,0,2,1,3,true,4,1,false,1000,2,0,0,1,1,0
REGION,0,2,1,3,true,4,1,false,1000,2,0,2,0
LATE,0,2,1,3,true,4,1,true,10,0,0,0,0,0,0
REGION,0,2,1,3,true,4,1,true,10,0,0,0,0
LATE,0,2,1,3,true,4,1,true,1000,0,0,0,0,0,0
REGION,0,2,1,3,true,4,1,true,1000,0,0,0,0
LATE,0,2,4,1,false,1,1,false,10,2,0,0,1,1,0
REGION,0,2,4,1,false,1,1,false,10,2,0,2,0
LATE,0,2,4,1,false,1,1,false,1000,2,0,0,1,1,0
REGION,0,2,4,1,false,1,1,false,1000,2,0,2,0
LATE,0,2,4,1,false,1,1,true,10,2,2,0,2,0,0
REGION,0,2,4,1,false,1,1,true,10,2,2,2,0
LATE,0,2,4,1,false,1,1,true,1000,2,0,0,2,1,0
REGION,0,2,4,1,false,1,1,true,1000,2,0,2,0
LATE,0,2,4,1,false,3,3,false,10,2,2,0,4,0,0
REGION,0,2,4,1,false,3,3,false,10,2,4,2,0
LATE,0,2,4,1,false,3,3,false,1000,2,0,0,3,1,0
REGION,0,2,4,1,false,3,3,false,1000,2,0,2,0
LATE,0,2,4,1,false,3,3,true,10,2,2,0,6,0,0
REGION,0,2,4,1,false,3,3,true,10,2,2,2,0
LATE,0,2,4,1,false,3,3,true,1000,2,0,0,4,1,0
REGION,0,2,4,1,false,3,3,true,1000,2,0,2,0
LATE,0,2,4,1,false,7,7,false,10,2,2,0,8,0,0
REGION,0,2,4,1,false,7,7,false,10,2,6,2,0
LATE,0,2,4,1,false,7,7,false,1000,2,0,0,4,1,0
REGION,0,2,4,1,false,7,7,false,1000,2,0,2,0
LATE,0,2,4,1,false,7,7,true,10,2,2,0,8,0,0
REGION,0,2,4,1,false,7,7,true,10,2,2,2,0
LATE,0,2,4,1,false,7,7,true,1000,2,0,0,4,1,0
REGION,0,2,4,1,false,7,7,true,1000,2,0,2,0
LATE,0,2,4,1,false,1,4,false,10,2,0,0,3,1,0
REGION,0,2,4,1,false,1,4,false,10,2,0,2,0
LATE,0,2,4,1,false,1,4,false,1000,2,0,0,2,1,0
REGION,0,2,4,1,false,1,4,false,1000,2,0,2,0
LATE,0,2,4,1,false,1,4,true,10,0,0,0,0,0,0
REGION,0,2,4,1,false,1,4,true,10,0,0,0,0
LATE,0,2,4,1,false,1,4,true,1000,0,0,0,0,0,0
REGION,0,2,4,1,false,1,4,true,1000,0,0,0,0
LATE,0,2,4,1,false,4,1,false,10,2,0,0,2,1,0
REGION,0,2,4,1,false,4,1,false,10,2,0,2,0
LATE,0,2,4,1,false,4,1,false,1000,2,0,0,1,1,0
REGION,0,2,4,1,false,4,1,false,1000,2,0,2,0
LATE,0,2,4,1,false,4,1,true,10,0,0,0,0,0,0
REGION,0,2,4,1,false,4,1,true,10,0,0,0,0
LATE,0,2,4,1,false,4,1,true,1000,0,0,0,0,0,0
REGION,0,2,4,1,false,4,1,true,1000,0,0,0,0
LATE,0,2,4,1,true,1,1,false,10,2,2,0,2,0,0
REGION,0,2,4,1,true,1,1,false,10,2,2,2,0
LATE,0,2,4,1,true,1,1,false,1000,2,0,0,2,1,0
REGION,0,2,4,1,true,1,1,false,1000,2,0,2,0
LATE,0,2,4,1,true,1,1,true,10,2,0,0,1,1,0
REGION,0,2,4,1,true,1,1,true,10,2,0,2,0
LATE,0,2,4,1,true,1,1,true,1000,2,0,0,1,1,0
REGION,0,2,4,1,true,1,1,true,1000,2,0,2,0
LATE,0,2,4,1,true,3,3,false,10,2,2,0,4,0,0
REGION,0,2,4,1,true,3,3,false,10,2,4,2,0
LATE,0,2,4,1,true,3,3,false,1000,2,0,0,3,1,0
REGION,0,2,4,1,true,3,3,false,1000,2,0,2,0
LATE,0,2,4,1,true,3,3,true,10,2,2,0,6,0,0
REGION,0,2,4,1,true,3,3,true,10,2,2,2,0
LATE,0,2,4,1,true,3,3,true,1000,2,0,0,4,1,0
REGION,0,2,4,1,true,3,3,true,1000,2,0,2,0
LATE,0,2,4,1,true,7,7,false,10,2,2,0,8,0,0
REGION,0,2,4,1,true,7,7,false,10,2,6,2,0
LATE,0,2,4,1,true,7,7,false,1000,2,0,0,4,1,0
REGION,0,2,4,1,true,7,7,false,1000,2,0,2,0
LATE,0,2,4,1,true,7,7,true,10,2,2,0,8,0,0
REGION,0,2,4,1,true,7,7,true,10,2,2,2,0
LATE,0,2,4,1,true,7,7,true,1000,2,0,0,4,1,0
REGION,0,2,4,1,true,7,7,true,1000,2,0,2,0
LATE,0,2,4,1,true,1,4,false,10,2,0,0,3,1,0
REGION,0,2,4,1,true,1,4,false,10,2,0,2,0
LATE,0,2,4,1,true,1,4,false,1000,2,0,0,2,1,0
REGION,0,2,4,1,true,1,4,false,1000,2,0,2,0
LATE,0,2,4,1,true,1,4,true,10,0,0,0,0,0,0
REGION,0,2,4,1,true,1,4,true,10,0,0,0,0
LATE,0,2,4,1,true,1,4,true,1000,0,0,0,0,0,0
REGION,0,2,4,1,true,1,4,true,1000,0,0,0,0
LATE,0,2,4,1,true,4,1,false,10,2,0,0,2,1,0
REGION,0,2,4,1,true,4,1,false,10,2,0,2,0
LATE,0,2,4,1,true,4,1,false,1000,2,0,0,1,1,0
REGION,0,2,4,1,true,4,1,false,1000,2,0,2,0
LATE,0,2,4,1,true,4,1,true,10,0,0,0,0,0,0
REGION,0,2,4,1,true,4,1,true,10,0,0,0,0
LATE,0,2,4,1,true,4,1,true,1000,0,0,0,0,0,0
REGION,0,2,4,1,true,4,1,true,1000,0,0,0,0
LATE,0,2,4,3,false,1,1,false,10,2,0,0,1,1,0
REGION,0,2,4,3,false,1,1,false,10,2,0,2,0
LATE,0,2,4,3,false,1,1,false,1000,2,0,0,1,1,0
REGION,0,2,4,3,false,1,1,false,1000,2,0,2,0
LATE,0,2,4,3,false,1,1,true,10,2,2,0,4,0,0
REGION,0,2,4,3,false,1,1,true,10,2,2,2,0
LATE,0,2,4,3,false,1,1,true,1000,2,0,0,3,1,0
REGION,0,2,4,3,false,1,1,true,1000,2,0,2,0
LATE,0,2,4,3,false,3,3,false,10,2,0,0,1,1,0
REGION,0,2,4,3,false,3,3,false,10,2,0,2,0
LATE,0,2,4,3,false,3,3,false,1000,2,0,0,1,1,0
REGION,0,2,4,3,false,3,3,false,1000,2,0,2,0
LATE,0,2,4,3,false,3,3,true,10,2,2,0,6,0,0
REGION,0,2,4,3,false,3,3,true,10,2,2,2,0
LATE,0,2,4,3,false,3,3,true,1000,2,0,0,4,1,0
REGION,0,2,4,3,false,3,3,true,1000,2,0,2,0
LATE,0,2,4,3,false,7,7,false,10,2,2,0,8,0,0
REGION,0,2,4,3,false,7,7,false,10,2,4,2,0
LATE,0,2,4,3,false,7,7,false,1000,2,0,0,4,1,0
REGION,0,2,4,3,false,7,7,false,1000,2,0,2,0
LATE,0,2,4,3,false,7,7,true,10,2,2,0,8,0,0
REGION,0,2,4,3,false,7,7,true,10,2,2,2,0
LATE,0,2,4,3,false,7,7,true,1000,2,0,0,4,1,0
REGION,0,2,4,3,false,7,7,true,1000,2,0,2,0
LATE,0,2,4,3,false,1,4,false,10,2,0,0,3,1,0
REGION,0,2,4,3,false,1,4,false,10,2,0,2,0
LATE,0,2,4,3,false,1,4,false,1000,2,0,0,2,1,0
REGION,0,2,4,3,false,1,4,false,1000,2,0,2,0
LATE,0,2,4,3,false,1,4,true,10,0,0,0,0,0,0
REGION,0,2,4,3,false,1,4,true,10,0,0,0,0
LATE,0,2,4,3,false,1,4,true,1000,0,0,0,0,0,0
REGION,0,2,4,3,false,1,4,true,1000,0,0,0,0
LATE,0,2,4,3,false,4,1,false,10,2,0,0,2,1,0
REGION,0,2,4,3,false,4,1,false,10,2,0,2,0
LATE,0,2,4,3,false,4,1,false,1000,2,0,0,1,1,0
REGION,0,2,4,3,false,4,1,false,1000,2,0,2,0
LATE,0,2,4,3,false,4,1,true,10,0,0,0,0,0,0
REGION,0,2,4,3,false,4,1,true,10,0,0,0,0
LATE,0,2,4,3,false,4,1,true,1000,0,0,0,0,0,0
REGION,0,2,4,3,false,4,1,true,1000,0,0,0,0
LATE,0,2,4,3,true,1,1,false,10,2,2,0,2,0,0
REGION,0,2,4,3,true,1,1,false,10,2,2,2,0
LATE,0,2,4,3,true,1,1,false,1000,2,0,0,2,1,0
REGION,0,2,4,3,true,1,1,false,1000,2,0,2,0
LATE,0,2,4,3,true,1,1,true,10,2,0,0,1,1,0
REGION,0,2,4,3,true,1,1,true,10,2,0,2,0
LATE,0,2,4,3,true,1,1,true,1000,2,0,0,1,1,0
REGION,0,2,4,3,true,1,1,true,1000,2,0,2,0
LATE,0,2,4,3,true,3,3,false,10,2,2,0,6,0,0
REGION,0,2,4,3,true,3,3,false,10,2,4,2,0
LATE,0,2,4,3,true,3,3,false,1000,2,0,0,4,1,0
REGION,0,2,4,3,true,3,3,false,1000,2,0,2,0
LATE,0,2,4,3,true,3,3,true,10,2,0,0,1,1,0
REGION,0,2,4,3,true,3,3,true,10,2,0,2,0
LATE,0,2,4,3,true,3,3,true,1000,2,0,0,1,1,0
REGION,0,2,4,3,true,3,3,true,1000,2,0,2,0
LATE,0,2,4,3,true,7,7,false,10,2,2,0,8,0,0
REGION,0,2,4,3,true,7,7,false,10,2,6,2,0
LATE,0,2,4,3,true,7,7,false,1000,2,0,0,4,1,0
REGION,0,2,4,3,true,7,7,false,1000,2,0,2,0
LATE,0,2,4,3,true,7,7,true,10,2,2,0,8,0,0
REGION,0,2,4,3,true,7,7,true,10,2,2,2,0
LATE,0,2,4,3,true,7,7,true,1000,2,0,0,4,1,0
REGION,0,2,4,3,true,7,7,true,1000,2,0,2,0
LATE,0,2,4,3,true,1,4,false,10,2,0,0,3,1,0
REGION,0,2,4,3,true,1,4,false,10,2,0,2,0
LATE,0,2,4,3,true,1,4,false,1000,2,0,0,2,1,0
REGION,0,2,4,3,true,1,4,false,1000,2,0,2,0
LATE,0,2,4,3,true,1,4,true,10,0,0,0,0,0,0
REGION,0,2,4,3,true,1,4,true,10,0,0,0,0
LATE,0,2,4,3,true,1,4,true,1000,0,0,0,0,0,0
REGION,0,2,4,3,true,1,4,true,1000,0,0,0,0
LATE,0,2,4,3,true,4,1,false,10,2,0,0,2,1,0
REGION,0,2,4,3,true,4,1,false,10,2,0,2,0
LATE,0,2,4,3,true,4,1,false,1000,2,0,0,1,1,0
REGION,0,2,4,3,true,4,1,false,1000,2,0,2,0
LATE,0,2,4,3,true,4,1,true,10,0,0,0,0,0,0
REGION,0,2,4,3,true,4,1,true,10,0,0,0,0
LATE,0,2,4,3,true,4,1,true,1000,0,0,0,0,0,0
REGION,0,2,4,3,true,4,1,true,1000,0,0,0,0
LATE,273,1,0,1,false,1,1,false,10,3,3,0,0,0,1
REGION,273,1,0,1,false,1,1,false,10,3,3,3,1
LATE,273,1,0,1,false,1,1,false,1000,3,3,0,0,0,1
REGION,273,1,0,1,false,1,1,false,1000,3,3,3,1
LATE,273,1,0,1,false,1,1,true,10,3,3,0,0,0,1
REGION,273,1,0,1,false,1,1,true,10,3,3,3,1
LATE,273,1,0,1,false,1,1,true,1000,3,3,0,0,0,1
REGION,273,1,0,1,false,1,1,true,1000,3,3,3,1
LATE,273,1,0,1,false,3,3,false,10,7,7,3,0,0,2
REGION,273,1,0,1,false,3,3,false,10,7,7,7,2
LATE,273,1,0,1,false,3,3,false,1000,7,7,3,0,0,2
REGION,273,1,0,1,false,3,3,false,1000,7,7,7,2
LATE,273,1,0,1,false,3,3,true,10,5,5,1,0,0,2
REGION,273,1,0,1,false,3,3,true,10,5,5,5,2
LATE,273,1,0,1,false,3,3,true,1000,5,5,1,0,0,2
REGION,273,1,0,1,false,3,3,true,1000,5,5,5,2
LATE,273,1,0,1,false,7,7,false,10,10,10,5,0,0,3
REGION,273,1,0,1,false,7,7,false,10,10,10,10,3
LATE,273,1,0,1,false,7,7,false,1000,10,10,5,0,0,3
REGION,273,1,0,1,false,7,7,false,1000,10,10,10,3
LATE,273,1,0,1,false,7,7,true,10,7,7,2,0,0,3
REGION,273,1,0,1,false,7,7,true,10,7,7,7,3
LATE,273,1,0,1,false,7,7,true,1000,7,7,2,0,0,3
REGION,273,1,0,1,false,7,7,true,1000,7,7,7,3
LATE,273,1,0,1,false,1,4,false,10,2,2,0,0,0,0
REGION,273,1,0,1,false,1,4,false,10,2,2,2,0
LATE,273,1,0,1,false,1,4,false,1000,2,2,0,0,0,0
REGION,273,1,0,1,false,1,4,false,1000,2,2,2,0
LATE,273,1,0,1,false,1,4,true,10,0,0,0,0,0,0
REGION,273,1,0,1,false,1,4,true,10,0,0,0,0
LATE,273,1,0,1,false,1,4,true,1000,0,0,0,0,0,0
REGION,273,1,0,1,false,1,4,true,1000,0,0,0,0
LATE,273,1,0,1,false,4,1,false,10,2,2,0,0,0,0
REGION,273,1,0,1,false,4,1,false,10,2,2,2,0
LATE,273,1,0,1,false,4,1,false,1000,2,2,0,0,0,0
REGION,273,1,0,1,false,4,1,false,1000,2,2,2,0
LATE,273,1,0,1,false,4,1,true,10,0,0,0,0,0,0
REGION,273,1,0,1,false,4,1,true,10,0,0,0,0
LATE,273,1,0,1,false,4,1,true,1000,0,0,0,0,0,0
REGION,273,1,0,1,false,4,1,true,1000,0,0,0,0
LATE,273,1,0,1,true,1,1,false,10,3,3,0,0,0,1
REGION,273,1,0,1,true,1,1,false,10,3,3,3,1
LATE,273,1,0,1,true,1,1,false,1000,3,3,0,0,0,1
REGION,273,1,0,1,true,1,1,false,1000,3,3,3,1
LATE,273,1,0,1,true,1,1,true,10,3,3,0,0,0,1
REGION,273,1,0,1,true,1,1,true,10,3,3,3,1
LATE,273,1,0,1,true,1,1,true,1000,3,3,0,0,0,1
REGION,273,1,0,1,true,1,1,true,1000,3,3,3,1
LATE,273,1,0,1,true,3,3,false,10,7,7,3,0,0,2
REGION,273,1,0,1,true,3,3,false,10,7,7,7,2
LATE,273,1,0,1,true,3,3,false,1000,7,7,3,0,0,2
REGION,273,1,0,1,true,3,3,false,1000,7,7,7,2
LATE,273,1,0,1,true,3,3,true,10,5,5,1,0,0,2
REGION,273,1,0,1,true,3,3,true,10,5,5,5,2
LATE,273,1,0,1,true,3,3,true,1000,5,5,1,0,0,2
REGION,273,1,0,1,true,3,3,true,1000,5,5,5,2
LATE,273,1,0,1,true,7,7,false,10,10,10,5,0,0,3
REGION,273,1,0,1,true,7,7,false,10,10,10,10,3
LATE,273,1,0,1,true,7,7,false,1000,10,10,5,0,0,3
REGION,273,1,0,1,true,7,7,false,1000,10,10,10,3
LATE,273,1,0,1,true,7,7,true,10,7,7,2,0,0,3
REGION,273,1,0,1,true,7,7,true,10,7,7,7,3
LATE,273,1,0,1,true,7,7,true,1000,7,7,2,0,0,3
REGION,273,1,0,1,true,7,7,true,1000,7,7,7,3
LATE,273,1,0,1,true,1,4,false,10,2,2,0,0,0,0
REGION,273,1,0,1,true,1,4,false,10,2,2,2,0
LATE,273,1,0,1,true,1,4,false,1000,2,2,0,0,0,0
REGION,273,1,0,1,true,1,4,false,1000,2,2,2,0
LATE,273,1,0,1,true,1,4,true,10,0,0,0,0,0,0
REGION,273,1,0,1,true,1,4,true,10,0,0,0,0
LATE,273,1,0,1,true,1,4,true,1000,0,0,0,0,0,0
REGION,273,1,0,1,true,1,4,true,1000,0,0,0,0
LATE,273,1,0,1,true,4,1,false,10,2,2,0,0,0,0
REGION,273,1,0,1,true,4,1,false,10,2,2,2,0
LATE,273,1,0,1,true,4,1,false,1000,2,2,0,0,0,0
REGION,273,1,0,1,true,4,1,false,1000,2,2,2,0
LATE,273,1,0,1,true,4,1,true,10,0,0,0,0,0,0
REGION,273,1,0,1,true,4,1,true,10,0,0,0,0
LATE,273,1,0,1,true,4,1,true,1000,0,0,0,0,0,0
REGION,273,1,0,1,true,4,1,true,1000,0,0,0,0
LATE,273,1,0,3,false,1,1,false,10,3,3,0,0,0,1
REGION,273,1,0,3,false,1,1,false,10,3,3,3,1
LATE,273,1,0,3,false,1,1,false,1000,3,3,0,0,0,1
REGION,273,1,0,3,false,1,1,false,1000,3,3,3,1
LATE,273,1,0,3,false,1,1,true,10,3,3,0,0,0,1
REGION,273,1,0,3,false,1,1,true,10,3,3,3,1
LATE,273,1,0,3,false,1,1,true,1000,3,3,0,0,0,1
REGION,273,1,0,3,false,1,1,true,1000,3,3,3,1
LATE,273,1,0,3,false,3,3,false,10,7,7,3,0,0,2
REGION,273,1,0,3,false,3,3,false,10,7,7,7,2
LATE,273,1,0,3,false,3,3,false,1000,7,7,3,0,0,2
REGION,273,1,0,3,false,3,3,false,1000,7,7,7,2
LATE,273,1,0,3,false,3,3,true,10,5,5,1,0,0,2
REGION,273,1,0,3,false,3,3,true,10,5,5,5,2
LATE,273,1,0,3,false,3,3,true,1000,5,5,1,0,0,2
REGION,273,1,0,3,false,3,3,true,1000,5,5,5,2
LATE,273,1,0,3,false,7,7,false,10,10,10,5,0,0,3
REGION,273,1,0,3,false,7,7,false,10,10,10,10,3
LATE,273,1,0,3,false,7,7,false,1000,10,10,5,0,0,3
REGION,273,1,0,3,false,7,7,false,1000,10,10,10,3
LATE,273,1,0,3,false,7,7,true,10,7,7,2,0,0,3
REGION,273,1,0,3,false,7,7,true,10,7,7,7,3
LATE,273,1,0,3,false,7,7,true,1000,7,7,2,0,0,3
REGION,273,1,0,3,false,7,7,true,1000,7,7,7,3
LATE,273,1,0,3,false,1,4,false,10,2,2,0,0,0,0
REGION,273,1,0,3,false,1,4,false,10,2,2,2,0
LATE,273,1,0,3,false,1,4,false,1000,2,2,0,0,0,0
REGION,273,1,0,3,false,1,4,false,1000,2,2,2,0
LATE,273,1,0,3,false,1,4,true,10,0,0,0,0,0,0
REGION,273,1,0,3,false,1,4,true,10,0,0,0,0
LATE,273,1,0,3,false,1,4,true,1000,0,0,0,0,0,0
REGION,273,1,0,3,false,1,4,true,1000,0,0,0,0
LATE,273,1,0,3,false,4,1,false,10,2,2,0,0,0,0
REGION,273,1,0,3,false,4,1,false,10,2,2,2,0
LATE,273,1,0,3,false,4,1,false,1000,2,2,0,0,0,0
REGION,273,1,0,3,false,4,1,false,1000,2,2,2,0
LATE,273,1,0,3,false,4,1,true,10,0,0,0,0,0,0
REGION,273,1,0,3,false,4,1,true,10,0,0,0,0
LATE,273,1,0,3,false,4,1,true,1000,0,0,0,0,0,0
REGION,273,1,0,3,false,4,1,true,1000,0,0,0,0
LATE,273,1,0,3,true,1,1,false,10,3,3,0,0,0,1
REGION,273,1,0,3,true,1,1,false,10,3,3,3,1
LATE,273,1,0,3,true,1,1,false,1000,3,3,0,0,0,1
REGION,273,1,0,3,true,1,1,false,1000,3,3,3,1
LATE,273,1,0,3,true,1,1,true,10,3,3,0,0,0,1
REGION,273,1,0,3,true,1,1,true,10,3,3,3,1
LATE,273,1,0,3,true,1,1,true,1000,3,3,0,0,0,1
REGION,273,1,0,3,true,1,1,true,1000,3,3,3,1
LATE,273,1,0,3,true,3,3,false,10,7,7,3,0,0,2
REGION,273,1,0,3,true,3,3,false,10,7,7,7,2
LATE,273,1,0,3,true,3,3,false,1000,7,7,3,0,0,2
REGION,273,1,0,3,true,3,3,false,1000,7,7,7,2
LATE,273,1,0,3,true,3,3,true,10,5,5,1,0,0,2
REGION,273,1,0,3,true,3,3,true,10,5,5,5,2
LATE,273,1,0,3,true,3,3,true,1000,5,5,1,0,0,2
REGION,273,1,0,3,true,3,3,true,1000,5,5,5,2
LATE,273,1,0,3,true,7,7,false,10,10,10,5,0,0,3
REGION,273,1,0,3,true,7,7,false,10,10,10,10,3
LATE,273,1,0,3,true,7,7,false,1000,10,10,5,0,0,3
REGION,273,1,0,3,true,7,7,false,1000,10,10,10,3
LATE,273,1,0,3,true,7,7,true,10,7,7,2,0,0,3
REGION,273,1,0,3,true,7,7,true,10,7,7,7,3
LATE,273,1,0,3,true,7,7,true,1000,7,7,2,0,0,3
REGION,273,1,0,3,true,7,7,true,1000,7,7,7,3
LATE,273,1,0,3,true,1,4,false,10,2,2,0,0,0,0
REGION,273,1,0,3,true,1,4,false,10,2,2,2,0
LATE,273,1,0,3,true,1,4,false,1000,2,2,0,0,0,0
REGION,273,1,0,3,true,1,4,false,1000,2,2,2,0
LATE,273,1,0,3,true,1,4,true,10,0,0,0,0,0,0
REGION,273,1,0,3,true,1,4,true,10,0,0,0,0
LATE,273,1,0,3,true,1,4,true,1000,0,0,0,0,0,0
REGION,273,1,0,3,true,1,4,true,1000,0,0,0,0
LATE,273,1,0,3,true,4,1,false,10,2,2,0,0,0,0
REGION,273,1,0,3,true,4,1,false,10,2,2,2,0
LATE,273,1,0,3,true,4,1,false,1000,2,2,0,0,0,0
REGION,273,1,0,3,true,4,1,false,1000,2,2,2,0
LATE,273,1,0,3,true,4,1,true,10,0,0,0,0,0,0
REGION,273,1,0,3,true,4,1,true,10,0,0,0,0
LATE,273,1,0,3,true,4,1,true,1000,0,0,0,0,0,0
REGION,273,1,0,3,true,4,1,true,1000,0,0,0,0
LATE,273,1,1,1,false,1,1,false,10,3,3,0,0,0,1
REGION,273,1,1,1,false,1,1,false,10,3,3,3,1
LATE,273,1,1,1,false,1,1,false,1000,3,3,0,0,0,1
REGION,273,1,1,1,false,1,1,false,1000,3,3,3,1
LATE,273,1,1,1,false,1,1,true,10,3,3,0,0,0,1
REGION,273,1,1,1,false,1,1,true,10,3,3,3,1
LATE,273,1,1,1,false,1,1,true,1000,3,3,0,0,0,1
REGION,273,1,1,1,false,1,1,true,1000,3,3,3,1
LATE,273,1,1,1,false,3,3,false,10,7,7,3,0,0,2
REGION,273,1,1,1,false,3,3,false,10,7,7,7,2
LATE,273,1,1,1,false,3,3,false,1000,7,7,3,0,0,2
REGION,273,1,1,1,false,3,3,false,1000,7,7,7,2
LATE,273,1,1,1,false,3,3,true,10,5,5,1,0,0,2
REGION,273,1,1,1,false,3,3,true,10,5,5,5,2
LATE,273,1,1,1,false,3,3,true,1000,5,5,1,0,0,2
REGION,273,1,1,1,false,3,3,true,1000,5,5,5,2
LATE,273,1,1,1,false,7,7,false,10,10,10,5,0,0,3
REGION,273,1,1,1,false,7,7,false,10,10,10,10,3
LATE,273,1,1,1,false,7,7,false,1000,10,10,5,0,0,3
REGION,273,1,1,1,false,7,7,false,1000,10,10,10,3
LATE,273,1,1,1,false,7,7,true,10,7,7,2,0,0,3
REGION,273,1,1,1,false,7,7,true,10,7,7,7,3
LATE,273,1,1,1,false,7,7,true,1000,7,7,2,0,0,3
REGION,273,1,1,1,false,7,7,true,1000,7,7,7,3
LATE,273,1,1,1,false,1,4,false,10,2,2,0,0,0,0
REGION,273,1,1,1,false,1,4,false,10,2,2,2,0
LATE,273,1,1,1,false,1,4,false,1000,2,0,0,1,1,0
REGION,273,1,1,1,false,1,4,false,1000,2,0,2,0
LATE,273,1,1,1,false,1,4,true,10,0,0,0,0,0,0
REGION,273,1,1,1,false,1,4,true,10,0,0,0,0
LATE,273,1,1,1,false,1,4,true,1000,0,0,0,0,0,0
REGION,273,1,1,1,false,1,4,true,1000,0,0,0,0
LATE,273,1,1,1,false,4,1,false,10,2,2,0,2,0,0
REGION,273,1,1,1,false,4,1,false,10,2,2,2,0
LATE,273,1,1,1,false,4,1,false,1000,2,0,0,1,1,0
REGION,273,1,1,1,false,4,1,false,1000,2,0,2,0
LATE,273,1,1,1,false,4,1,true,10,0,0,0,0,0,0
REGION,273,1,1,1,false,4,1,true,10,0,0,0,0
LATE,273,1,1,1,false,4,1,true,1000,0,0,0,0,0,0
REGION,273,1,1,1,false,4,1,true,1000,0,0,0,0
LATE,273,1,1,1,true,1,1,false,10,3,3,0,0,0,1
REGION,273,1,1,1,true,1,1,false,10,3,3,3,1
LATE,273,1,1,1,true,1,1,false,1000,3,3,0,0,0,1
REGION,273,1,1,1,true,1,1,false,1000,3,3,3,1
LATE,273,1,1,1,true,1,1,true,10,3,3,0,0,0,1
REGION,273,1,1,1,true,1,1,true,10,3,3,3,1
LATE,273,1,1,1,true,1,1,true,1000,3,3,0,0,0,1
REGION,273,1,1,1,true,1,1,true,1000,3,3,3,1
LATE,273,1,1,1,true,3,3,false,10,7,7,3,0,0,2
REGION,273,1,1,1,true,3,3,false,10,7,7,7,2
LATE,273,1,1,1,true,3,3,false,1000,7,7,3,0,0,2
REGION,273,1,1,1,true,3,3,false,1000,7,7,7,2
LATE,273,1,1,1,true,3,3,true,10,5,5,1,0,0,2
REGION,273,1,1,1,true,3,3,true,10,5,5,5,2
LATE,273,1,1,1,true,3,3,true,1000,5,5,1,0,0,2
REGION,273,1,1,1,true,3,3,true,1000,5,5,5,2
LATE,273,1,1,1,true,7,7,false,10,10,10,5,0,0,3
REGION,273,1,1,1,true,7,7,false,10,10,10,10,3
LATE,273,1,1,1,true,7,7,false,1000,10,10,5,0,0,3
REGION,273,1,1,1,true,7,7,false,1000,10,10,10,3
LATE,273,1,1,1,true,7,7,true,10,7,7,2,0,0,3
REGION,273,1,1,1,true,7,7,true,10,7,7,7,3
LATE,273,1,1,1,true,7,7,true,1000,7,7,2,0,0,3
REGION,273,1,1,1,true,7,7,true,1000,7,7,7,3
LATE,273,1,1,1,true,1,4,false,10,2,2,0,0,0,0
REGION,273,1,1,1,true,1,4,false,10,2,2,2,0
LATE,273,1,1,1,true,1,4,false,1000,2,0,0,1,1,0
REGION,273,1,1,1,true,1,4,false,1000,2,0,2,0
LATE,273,1,1,1,true,1,4,true,10,0,0,0,0,0,0
REGION,273,1,1,1,true,1,4,true,10,0,0,0,0
LATE,273,1,1,1,true,1,4,true,1000,0,0,0,0,0,0
REGION,273,1,1,1,true,1,4,true,1000,0,0,0,0
LATE,273,1,1,1,true,4,1,false,10,2,2,0,2,0,0
REGION,273,1,1,1,true,4,1,false,10,2,2,2,0
LATE,273,1,1,1,true,4,1,false,1000,2,0,0,1,1,0
REGION,273,1,1,1,true,4,1,false,1000,2,0,2,0
LATE,273,1,1,1,true,4,1,true,10,0,0,0,0,0,0
REGION,273,1,1,1,true,4,1,true,10,0,0,0,0
LATE,273,1,1,1,true,4,1,true,1000,0,0,0,0,0,0
REGION,273,1,1,1,true,4,1,true,1000,0,0,0,0
LATE,273,1,1,3,false,1,1,false,10,3,3,0,0,0,1
REGION,273,1,1,3,false,1,1,false,10,3,3,3,1
LATE,273,1,1,3,false,1,1,false,1000,3,3,0,0,0,1
REGION,273,1,1,3,false,1,1,false,1000,3,3,3,1
LATE,273,1,1,3,false,1,1,true,10,3,3,0,0,0,1
REGION,273,1,1,3,false,1,1,true,10,3,3,3,1
LATE,273,1,1,3,false,1,1,true,1000,3,3,0,0,0,1
REGION,273,1,1,3,false,1,1,true,1000,3,3,3,1
LATE,273,1,1,3,false,3,3,false,10,7,7,3,0,0,2
REGION,273,1,1,3,false,3,3,false,10,7,7,7,2
LATE,273,1,1,3,false,3,3,false,1000,7,7,3,0,0,2
REGION,273,1,1,3,false,3,3,false,1000,7,7,7,2
LATE,273,1,1,3,false,3,3,true,10,5,5,1,0,0,2
REGION,273,1,1,3,false,3,3,true,10,5,5,5,2
LATE,273,1,1,3,false,3,3,true,1000,5,5,1,0,0,2
REGION,273,1,1,3,false,3,3,true,1000,5,5,5,2
LATE,273,1,1,3,false,7,7,false,10,10,10,5,0,0,3
REGION,273,1,1,3,false,7,7,false,10,10,10,10,3
LATE,273,1,1,3,false,7,7,false,1000,10,10,5,0,0,3
REGION,273,1,1,3,false,7,7,false,1000,10,10,10,3
LATE,273,1,1,3,false,7,7,true,10,7,7,2,0,0,3
REGION,273,1,1,3,false,7,7,true,10,7,7,7,3
LATE,273,1,1,3,false,7,7,true,1000,7,7,2,0,0,3
REGION,273,1,1,3,false,7,7,true,1000,7,7,7,3
LATE,273,1,1,3,false,1,4,false,10,2,2,0,0,0,0
REGION,273,1,1,3,false,1,4,false,10,2,2,2,0
LATE,273,1,1,3,false,1,4,false,1000,2,0,0,1,1,0
REGION,273,1,1,3,false,1,4,false,1000,2,0,2,0
LATE,273,1,1,3,false,1,4,true,10,0,0,0,0,0,0
REGION,273,1,1,3,false,1,4,true,10,0,0,0,0
LATE,273,1,1,3,false,1,4,true,1000,0,0,0,0,0,0
REGION,273,1,1,3,false,1,4,true,1000,0,0,0,0
LATE,273,1,1,3,false,4,1,false,10,2,2,0,2,0,0
REGION,273,1,1,3,false,4,1,false,10,2,2,2,0
LATE,273,1,1,3,false,4,1,false,1000,2,0,0,1,1,0
REGION,273,1,1,3,false,4,1,false,1000,2,0,2,0
LATE,273,1,1,3,false,4,1,true,10,0,0,0,0,0,0
REGION,273,1,1,3,false,4,1,true,10,0,0,0,0
LATE,273,1,1,3,false,4,1,true,1000,0,0,0,0,0,0
REGION,273,1,1,3,false,4,1,true,1000,0,0,0,0
LATE,273,1,1,3,true,1,1,false,10,3,3,0,0,0,1
REGION,273,1,1,3,true,1,1,false,10,3,3,3,1
LATE,273,1,1,3,true,1,1,false,1000,3,3,0,0,0,1
REGION,273,1,1,3,true,1,1,false,1000,3,3,3,1
LATE,273,1,1,3,true,1,1,true,10,3,3,0,0,0,1
REGION,273,1,1,3,true,1,1,true,10,3,3,3,1
LATE,273,1,1,3,true,1,1,true,1000,3,3,0,0,0,1
REGION,273,1,1,3,true,1,1,true,1000,3,3,3,1
LATE,273,1,1,3,true,3,3,false,10,7,7,3,0,0,2
REGION,273,1,1,3,true,3,3,false,10,7,7,7,2
LATE,273,1,1,3,true,3,3,false,1000,7,7,3,0,0,2
REGION,273,1,1,3,true,3,3,false,1000,7,7,7,2
LATE,273,1,1,3,true,3,3,true,10,5,5,1,0,0,2
REGION,273,1,1,3,true,3,3,true,10,5,5,5,2
LATE,273,1,1,3,true,3,3,true,1000,5,5,1,0,0,2
REGION,273,1,1,3,true,3,3,true,1000,5,5,5,2
LATE,273,1,1,3,true,7,7,false,10,10,10,5,0,0,3
REGION,273,1,1,3,true,7,7,false,10,10,10,10,3
LATE,273,1,1,3,true,7,7,false,1000,10,10,5,0,0,3
REGION,273,1,1,3,true,7,7,false,1000,10,10,10,3
LATE,273,1,1,3,true,7,7,true,10,7,7,2,0,0,3
REGION,273,1,1,3,true,7,7,true,10,7,7,7,3
LATE,273,1,1,3,true,7,7,true,1000,7,7,2,0,0,3
REGION,273,1,1,3,true,7,7,true,1000,7,7,7,3
LATE,273,1,1,3,true,1,4,false,10,2,2,0,0,0,0
REGION,273,1,1,3,true,1,4,false,10,2,2,2,0
LATE,273,1,1,3,true,1,4,false,1000,2,0,0,1,1,0
REGION,273,1,1,3,true,1,4,false,1000,2,0,2,0
LATE,273,1,1,3,true,1,4,true,10,0,0,0,0,0,0
REGION,273,1,1,3,true,1,4,true,10,0,0,0,0
LATE,273,1,1,3,true,1,4,true,1000,0,0,0,0,0,0
REGION,273,1,1,3,true,1,4,true,1000,0,0,0,0
LATE,273,1,1,3,true,4,1,false,10,2,2,0,2,0,0
REGION,273,1,1,3,true,4,1,false,10,2,2,2,0
LATE,273,1,1,3,true,4,1,false,1000,2,0,0,1,1,0
REGION,273,1,1,3,true,4,1,false,1000,2,0,2,0
LATE,273,1,1,3,true,4,1,true,10,0,0,0,0,0,0
REGION,273,1,1,3,true,4,1,true,10,0,0,0,0
LATE,273,1,1,3,true,4,1,true,1000,0,0,0,0,0,0
REGION,273,1,1,3,true,4,1,true,1000,0,0,0,0
LATE,273,1,4,1,false,1,1,false,10,3,3,0,0,0,1
REGION,273,1,4,1,false,1,1,false,10,3,3,3,1
LATE,273,1,4,1,false,1,1,false,1000,3,3,0,0,0,1
REGION,273,1,4,1,false,1,1,false,1000,3,3,3,1
LATE,273,1,4,1,false,1,1,true,10,3,3,0,0,0,1
REGION,273,1,4,1,false,1,1,true,10,3,3,3,1
LATE,273,1,4,1,false,1,1,true,1000,3,3,0,0,0,1
REGION,273,1,4,1,false,1,1,true,1000,3,3,3,1
LATE,273,1,4,1,false,3,3,false,10,7,7,3,0,0,2
REGION,273,1,4,1,false,3,3,false,10,7,7,7,2
LATE,273,1,4,1,false,3,3,false,1000,7,7,3,0,0,2
REGION,273,1,4,1,false,3,3,false,1000,7,7,7,2
LATE,273,1,4,1,false,3,3,true,10,5,5,1,0,0,2
REGION,273,1,4,1,false,3,3,true,10,5,5,5,2
LATE,273,1,4,1,false,3,3,true,1000,5,5,1,0,0,2
REGION,273,1,4,1,false,3,3,true,1000,5,5,5,2
LATE,273,1,4,1,false,7,7,false,10,10,10,5,0,0,3
REGION,273,1,4,1,false,7,7,false,10,10,10,10,3
LATE,273,1,4,1,false,7,7,false,1000,10,10,5,0,0,3
REGION,273,1,4,1,false,7,7,false,1000,10,10,10,3
LATE,273,1,4,1,false,7,7,true,10,7,7,2,0,0,3
REGION,273,1,4,1,false,7,7,true,10,7,7,7,3
LATE,273,1,4,1,false,7,7,true,1000,7,7,2,0,0,3
REGION,273,1,4,1,false,7,7,true,1000,7,7,7,3
LATE,273,1,4,1,false,1,4,false,10,2,2,0,0,0,0
REGION,273,1,4,1,false,1,4,false,10,2,2,2,0
LATE,273,1,4,1,false,1,4,false,1000,2,0,0,1,1,0
REGION,273,1,4,1,false,1,4,false,1000,2,0,2,0
LATE,273,1,4,1,false,1,4,true,10,0,0,0,0,0,0
REGION,273,1,4,1,false,1,4,true,10,0,0,0,0
LATE,273,1,4,1,false,1,4,true,1000,0,0,0,0,0,0
REGION,273,1,4,1,false,1,4,true,1000,0,0,0,0
LATE,273,1,4,1,false,4,1,false,10,2,2,0,2,0,0
REGION,273,1,4,1,false,4,1,false,10,2,2,2,0
LATE,273,1,4,1,false,4,1,false,1000,2,0,0,2,1,0
REGION,273,1,4,1,false,4,1,false,1000,2,0,2,0
LATE,273,1,4,1,false,4,1,true,10,0,0,0,0,0,0
REGION,273,1,4,1,false,4,1,true,10,0,0,0,0
LATE,273,1,4,1,false,4,1,true,1000,0,0,0,0,0,0
REGION,273,1,4,1,false,4,1,true,1000,0,0,0,0
LATE,273,1,4,1,true,1,1,false,10,3,3,0,0,0,1
REGION,273,1,4,1,true,1,1,false,10,3,3,3,1
LATE,273,1,4,1,true,1,1,false,1000,3,3,0,0,0,1
REGION,273,1,4,1,true,1,1,false,1000,3,3,3,1
LATE,273,1,4,1,true,1,1,true,10,3,3,0,0,0,1
REGION,273,1,4,1,true,1,1,true,10,3,3,3,1
LATE,273,1,4,1,true,1,1,true,1000,3,3,0,0,0,1
REGION,273,1,4,1,true,1,1,true,1000,3,3,3,1
LATE,273,1,4,1,true,3,3,false,10,7,7,3,0,0,2
REGION,273,1,4,1,true,3,3,false,10,7,7,7,2
LATE,273,1,4,1,true,3,3,false,1000,7,7,3,0,0,2
REGION,273,1,4,1,true,3,3,false,1000,7,7,7,2
LATE,273,1,4,1,true,3,3,true,10,5,5,1,0,0,2
REGION,273,1,4,1,true,3,3,true,10,5,5,5,2
LATE,273,1,4,1,true,3,3,true,1000,5,5,1,0,0,2
REGION,273,1,4,1,true,3,3,true,1000,5,5,5,2
LATE,273,1,4,1,true,7,7,false,10,10,10,5,0,0,3
REGION,273,1,4,1,true,7,7,false,10,10,10,10,3
LATE,273,1,4,1,true,7,7,false,1000,10,10,5,0,0,3
REGION,273,1,4,1,true,7,7,false,1000,10,10,10,3
LATE,273,1,4,1,true,7,7,true,10,7,7,2,0,0,3
REGION,273,1,4,1,true,7,7,true,10,7,7,7,3
LATE,273,1,4,1,true,7,7,true,1000,7,7,2,0,0,3
REGION,273,1,4,1,true,7,7,true,1000,7,7,7,3
LATE,273,1,4,1,true,1,4,false,10,2,2,0,0,0,0
REGION,273,1,4,1,true,1,4,false,10,2,2,2,0
LATE,273,1,4,1,true,1,4,false,1000,2,0,0,1,1,0
REGION,273,1,4,1,true,1,4,false,1000,2,0,2,0
LATE,273,1,4,1,true,1,4,true,10,0,0,0,0,0,0
REGION,273,1,4,1,true,1,4,true,10,0,0,0,0
LATE,273,1,4,1,true,1,4,true,1000,0,0,0,0,0,0
REGION,273,1,4,1,true,1,4,true,1000,0,0,0,0
LATE,273,1,4,1,true,4,1,false,10,2,2,0,2,0,0
REGION,273,1,4,1,true,4,1,false,10,2,2,2,0
LATE,273,1,4,1,true,4,1,false,1000,2,0,0,2,1,0
REGION,273,1,4,1,true,4,1,false,1000,2,0,2,0
LATE,273,1,4,1,true,4,1,true,10,0,0,0,0,0,0
REGION,273,1,4,1,true,4,1,true,10,0,0,0,0
LATE,273,1,4,1,true,4,1,true,1000,0,0,0,0,0,0
REGION,273,1,4,1,true,4,1,true,1000,0,0,0,0
LATE,273,1,4,3,false,1,1,false,10,3,3,0,0,0,1
REGION,273,1,4,3,false,1,1,false,10,3,3,3,1
LATE,273,1,4,3,false,1,1,false,1000,3,3,0,0,0,1
REGION,273,1,4,3,false,1,1,false,1000,3,3,3,1
LATE,273,1,4,3,false,1,1,true,10,3,3,0,0,0,1
REGION,273,1,4,3,false,1,1,true,10,3,3,3,1
LATE,273,1,4,3,false,1,1,true,1000,3,3,0,0,0,1
REGION,273,1,4,3,false,1,1,true,1000,3,3,3,1
LATE,273,1,4,3,false,3,3,false,10,7,7,3,0,0,2
REGION,273,1,4,3,false,3,3,false,10,7,7,7,2
LATE,273,1,4,3,false,3,3,false,1000,7,7,3,0,0,2
REGION,273,1,4,3,false,3,3,false,1000,7,7,7,2
LATE,273,1,4,3,false,3,3,true,10,5,5,1,0,0,2
REGION,273,1,4,3,false,3,3,true,10,5,5,5,2
LATE,273,1,4,3,false,3,3,true,1000,5,5,1,0,0,2
REGION,273,1,4,3,false,3,3,true,1000,5,5,5,2
LATE,273,1,4,3,false,7,7,false,10,10,10,5,0,0,3
REGION,273,1,4,3,false,7,7,false,10,10,10,10,3
LATE,273,1,4,3,false,7,7,false,1000,10,10,5,0,0,3
REGION,273,1,4,3,false,7,7,false,1000,10,10,10,3
LATE,273,1,4,3,false,7,7,true,10,7,7,2,0,0,3
REGION,273,1,4,3,false,7,7,true,10,7,7,7,3
LATE,273,1,4,3,false,7,7,true,1000,7,7,2,0,0,3
REGION,273,1,4,3,false,7,7,true,1000,7,7,7,3
LATE,273,1,4,3,false,1,4,false,10,2,2,0,0,0,0
REGION,273,1,4,3,false,1,4,false,10,2,2,2,0
LATE,273,1,4,3,false,1,4,false,1000,2,0,0,1,1,0
REGION,273,1,4,3,false,1,4,false,1000,2,0,2,0
LATE,273,1,4,3,false,1,4,true,10,0,0,0,0,0,0
REGION,273,1,4,3,false,1,4,true,10,0,0,0,0
LATE,273,1,4,3,false,1,4,true,1000,0,0,0,0,0,0
REGION,273,1,4,3,false,1,4,true,1000,0,0,0,0
LATE,273,1,4,3,false,4,1,false,10,2,2,0,2,0,0
REGION,273,1,4,3,false,4,1,false,10,2,2,2,0
LATE,273,1,4,3,false,4,1,false,1000,2,0,0,2,1,0
REGION,273,1,4,3,false,4,1,false,1000,2,0,2,0
LATE,273,1,4,3,false,4,1,true,10,0,0,0,0,0,0
REGION,273,1,4,3,false,4,1,true,10,0,0,0,0
LATE,273,1,4,3,false,4,1,true,1000,0,0,0,0,0,0
REGION,273,1,4,3,false,4,1,true,1000,0,0,0,0
LATE,273,1,4,3,true,1,1,false,10,3,3,0,0,0,1
REGION,273,1,4,3,true,1,1,false,10,3,3,3,1
LATE,273,1,4,3,true,1,1,false,1000,3,3,0,0,0,1
REGION,273,1,4,3,true,1,1,false,1000,3,3,3,1
LATE,273,1,4,3,true,1,1,true,10,3,3,0,0,0,1
REGION,273,1,4,3,true,1,1,true,10,3,3,3,1
LATE,273,1,4,3,true,1,1,true,1000,3,3,0,0,0,1
REGION,273,1,4,3,true,1,1,true,1000,3,3,3,1
LATE,273,1,4,3,true,3,3,false,10,7,7,3,0,0,2
REGION,273,1,4,3,true,3,3,false,10,7,7,7,2
LATE,273,1,4,3,true,3,3,false,1000,7,7,3,0,0,2
REGION,273,1,4,3,true,3,3,false,1000,7,7,7,2
LATE,273,1,4,3,true,3,3,true,10,5,5,1,0,0,2
REGION,273,1,4,3,true,3,3,true,10,5,5,5,2
LATE,273,1,4,3,true,3,3,true,1000,5,5,1,0,0,2
REGION,273,1,4,3,true,3,3,true,1000,5,5,5,2
LATE,273,1,4,3,true,7,7,false,10,10,10,5,0,0,3
REGION,273,1,4,3,true,7,7,false,10,10,10,10,3
LATE,273,1,4,3,true,7,7,false,1000,10,10,5,0,0,3
REGION,273,1,4,3,true,7,7,false,1000,10,10,10,3
LATE,273,1,4,3,true,7,7,true,10,7,7,2,0,0,3
REGION,273,1,4,3,true,7,7,true,10,7,7,7,3
LATE,273,1,4,3,true,7,7,true,1000,7,7,2,0,0,3
REGION,273,1,4,3,true,7,7,true,1000,7,7,7,3
LATE,273,1,4,3,true,1,4,false,10,2,2,0,0,0,0
REGION,273,1,4,3,true,1,4,false,10,2,2,2,0
LATE,273,1,4,3,true,1,4,false,1000,2,0,0,1,1,0
REGION,273,1,4,3,true,1,4,false,1000,2,0,2,0
LATE,273,1,4,3,true,1,4,true,10,0,0,0,0,0,0
REGION,273,1,4,3,true,1,4,true,10,0,0,0,0
LATE,273,1,4,3,true,1,4,true,1000,0,0,0,0,0,0
REGION,273,1,4,3,true,1,4,true,1000,0,0,0,0
LATE,273,1,4,3,true,4,1,false,10,2,2,0,2,0,0
REGION,273,1,4,3,true,4,1,false,10,2,2,2,0
LATE,273,1,4,3,true,4,1,false,1000,2,0,0,2,1,0
REGION,273,1,4,3,true,4,1,false,1000,2,0,2,0
LATE,273,1,4,3,true,4,1,true,10,0,0,0,0,0,0
REGION,273,1,4,3,true,4,1,true,10,0,0,0,0
LATE,273,1,4,3,true,4,1,true,1000,0,0,0,0,0,0
REGION,273,1,4,3,true,4,1,true,1000,0,0,0,0
LATE,273,2,0,1,false,1,1,false,10,3,3,0,0,0,4
REGION,273,2,0,1,false,1,1,false,10,3,3,3,4
LATE,273,2,0,1,false,1,1,false,1000,3,3,0,0,0,4
REGION,273,2,0,1,false,1,1,false,1000,3,3,3,4
LATE,273,2,0,1,false,1,1,true,10,3,3,0,0,0,4
REGION,273,2,0,1,false,1,1,true,10,3,3,3,4
LATE,273,2,0,1,false,1,1,true,1000,3,3,0,0,0,4
REGION,273,2,0,1,false,1,1,true,1000,3,3,3,4
LATE,273,2,0,1,false,3,3,false,10,7,7,3,0,0,8
REGION,273,2,0,1,false,3,3,false,10,7,7,7,8
LATE,273,2,0,1,false,3,3,false,1000,7,7,3,0,0,8
REGION,273,2,0,1,false,3,3,false,1000,7,7,7,8
LATE,273,2,0,1,false,3,3,true,10,5,5,1,0,0,8
REGION,273,2,0,1,false,3,3,true,10,5,5,5,8
LATE,273,2,0,1,false,3,3,true,1000,5,5,1,0,0,8
REGION,273,2,0,1,false,3,3,true,1000,5,5,5,8
LATE,273,2,0,1,false,7,7,false,10,10,10,5,0,0,12
REGION,273,2,0,1,false,7,7,false,10,10,10,10,12
LATE,273,2,0,1,false,7,7,false,1000,10,10,5,0,0,12
REGION,273,2,0,1,false,7,7,false,1000,10,10,10,12
LATE,273,2,0,1,false,7,7,true,10,7,7,2,0,0,12
REGION,273,2,0,1,false,7,7,true,10,7,7,7,12
LATE,273,2,0,1,false,7,7,true,1000,7,7,2,0,0,12
REGION,273,2,0,1,false,7,7,true,1000,7,7,7,12
LATE,273,2,0,1,false,1,4,false,10,2,2,0,0,0,0
REGION,273,2,0,1,false,1,4,false,10,2,2,2,0
LATE,273,2,0,1,false,1,4,false,1000,2,2,0,0,0,0
REGION,273,2,0,1,false,1,4,false,1000,2,2,2,0
LATE,273,2,0,1,false,1,4,true,10,0,0,0,0,0,0
REGION,273,2,0,1,false,1,4,true,10,0,0,0,0
LATE,273,2,0,1,false,1,4,true,1000,0,0,0,0,0,0
REGION,273,2,0,1,false,1,4,true,1000,0,0,0,0
LATE,273,2,0,1,false,4,1,false,10,2,2,0,0,0,0
REGION,273,2,0,1,false,4,1,false,10,2,2,2,0
LATE,273,2,0,1,false,4,1,false,1000,2,2,0,0,0,0
REGION,273,2,0,1,false,4,1,false,1000,2,2,2,0
LATE,273,2,0,1,false,4,1,true,10,0,0,0,0,0,0
REGION,273,2,0,1,false,4,1,true,10,0,0,0,0
LATE,273,2,0,1,false,4,1,true,1000,0,0,0,0,0,0
REGION,273,2,0,1,false,4,1,true,1000,0,0,0,0
LATE,273,2,0,1,true,1,1,false,10,3,3,0,0,0,4
REGION,273,2,0,1,true,1,1,false,10,3,3,3,4
LATE,273,2,0,1,true,1,1,false,1000,3,3,0,0,0,4
REGION,273,2,0,1,true,1,1,false,1000,3,3,3,4
LATE,273,2,0,1,true,1,1,true,10,3,3,0,0,0,4
REGION,273,2,0,1,true,1,1,true,10,3,3,3,4
LATE,273,2,0,1,true,1,1,true,1000,3,3,0,0,0,4
REGION,273,2,0,1,true,1,1,true,1000,3,3,3,4
LATE,273,2,0,1,true,3,3,false,10,7,7,3,0,0,8
REGION,273,2,0,1,true,3,3,false,10,7,7,7,8
LATE,273,2,0,1,true,3,3,false,1000,7,7,3,0,0,8
REGION,273,2,0,1,true,3,3,false,1000,7,7,7,8
LATE,273,2,0,1,true,3,3,true,10,5,5,1,0,0,8
REGION,273,2,0,1,true,3,3,true,10,5,5,5,8
LATE,273,2,0,1,true,3,3,true,1000,5,5,1,0,0,8
REGION,273,2,0,1,true,3,3,true,1000,5,5,5,8
LATE,273,2,0,1,true,7,7,false,10,10,10,5,0,0,12
REGION,273,2,0,1,true,7,7,false,10,10,10,10,12
LATE,273,2,0,1,true,7,7,false,1000,10,10,5,0,0,12
REGION,273,2,0,1,true,7,7,false,1000,10,10,10,12
LATE,273,2,0,1,true,7,7,true,10,7,7,2,0,0,12
REGION,273,2,0,1,true,7,7,true,10,7,7,7,12
LATE,273,2,0,1,true,7,7,true,1000,7,7,2,0,0,12
REGION,273,2,0,1,true,7,7,true,1000,7,7,7,12
LATE,273,2,0,1,true,1,4,false,10,2,2,0,0,0,0
REGION,273,2,0,1,true,1,4,false,10,2,2,2,0
LATE,273,2,0,1,true,1,4,false,1000,2,2,0,0,0,0
REGION,273,2,0,1,true,1,4,false,1000,2,2,2,0
LATE,273,2,0,1,true,1,4,true,10,0,0,0,0,0,0
REGION,273,2,0,1,true,1,4,true,10,0,0,0,0
LATE,273,2,0,1,true,1,4,true,1000,0,0,0,0,0,0
REGION,273,2,0,1,true,1,4,true,1000,0,0,0,0
LATE,273,2,0,1,true,4,1,false,10,2,2,0,0,0,0
REGION,273,2,0,1,true,4,1,false,10,2,2,2,0
LATE,273,2,0,1,true,4,1,false,1000,2,2,0,0,0,0
REGION,273,2,0,1,true,4,1,false,1000,2,2,2,0
LATE,273,2,0,1,true,4,1,true,10,0,0,0,0,0,0
REGION,273,2,0,1,true,4,1,true,10,0,0,0,0
LATE,273,2,0,1,true,4,1,true,1000,0,0,0,0,0,0
REGION,273,2,0,1,true,4,1,true,1000,0,0,0,0
LATE,273,2,0,3,false,1,1,false,10,3,3,0,0,0,4
REGION,273,2,0,3,false,1,1,false,10,3,3,3,4
LATE,273,2,0,3,false,1,1,false,1000,3,3,0,0,0,4
REGION,273,2,0,3,false,1,1,false,1000,3,3,3,4
LATE,273,2,0,3,false,1,1,true,10,3,3,0,0,0,4
REGION,273,2,0,3,false,1,1,true,10,3,3,3,4
LATE,273,2,0,3,false,1,1,true,1000,3,3,0,0,0,4
REGION,273,2,0,3,false,1,1,true,1000,3,3,3,4
LATE,273,2,0,3,false,3,3,false,10,7,7,3,0,0,8
REGION,273,2,0,3,false,3,3,false,10,7,7,7,8
LATE,273,2,0,3,false,3,3,false,1000,7,7,3,0,0,8
REGION,273,2,0,3,false,3,3,false,1000,7,7,7,8
LATE,273,2,0,3,false,3,3,true,10,5,5,1,0,0,8
REGION,273,2,0,3,false,3,3,true,10,5,5,5,8
LATE,273,2,0,3,false,3,3,true,1000,5,5,1,0,0,8
REGION,273,2,0,3,false,3,3,true,1000,5,5,5,8
LATE,273,2,0,3,false,7,7,false,10,10,10,5,0,0,12
REGION,273,2,0,3,false,7,7,false,10,10,10,10,12
LATE,273,2,0,3,false,7,7,false,1000,10,10,5,0,0,12
REGION,273,2,0,3,false,7,7,false,1000,10,10,10,12
LATE,273,2,0,3,false,7,7,true,10,7,7,2,0,0,12
REGION,273,2,0,3,false,7,7,true,10,7,7,7,12
LATE,273,2,0,3,false,7,7,true,1000,7,7,2,0,0,12
REGION,273,2,0,3,false,7,7,true,1000,7,7,7,12
LATE,273,2,0,3,false,1,4,false,10,2,2,0,0,0,0
REGION,273,2,0,3,false,1,4,false,10,2,2,2,0
LATE,273,2,0,3,false,1,4,false,1000,2,2,0,0,0,0
REGION,273,2,0,3,false,1,4,false,1000,2,2,2,0
LATE,273,2,0,3,false,1,4,true,10,0,0,0,0,0,0
REGION,273,2,0,3,false,1,4,true,10,0,0,0,0
LATE,273,2,0,3,false,1,4,true,1000,0,0,0,0,0,0
REGION,273,2,0,3,false,1,4,true,1000,0,0,0,0
LATE,273,2,0,3,false,4,1,false,10,2,2,0,0,0,0
REGION,273,2,0,3,false,4,1,false,10,2,2,2,0
LATE,273,2,0,3,false,4,1,false,1000,2,2,0,0,0,0
REGION,273,2,0,3,false,4,1,false,1000,2,2,2,0
LATE,273,2,0,3,false,4,1,true,10,0,0,0,0,0,0
REGION,273,2,0,3,false,4,1,true,10,0,0,0,0
LATE,273,2,0,3,false,4,1,true,1000,0,0,0,0,0,0
REGION,273,2,0,3,false,4,1,true,1000,0,0,0,0
LATE,273,2,0,3,true,1,1,false,10,3,3,0,0,0,4
REGION,273,2,0,3,true,1,1,false,10,3,3,3,4
LATE,273,2,0,3,true,1,1,false,1000,3,3,0,0,0,4
REGION,273,2,0,3,true,1,1,false,1000,3,3,3,4
LATE,273,2,0,3,true,1,1,true,10,3,3,0,0,0,4
REGION,273,2,0,3,true,1,1,true,10,3,3,3,4
LATE,273,2,0,3,true,1,1,true,1000,3,3,0,0,0,4
REGION,273,2,0,3,true,1,1,true,1000,3,3,3,4
LATE,273,2,0,3,true,3,3,false,10,7,7,3,0,0,8
REGION,273,2,0,3,true,3,3,false,10,7,7,7,8
LATE,273,2,0,3,true,3,3,false,1000,7,7,3,0,0,8
REGION,273,2,0,3,true,3,3,false,1000,7,7,7,8
LATE,273,2,0,3,true,3,3,true,10,5,5,1,0,0,8
REGION,273,2,0,3,true,3,3,true,10,5,5,5,8
LATE,273,2,0,3,true,3,3,true,1000,5,5,1,0,0,8
REGION,273,2,0,3,true,3,3,true,1000,5,5,5,8
LATE,273,2,0,3,true,7,7,false,10,10,10,5,0,0,12
REGION,273,2,0,3,true,7,7,false,10,10,10,10,12
LATE,273,2,0,3,true,7,7,false,1000,10,10,5,0,0,12
REGION,273,2,0,3,true,7,7,false,1000,10,10,10,12
LATE,273,2,0,3,true,7,7,true,10,7,7,2,0,0,12
REGION,273,2,0,3,true,7,7,true,10,7,7,7,12
LATE,273,2,0,3,true,7,7,true,1000,7,7,2,0,0,12
REGION,273,2,0,3,true,7,7,true,1000,7,7,7,12
LATE,273,2,0,3,true,1,4,false,10,2,2,0,0,0,0
REGION,273,2,0,3,true,1,4,false,10,2,2,2,0
LATE,273,2,0,3,true,1,4,false,1000,2,2,0,0,0,0
REGION,273,2,0,3,true,1,4,false,1000,2,2,2,0
LATE,273,2,0,3,true,1,4,true,10,0,0,0,0,0,0
REGION,273,2,0,3,true,1,4,true,10,0,0,0,0
LATE,273,2,0,3,true,1,4,true,1000,0,0,0,0,0,0
REGION,273,2,0,3,true,1,4,true,1000,0,0,0,0
LATE,273,2,0,3,true,4,1,false,10,2,2,0,0,0,0
REGION,273,2,0,3,true,4,1,false,10,2,2,2,0
LATE,273,2,0,3,true,4,1,false,1000,2,2,0,0,0,0
REGION,273,2,0,3,true,4,1,false,1000,2,2,2,0
LATE,273,2,0,3,true,4,1,true,10,0,0,0,0,0,0
REGION,273,2,0,3,true,4,1,true,10,0,0,0,0
LATE,273,2,0,3,true,4,1,true,1000,0,0,0,0,0,0
REGION,273,2,0,3,true,4,1,true,1000,0,0,0,0
LATE,273,2,1,1,false,1,1,false,10,3,3,0,0,0,4
REGION,273,2,1,1,false,1,1,false,10,3,3,3,4
LATE,273,2,1,1,false,1,1,false,1000,3,3,0,0,0,4
REGION,273,2,1,1,false,1,1,false,1000,3,3,3,4
LATE,273,2,1,1,false,1,1,true,10,3,3,0,0,0,4
REGION,273,2,1,1,false,1,1,true,10,3,3,3,4
LATE,273,2,1,1,false,1,1,true,1000,3,3,0,0,0,4
REGION,273,2,1,1,false,1,1,true,1000,3,3,3,4
LATE,273,2,1,1,false,3,3,false,10,7,7,3,0,0,8
REGION,273,2,1,1,false,3,3,false,10,7,7,7,8
LATE,273,2,1,1,false,3,3,false,1000,7,7,3,0,0,8
REGION,273,2,1,1,false,3,3,false,1000,7,7,7,8
LATE,273,2,1,1,false,3,3,true,10,5,5,1,0,0,8
REGION,273,2,1,1,false,3,3,true,10,5,5,5,8
LATE,273,2,1,1,false,3,3,true,1000,5,5,1,0,0,8
REGION,273,2,1,1,false,3,3,true,1000,5,5,5,8
LATE,273,2,1,1,false,7,7,false,10,10,10,5,0,0,12
REGION,273,2,1,1,false,7,7,false,10,10,10,10,12
LATE,273,2,1,1,false,7,7,false,1000,10,10,5,0,0,12
REGION,273,2,1,1,false,7,7,false,1000,10,10,10,12
LATE,273,2,1,1,false,7,7,true,10,7,7,2,0,0,12
REGION,273,2,1,1,false,7,7,true,10,7,7,7,12
LATE,273,2,1,1,false,7,7,true,1000,7,7,2,0,0,12
REGION,273,2,1,1,false,7,7,true,1000,7,7,7,12
LATE,273,2,1,1,false,1,4,false,10,2,2,0,0,0,0
REGION,273,2,1,1,false,1,4,false,10,2,2,2,0
LATE,273,2,1,1,false,1,4,false,1000,2,0,0,1,1,0
REGION,273,2,1,1,false,1,4,false,1000,2,0,2,0
LATE,273,2,1,1,false,1,4,true,10,0,0,0,0,0,0
REGION,273,2,1,1,false,1,4,true,10,0,0,0,0
LATE,273,2,1,1,false,1,4,true,1000,0,0,0,0,0,0
REGION,273,2,1,1,false,1,4,true,1000,0,0,0,0
LATE,273,2,1,1,false,4,1,false,10,2,2,0,2,0,0
REGION,273,2,1,1,false,4,1,false,10,2,2,2,0
LATE,273,2,1,1,false,4,1,false,1000,2,0,0,1,1,0
REGION,273,2,1,1,false,4,1,false,1000,2,0,2,0
LATE,273,2,1,1,false,4,1,true,10,0,0,0,0,0,0
REGION,273,2,1,1,false,4,1,true,10,0,0,0,0
LATE,273,2,1,1,false,4,1,true,1000,0,0,0,0,0,0
REGION,273,2,1,1,false,4,1,true,1000,0,0,0,0
LATE,273,2,1,1,true,1,1,false,10,3,3,0,0,0,4
REGION,273,2,1,1,true,1,1,false,10,3,3,3,4
LATE,273,2,1,1,true,1,1,false,1000,3,3,0,0,0,4
REGION,273,2,1,1,true,1,1,false,1000,3,3,3,4
LATE,273,2,1,1,true,1,1,true,10,3,3,0,0,0,4
REGION,273,2,1,1,true,1,1,true,10,3,3,3,4
LATE,273,2,1,1,true,1,1,true,1000,3,3,0,0,0,4
REGION,273,2,1,1,true,1,1,true,1000,3,3,3,4
LATE,273,2,1,1,true,3,3,false,10,7,7,3,0,0,8
REGION,273,2,1,1,true,3,3,false,10,7,7,7,8
LATE,273,2,1,1,true,3,3,false,1000,7,7,3,0,0,8
REGION,273,2,1,1,true,3,3,false,1000,7,7,7,8
LATE,273,2,1,1,true,3,3,true,10,5,5,1,0,0,8
REGION,273,2,1,1,true,3,3,true,10,5,5,5,8
LATE,273,2,1,1,true,3,3,true,1000,5,5,1,0,0,8
REGION,273,2,1,1,true,3,3,true,1000,5,5,5,8
LATE,273,2,1,1,true,7,7,false,10,10,10,5,0,0,12
REGION,273,2,1,1,true,7,7,false,10,10,10,10,12
LATE,273,2,1,1,true,7,7,false,1000,10,10,5,0,0,12
REGION,273,2,1,1,true,7,7,false,1000,10,10,10,12
LATE,273,2,1,1,true,7,7,true,10,7,7,2,0,0,12
REGION,273,2,1,1,true,7,7,true,10,7,7,7,12
LATE,273,2,1,1,true,7,7,true,1000,7,7,2,0,0,12
REGION,273,2,1,1,true,7,7,true,1000,7,7,7,12
LATE,273,2,1,1,true,1,4,false,10,2,2,0,0,0,0
REGION,273,2,1,1,true,1,4,false,10,2,2,2,0
LATE,273,2,1,1,true,1,4,false,1000,2,0,0,1,1,0
REGION,273,2,1,1,true,1,4,false,1000,2,0,2,0
LATE,273,2,1,1,true,1,4,true,10,0,0,0,0,0,0
REGION,273,2,1,1,true,1,4,true,10,0,0,0,0
LATE,273,2,1,1,true,1,4,true,1000,0,0,0,0,0,0
REGION,273,2,1,1,true,1,4,true,1000,0,0,0,0
LATE,273,2,1,1,true,4,1,false,10,2,2,0,2,0,0
REGION,273,2,1,1,true,4,1,false,10,2,2,2,0
LATE,273,2,1,1,true,4,1,false,1000,2,0,0,1,1,0
REGION,273,2,1,1,true,4,1,false,1000,2,0,2,0
LATE,273,2,1,1,true,4,1,true,10,0,0,0,0,0,0
REGION,273,2,1,1,true,4,1,true,10,0,0,0,0
LATE,273,2,1,1,true,4,1,true,1000,0,0,0,0,0,0
REGION,273,2,1,1,true,4,1,true,1000,0,0,0,0
LATE,273,2,1,3,false,1,1,false,10,3,3,0,0,0,4
REGION,273,2,1,3,false,1,1,false,10,3,3,3,4
LATE,273,2,1,3,false,1,1,false,1000,3,3,0,0,0,4
REGION,273,2,1,3,false,1,1,false,1000,3,3,3,4
LATE,273,2,1,3,false,1,1,true,10,3,3,0,0,0,4
REGION,273,2,1,3,false,1,1,true,10,3,3,3,4
LATE,273,2,1,3,false,1,1,true,1000,3,3,0,0,0,4
REGION,273,2,1,3,false,1,1,true,1000,3,3,3,4
LATE,273,2,1,3,false,3,3,false,10,7,7,3,0,0,8
REGION,273,2,1,3,false,3,3,false,10,7,7,7,8
LATE,273,2,1,3,false,3,3,false,1000,7,7,3,0,0,8
REGION,273,2,1,3,false,3,3,false,1000,7,7,7,8
LATE,273,2,1,3,false,3,3,true,10,5,5,1,0,0,8
REGION,273,2,1,3,false,3,3,true,10,5,5,5,8
LATE,273,2,1,3,false,3,3,true,1000,5,5,1,0,0,8
REGION,273,2,1,3,false,3,3,true,1000,5,5,5,8
LATE,273,2,1,3,false,7,7,false,10,10,10,5,0,0,12
REGION,273,2,1,3,false,7,7,false,10,10,10,10,12
LATE,273,2,1,3,false,7,7,false,1000,10,10,5,0,0,12
REGION,273,2,1,3,false,7,7,false,1000,10,10,10,12
LATE,273,2,1,3,false,7,7,true,10,7,7,2,0,0,12
REGION,273,2,1,3,false,7,7,true,10,7,7,7,12
LATE,273,2,1,3,false,7,7,true,1000,7,7,2,0,0,12
REGION,273,2,1,3,false,7,7,true,1000,7,7,7,12
LATE,273,2,1,3,false,1,4,false,10,2,2,0,0,0,0
REGION,273,2,1,3,false,1,4,false,10,2,2,2,0
LATE,273,2,1,3,false,1,4,false,1000,2,0,0,1,1,0
REGION,273,2,1,3,false,1,4,false,1000,2,0,2,0
LATE,273,2,1,3,false,1,4,true,10,0,0,0,0,0,0
REGION,273,2,1,3,false,1,4,true,10,0,0,0,0
LATE,273,2,1,3,false,1,4,true,1000,0,0,0,0,0,0
REGION,273,2,1,3,false,1,4,true,1000,0,0,0,0
LATE,273,2,1,3,false,4,1,false,10,2,2,0,2,0,0
REGION,273,2,1,3,false,4,1,false,10,2,2,2,0
LATE,273,2,1,3,false,4,1,false,1000,2,0,0,1,1,0
REGION,273,2,1,3,false,4,1,false,1000,2,0,2,0
LATE,273,2,1,3,false,4,1,true,10,0,0,0,0,0,0
REGION,273,2,1,3,false,4,1,true,10,0,0,0,0
LATE,273,2,1,3,false,4,1,true,1000,0,0,0,0,0,0
REGION,273,2,1,3,false,4,1,true,1000,0,0,0,0
LATE,273,2,1,3,true,1,1,false,10,3,3,0,0,0,4
REGION,273,2,1,3,true,1,1,false,10,3,3,3,4
LATE,273,2,1,3,true,1,1,false,1000,3,3,0,0,0,4
REGION,273,2,1,3,true,1,1,false,1000,3,3,3,4
LATE,273,2,1,3,true,1,1,true,10,3,3,0,0,0,4
REGION,273,2,1,3,true,1,1,true,10,3,3,3,4
LATE,273,2,1,3,true,1,1,true,1000,3,3,0,0,0,4
REGION,273,2,1,3,true,1,1,true,1000,3,3,3,4
LATE,273,2,1,3,true,3,3,false,10,7,7,3,0,0,8
REGION,273,2,1,3,true,3,3,false,10,7,7,7,8
LATE,273,2,1,3,true,3,3,false,1000,7,7,3,0,0,8
REGION,273,2,1,3,true,3,3,false,1000,7,7,7,8
LATE,273,2,1,3,true,3,3,true,10,5,5,1,0,0,8
REGION,273,2,1,3,true,3,3,true,10,5,5,5,8
LATE,273,2,1,3,true,3,3,true,1000,5,5,1,0,0,8
REGION,273,2,1,3,true,3,3,true,1000,5,5,5,8
LATE,273,2,1,3,true,7,7,false,10,10,10,5,0,0,12
REGION,273,2,1,3,true,7,7,false,10,10,10,10,12
LATE,273,2,1,3,true,7,7,false,1000,10,10,5,0,0,12
REGION,273,2,1,3,true,7,7,false,1000,10,10,10,12
LATE,273,2,1,3,true,7,7,true,10,7,7,2,0,0,12
REGION,273,2,1,3,true,7,7,true,10,7,7,7,12
LATE,273,2,1,3,true,7,7,true,1000,7,7,2,0,0,12
REGION,273,2,1,3,true,7,7,true,1000,7,7,7,12
LATE,273,2,1,3,true,1,4,false,10,2,2,0,0,0,0
REGION,273,2,1,3,true,1,4,false,10,2,2,2,0
LATE,273,2,1,3,true,1,4,false,1000,2,0,0,1,1,0
REGION,273,2,1,3,true,1,4,false,1000,2,0,2,0
LATE,273,2,1,3,true,1,4,true,10,0,0,0,0,0,0
REGION,273,2,1,3,true,1,4,true,10,0,0,0,0
LATE,273,2,1,3,true,1,4,true,1000,0,0,0,0,0,0
REGION,273,2,1,3,true,1,4,true,1000,0,0,0,0
LATE,273,2,1,3,true,4,1,false,10,2,2,0,2,0,0
REGION,273,2,1,3,true,4,1,false,10,2,2,2,0
LATE,273,2,1,3,true,4,1,false,1000,2,0,0,1,1,0
REGION,273,2,1,3,true,4,1,false,1000,2,0,2,0
LATE,273,2,1,3,true,4,1,true,10,0,0,0,0,0,0
REGION,273,2,1,3,true,4,1,true,10,0,0,0,0
LATE,273,2,1,3,true,4,1,true,1000,0,0,0,0,0,0
REGION,273,2,1,3,true,4,1,true,1000,0,0,0,0
LATE,273,2,4,1,false,1,1,false,10,3,3,0,0,0,4
REGION,273,2,4,1,false,1,1,false,10,3,3,3,4
LATE,273,2,4,1,false,1,1,false,1000,3,3,0,0,0,4
REGION,273,2,4,1,false,1,1,false,1000,3,3,3,4
LATE,273,2,4,1,false,1,1,true,10,3,3,0,0,0,4
REGION,273,2,4,1,false,1,1,true,10,3,3,3,4
LATE,273,2,4,1,false,1,1,true,1000,3,3,0,0,0,4
REGION,273,2,4,1,false,1,1,true,1000,3,3,3,4
LATE,273,2,4,1,false,3,3,false,10,7,7,3,0,0,8
REGION,273,2,4,1,false,3,3,false,10,7,7,7,8
LATE,273,2,4,1,false,3,3,false,1000,7,7,3,0,0,8
REGION,273,2,4,1,false,3,3,false,1000,7,7,7,8
LATE,273,2,4,1,false,3,3,true,10,5,5,1,0,0,8
REGION,273,2,4,1,false,3,3,true,10,5,5,5,8
LATE,273,2,4,1,false,3,3,true,1000,5,5,1,0,0,8
REGION,273,2,4,1,false,3,3,true,1000,5,5,5,8
LATE,273,2,4,1,false,7,7,false,10,10,10,5,0,0,12
REGION,273,2,4,1,false,7,7,false,10,10,10,10,12
LATE,273,2,4,1,false,7,7,false,1000,10,10,5,0,0,12
REGION,273,2,4,1,false,7,7,false,1000,10,10,10,12
LATE,273,2,4,1,false,7,7,true,10,7,7,2,0,0,12
REGION,273,2,4,1,false,7,7,true,10,7,7,7,12
LATE,273,2,4,1,false,7,7,true,1000,7,7,2,0,0,12
REGION,273,2,4,1,false,7,7,true,1000,7,7,7,12
LATE,273,2,4,1,false,1,4,false,10,2,2,0,0,0,0
REGION,273,2,4,1,false,1,4,false,10,2,2,2,0
LATE,273,2,4,1,false,1,4,false,1000,2,0,0,1,1,0
REGION,273,2,4,1,false,1,4,false,1000,2,0,2,0
LATE,273,2,4,1,false,1,4,true,10,0,0,0,0,0,0
REGION,273,2,4,1,false,1,4,true,10,0,0,0,0
LATE,273,2,4,1,false,1,4,true,1000,0,0,0,0,0,0
REGION,273,2,4,1,false,1,4,true,1000,0,0,0,0
LATE,273,2,4,1,false,4,1,false,10,2,2,0,2,0,0
REGION,273,2,4,1,false,4,1,false,10,2,2,2,0
LATE,273,2,4,1,false,4,1,false,1000,2,0,0,2,1,0
REGION,273,2,4,1,false,4,1,false,1000,2,0,2,0
LATE,273,2,4,1,false,4,1,true,10,0,0,0,0,0,0
REGION,273,2,4,1,false,4,1,true,10,0,0,0,0
LATE,273,2,4,1,false,4,1,true,1000,0,0,0,0,0,0
REGION,273,2,4,1,false,4,1,true,1000,0,0,0,0
LATE,273,2,4,1,true,1,1,false,10,3,3,0,0,0,4
REGION,273,2,4,1,true,1,1,false,10,3,3,3,4
LATE,273,2,4,1,true,1,1,false,1000,3,3,0,0,0,4
REGION,273,2,4,1,true,1,1,false,1000,3,3,3,4
LATE,273,2,4,1,true,1,1,true,10,3,3,0,0,0,4
REGION,273,2,4,1,true,1,1,true,10,3,3,3,4
LATE,273,2,4,1,true,1,1,true,1000,3,3,0,0,0,4
REGION,273,2,4,1,true,1,1,true,1000,3,3,3,4
LATE,273,2,4,1,true,3,3,false,10,7,7,3,0,0,8
REGION,273,2,4,1,true,3,3,false,10,7,7,7,8
LATE,273,2,4,1,true,3,3,false,1000,7,7,3,0,0,8
REGION,273,2,4,1,true,3,3,false,1000,7,7,7,8
LATE,273,2,4,1,true,3,3,true,10,5,5,1,0,0,8
REGION,273,2,4,1,true,3,3,true,10,5,5,5,8
LATE,273,2,4,1,true,3,3,true,1000,5,5,1,0,0,8
REGION,273,2,4,1,true,3,3,true,1000,5,5,5,8
LATE,273,2,4,1,true,7,7,false,10,10,10,5,0,0,12
REGION,273,2,4,1,true,7,7,false,10,10,10,10,12
LATE,273,2,4,1,true,7,7,false,1000,10,10,5,0,0,12
REGION,273,2,4,1,true,7,7,false,1000,10,10,10,12
LATE,273,2,4,1,true,7,7,true,10,7,7,2,0,0,12
REGION,273,2,4,1,true,7,7,true,10,7,7,7,12
LATE,273,2,4,1,true,7,7,true,1000,7,7,2,0,0,12
REGION,273,2,4,1,true,7,7,true,1000,7,7,7,12
LATE,273,2,4,1,true,1,4,false,10,2,2,0,0,0,0
REGION,273,2,4,1,true,1,4,false,10,2,2,2,0
LATE,273,2,4,1,true,1,4,false,1000,2,0,0,1,1,0
REGION,273,2,4,1,true,1,4,false,1000,2,0,2,0
LATE,273,2,4,1,true,1,4,true,10,0,0,0,0,0,0
REGION,273,2,4,1,true,1,4,true,10,0,0,0,0
LATE,273,2,4,1,true,1,4,true,1000,0,0,0,0,0,0
REGION,273,2,4,1,true,1,4,true,1000,0,0,0,0
LATE,273,2,4,1,true,4,1,false,10,2,2,0,2,0,0
REGION,273,2,4,1,true,4,1,false,10,2,2,2,0
LATE,273,2,4,1,true,4,1,false,1000,2,0,0,2,1,0
REGION,273,2,4,1,true,4,1,false,1000,2,0,2,0
LATE,273,2,4,1,true,4,1,true,10,0,0,0,0,0,0
REGION,273,2,4,1,true,4,1,true,10,0,0,0,0
LATE,273,2,4,1,true,4,1,true,1000,0,0,0,0,0,0
REGION,273,2,4,1,true,4,1,true,1000,0,0,0,0
LATE,273,2,4,3,false,1,1,false,10,3,3,0,0,0,4
REGION,273,2,4,3,false,1,1,false,10,3,3,3,4
LATE,273,2,4,3,false,1,1,false,1000,3,3,0,0,0,4
REGION,273,2,4,3,false,1,1,false,1000,3,3,3,4
LATE,273,2,4,3,false,1,1,true,10,3,3,0,0,0,4
REGION,273,2,4,3,false,1,1,true,10,3,3,3,4
LATE,273,2,4,3,false,1,1,true,1000,3,3,0,0,0,4
REGION,273,2,4,3,false,1,1,true,1000,3,3,3,4
LATE,273,2,4,3,false,3,3,false,10,7,7,3,0,0,8
REGION,273,2,4,3,false,3,3,false,10,7,7,7,8
LATE,273,2,4,3,false,3,3,false,1000,7,7,3,0,0,8
REGION,273,2,4,3,false,3,3,false,1000,7,7,7,8
LATE,273,2,4,3,false,3,3,true,10,5,5,1,0,0,8
REGION,273,2,4,3,false,3,3,true,10,5,5,5,8
LATE,273,2,4,3,false,3,3,true,1000,5,5,1,0,0,8
REGION,273,2,4,3,false,3,3,true,1000,5,5,5,8
LATE,273,2,4,3,false,7,7,false,10,10,10,5,0,0,12
REGION,273,2,4,3,false,7,7,false,10,10,10,10,12
LATE,273,2,4,3,false,7,7,false,1000,10,10,5,0,0,12
REGION,273,2,4,3,false,7,7,false,1000,10,10,10,12
LATE,273,2,4,3,false,7,7,true,10,7,7,2,0,0,12
REGION,273,2,4,3,false,7,7,true,10,7,7,7,12
LATE,273,2,4,3,false,7,7,true,1000,7,7,2,0,0,12
REGION,273,2,4,3,false,7,7,true,1000,7,7,7,12
LATE,273,2,4,3,false,1,4,false,10,2,2,0,0,0,0
REGION,273,2,4,3,false,1,4,false,10,2,2,2,0
LATE,273,2,4,3,false,1,4,false,1000,2,0,0,1,1,0
REGION,273,2,4,3,false,1,4,false,1000,2,0,2,0
LATE,273,2,4,3,false,1,4,true,10,0,0,0,0,0,0
REGION,273,2,4,3,false,1,4,true,10,0,0,0,0
LATE,273,2,4,3,false,1,4,true,1000,0,0,0,0,0,0
REGION,273,2,4,3,false,1,4,true,1000,0,0,0,0
LATE,273,2,4,3,false,4,1,false,10,2,2,0,2,0,0
REGION,273,2,4,3,false,4,1,false,10,2,2,2,0
LATE,273,2,4,3,false,4,1,false,1000,2,0,0,2,1,0
REGION,273,2,4,3,false,4,1,false,1000,2,0,2,0
LATE,273,2,4,3,false,4,1,true,10,0,0,0,0,0,0
REGION,273,2,4,3,false,4,1,true,10,0,0,0,0
LATE,273,2,4,3,false,4,1,true,1000,0,0,0,0,0,0
REGION,273,2,4,3,false,4,1,true,1000,0,0,0,0
LATE,273,2,4,3,true,1,1,false,10,3,3,0,0,0,4
REGION,273,2,4,3,true,1,1,false,10,3,3,3,4
LATE,273,2,4,3,true,1,1,false,1000,3,3,0,0,0,4
REGION,273,2,4,3,true,1,1,false,1000,3,3,3,4
LATE,273,2,4,3,true,1,1,true,10,3,3,0,0,0,4
REGION,273,2,4,3,true,1,1,true,10,3,3,3,4
LATE,273,2,4,3,true,1,1,true,1000,3,3,0,0,0,4
REGION,273,2,4,3,true,1,1,true,1000,3,3,3,4
LATE,273,2,4,3,true,3,3,false,10,7,7,3,0,0,8
REGION,273,2,4,3,true,3,3,false,10,7,7,7,8
LATE,273,2,4,3,true,3,3,false,1000,7,7,3,0,0,8
REGION,273,2,4,3,true,3,3,false,1000,7,7,7,8
LATE,273,2,4,3,true,3,3,true,10,5,5,1,0,0,8
REGION,273,2,4,3,true,3,3,true,10,5,5,5,8
LATE,273,2,4,3,true,3,3,true,1000,5,5,1,0,0,8
REGION,273,2,4,3,true,3,3,true,1000,5,5,5,8
LATE,273,2,4,3,true,7,7,false,10,10,10,5,0,0,12
REGION,273,2,4,3,true,7,7,false,10,10,10,10,12
LATE,273,2,4,3,true,7,7,false,1000,10,10,5,0,0,12
REGION,273,2,4,3,true,7,7,false,1000,10,10,10,12
LATE,273,2,4,3,true,7,7,true,10,7,7,2,0,0,12
REGION,273,2,4,3,true,7,7,true,10,7,7,7,12
LATE,273,2,4,3,true,7,7,true,1000,7,7,2,0,0,12
REGION,273,2,4,3,true,7,7,true,1000,7,7,7,12
LATE,273,2,4,3,true,1,4,false,10,2,2,0,0,0,0
REGION,273,2,4,3,true,1,4,false,10,2,2,2,0
LATE,273,2,4,3,true,1,4,false,1000,2,0,0,1,1,0
REGION,273,2,4,3,true,1,4,false,1000,2,0,2,0
LATE,273,2,4,3,true,1,4,true,10,0,0,0,0,0,0
REGION,273,2,4,3,true,1,4,true,10,0,0,0,0
LATE,273,2,4,3,true,1,4,true,1000,0,0,0,0,0,0
REGION,273,2,4,3,true,1,4,true,1000,0,0,0,0
LATE,273,2,4,3,true,4,1,false,10,2,2,0,2,0,0
REGION,273,2,4,3,true,4,1,false,10,2,2,2,0
LATE,273,2,4,3,true,4,1,false,1000,2,0,0,2,1,0
REGION,273,2,4,3,true,4,1,false,1000,2,0,2,0
LATE,273,2,4,3,true,4,1,true,10,0,0,0,0,0,0
REGION,273,2,4,3,true,4,1,true,10,0,0,0,0
LATE,273,2,4,3,true,4,1,true,1000,0,0,0,0,0,0
REGION,273,2,4,3,true,4,1,true,1000,0,0,0,0
LATE,238,1,0,1,false,1,1,false,10,2,2,0,0,0,0
REGION,238,1,0,1,false,1,1,false,10,2,2,2,0
LATE,238,1,0,1,false,1,1,false,1000,2,2,0,0,0,0
REGION,238,1,0,1,false,1,1,false,1000,2,2,2,0
LATE,238,1,0,1,false,1,1,true,10,2,2,0,0,0,0
REGION,238,1,0,1,false,1,1,true,10,2,2,2,0
LATE,238,1,0,1,false,1,1,true,1000,2,2,0,0,0,0
REGION,238,1,0,1,false,1,1,true,1000,2,2,2,0
LATE,238,1,0,1,false,3,3,false,10,7,7,3,0,0,2
REGION,238,1,0,1,false,3,3,false,10,7,7,7,2
LATE,238,1,0,1,false,3,3,false,1000,7,7,3,0,0,2
REGION,238,1,0,1,false,3,3,false,1000,7,7,7,2
LATE,238,1,0,1,false,3,3,true,10,2,2,0,0,0,0
REGION,238,1,0,1,false,3,3,true,10,2,2,2,0
LATE,238,1,0,1,false,3,3,true,1000,2,2,0,0,0,0
REGION,238,1,0,1,false,3,3,true,1000,2,2,2,0
LATE,238,1,0,1,false,7,7,false,10,16,16,8,0,0,6
REGION,238,1,0,1,false,7,7,false,10,16,16,16,6
LATE,238,1,0,1,false,7,7,false,1000,16,16,8,0,0,6
REGION,238,1,0,1,false,7,7,false,1000,16,16,16,6
LATE,238,1,0,1,false,7,7,true,10,2,2,0,0,0,0
REGION,238,1,0,1,false,7,7,true,10,2,2,2,0
LATE,238,1,0,1,false,7,7,true,1000,2,2,0,0,0,0
REGION,238,1,0,1,false,7,7,true,1000,2,2,2,0
LATE,238,1,0,1,false,1,4,false,10,3,3,0,0,0,1
REGION,238,1,0,1,false,1,4,false,10,3,3,3,1
LATE,238,1,0,1,false,1,4,false,1000,3,3,0,0,0,1
REGION,238,1,0,1,false,1,4,false,1000,3,3,3,1
LATE,238,1,0,1,false,1,4,true,10,0,0,0,0,0,0
REGION,238,1,0,1,false,1,4,true,10,0,0,0,0
LATE,238,1,0,1,false,1,4,true,1000,0,0,0,0,0,0
REGION,238,1,0,1,false,1,4,true,1000,0,0,0,0
LATE,238,1,0,1,false,4,1,false,10,3,3,0,0,0,1
REGION,238,1,0,1,false,4,1,false,10,3,3,3,1
LATE,238,1,0,1,false,4,1,false,1000,3,3,0,0,0,1
REGION,238,1,0,1,false,4,1,false,1000,3,3,3,1
LATE,238,1,0,1,false,4,1,true,10,0,0,0,0,0,0
REGION,238,1,0,1,false,4,1,true,10,0,0,0,0
LATE,238,1,0,1,false,4,1,true,1000,0,0,0,0,0,0
REGION,238,1,0,1,false,4,1,true,1000,0,0,0,0
LATE,238,1,0,1,true,1,1,false,10,2,2,0,0,0,0
REGION,238,1,0,1,true,1,1,false,10,2,2,2,0
LATE,238,1,0,1,true,1,1,false,1000,2,2,0,0,0,0
REGION,238,1,0,1,true,1,1,false,1000,2,2,2,0
LATE,238,1,0,1,true,1,1,true,10,2,2,0,0,0,0
REGION,238,1,0,1,true,1,1,true,10,2,2,2,0
LATE,238,1,0,1,true,1,1,true,1000,2,2,0,0,0,0
REGION,238,1,0,1,true,1,1,true,1000,2,2,2,0
LATE,238,1,0,1,true,3,3,false,10,7,7,3,0,0,2
REGION,238,1,0,1,true,3,3,false,10,7,7,7,2
LATE,238,1,0,1,true,3,3,false,1000,7,7,3,0,0,2
REGION,238,1,0,1,true,3,3,false,1000,7,7,7,2
LATE,238,1,0,1,true,3,3,true,10,2,2,0,0,0,0
REGION,238,1,0,1,true,3,3,true,10,2,2,2,0
LATE,238,1,0,1,true,3,3,true,1000,2,2,0,0,0,0
REGION,238,1,0,1,true,3,3,true,1000,2,2,2,0
LATE,238,1,0,1,true,7,7,false,10,16,16,8,0,0,6
REGION,238,1,0,1,true,7,7,false,10,16,16,16,6
LATE,238,1,0,1,true,7,7,false,1000,16,16,8,0,0,6
REGION,238,1,0,1,true,7,7,false,1000,16,16,16,6
LATE,238,1,0,1,true,7,7,true,10,2,2,0,0,0,0
REGION,238,1,0,1,true,7,7,true,10,2,2,2,0
LATE,238,1,0,1,true,7,7,true,1000,2,2,0,0,0,0
REGION,238,1,0,1,true,7,7,true,1000,2,2,2,0
LATE,238,1,0,1,true,1,4,false,10,3,3,0,0,0,1
REGION,238,1,0,1,true,1,4,false,10,3,3,3,1
LATE,238,1,0,1,true,1,4,false,1000,3,3,0,0,0,1
REGION,238,1,0,1,true,1,4,false,1000,3,3,3,1
LATE,238,1,0,1,true,1,4,true,10,0,0,0,0,0,0
REGION,238,1,0,1,true,1,4,true,10,0,0,0,0
LATE,238,1,0,1,true,1,4,true,1000,0,0,0,0,0,0
REGION,238,1,0,1,true,1,4,true,1000,0,0,0,0
LATE,238,1,0,1,true,4,1,false,10,3,3,0,0,0,1
REGION,238,1,0,1,true,4,1,false,10,3,3,3,1
LATE,238,1,0,1,true,4,1,false,1000,3,3,0,0,0,1
REGION,238,1,0,1,true,4,1,false,1000,3,3,3,1
LATE,238,1,0,1,true,4,1,true,10,0,0,0,0,0,0
REGION,238,1,0,1,true,4,1,true,10,0,0,0,0
LATE,238,1,0,1,true,4,1,true,1000,0,0,0,0,0,0
REGION,238,1,0,1,true,4,1,true,1000,0,0,0,0
LATE,238,1,0,3,false,1,1,false,10,2,2,0,0,0,0
REGION,238,1,0,3,false,1,1,false,10,2,2,2,0
LATE,238,1,0,3,false,1,1,false,1000,2,2,0,0,0,0
REGION,238,1,0,3,false,1,1,false,1000,2,2,2,0
LATE,238,1,0,3,false,1,1,true,10,2,2,0,0,0,0
REGION,238,1,0,3,false,1,1,true,10,2,2,2,0
LATE,238,1,0,3,false,1,1,true,1000,2,2,0,0,0,0
REGION,238,1,0,3,false,1,1,true,1000,2,2,2,0
LATE,238,1,0,3,false,3,3,false,10,7,7,3,0,0,2
REGION,238,1,0,3,false,3,3,false,10,7,7,7,2
LATE,238,1,0,3,false,3,3,false,1000,7,7,3,0,0,2
REGION,238,1,0,3,false,3,3,false,1000,7,7,7,2
LATE,238,1,0,3,false,3,3,true,10,2,2,0,0,0,0
REGION,238,1,0,3,false,3,3,true,10,2,2,2,0
LATE,238,1,0,3,false,3,3,true,1000,2,2,0,0,0,0
REGION,238,1,0,3,false,3,3,true,1000,2,2,2,0
LATE,238,1,0,3,false,7,7,false,10,16,16,8,0,0,6
REGION,238,1,0,3,false,7,7,false,10,16,16,16,6
LATE,238,1,0,3,false,7,7,false,1000,16,16,8,0,0,6
REGION,238,1,0,3,false,7,7,false,1000,16,16,16,6
LATE,238,1,0,3,false,7,7,true,10,2,2,0,0,0,0
REGION,238,1,0,3,false,7,7,true,10,2,2,2,0
LATE,238,1,0,3,false,7,7,true,1000,2,2,0,0,0,0
REGION,238,1,0,3,false,7,7,true,1000,2,2,2,0
LATE,238,1,0,3,false,1,4,false,10,3,3,0,0,0,1
REGION,238,1,0,3,false,1,4,false,10,3,3,3,1
LATE,238,1,0,3,false,1,4,false,1000,3,3,0,0,0,1
REGION,238,1,0,3,false,1,4,false,1000,3,3,3,1
LATE,238,1,0,3,false,1,4,true,10,0,0,0,0,0,0
REGION,238,1,0,3,false,1,4,true,10,0,0,0,0
LATE,238,1,0,3,false,1,4,true,1000,0,0,0,0,0,0
REGION,238,1,0,3,false,1,4,true,1000,0,0,0,0
LATE,238,1,0,3,false,4,1,false,10,3,3,0,0,0,1
REGION,238,1,0,3,false,4,1,false,10,3,3,3,1
LATE,238,1,0,3,false,4,1,false,1000,3,3,0,0,0,1
REGION,238,1,0,3,false,4,1,false,1000,3,3,3,1
LATE,238,1,0,3,false,4,1,true,10,0,0,0,0,0,0
REGION,238,1,0,3,false,4,1,true,10,0,0,0,0
LATE,238,1,0,3,false,4,1,true,1000,0,0,0,0,0,0
REGION,238,1,0,3,false,4,1,true,1000,0,0,0,0
LATE,238,1,0,3,true,1,1,false,10,2,2,0,0,0,0
REGION,238,1,0,3,true,1,1,false,10,2,2,2,0
LATE,238,1,0,3,true,1,1,false,1000,2,2,0,0,0,0
REGION,238,1,0,3,true,1,1,false,1000,2,2,2,0
LATE,238,1,0,3,true,1,1,true,10,2,2,0,0,0,0
REGION,238,1,0,3,true,1,1,true,10,2,2,2,0
LATE,238,1,0,3,true,1,1,true,1000,2,2,0,0,0,0
REGION,238,1,0,3,true,1,1,true,1000,2,2,2,0
LATE,238,1,0,3,true,3,3,false,10,7,7,3,0,0,2
REGION,238,1,0,3,true,3,3,false,10,7,7,7,2
LATE,238,1,0,3,true,3,3,false,1000,7,7,3,0,0,2
REGION,238,1,0,3,true,3,3,false,1000,7,7,7,2
LATE,238,1,0,3,true,3,3,true,10,2,2,0,0,0,0
REGION,238,1,0,3,true,3,3,true,10,2,2,2,0
LATE,238,1,0,3,true,3,3,true,1000,2,2,0,0,0,0
REGION,238,1,0,3,true,3,3,true,1000,2,2,2,0
LATE,238,1,0,3,true,7,7,false,10,16,16,8,0,0,6
REGION,238,1,0,3,true,7,7,false,10,16,16,16,6
LATE,238,1,0,3,true,7,7,false,1000,16,16,8,0,0,6
REGION,238,1,0,3,true,7,7,false,1000,16,16,16,6
LATE,238,1,0,3,true,7,7,true,10,2,2,0,0,0,0
REGION,238,1,0,3,true,7,7,true,10,2,2,2,0
LATE,238,1,0,3,true,7,7,true,1000,2,2,0,0,0,0
REGION,238,1,0,3,true,7,7,true,1000,2,2,2,0
LATE,238,1,0,3,true,1,4,false,10,3,3,0,0,0,1
REGION,238,1,0,3,true,1,4,false,10,3,3,3,1
LATE,238,1,0,3,true,1,4,false,1000,3,3,0,0,0,1
REGION,238,1,0,3,true,1,4,false,1000,3,3,3,1
LATE,238,1,0,3,true,1,4,true,10,0,0,0,0,0,0
REGION,238,1,0,3,true,1,4,true,10,0,0,0,0
LATE,238,1,0,3,true,1,4,true,1000,0,0,0,0,0,0
REGION,238,1,0,3,true,1,4,true,1000,0,0,0,0
LATE,238,1,0,3,true,4,1,false,10,3,3,0,0,0,1
REGION,238,1,0,3,true,4,1,false,10,3,3,3,1
LATE,238,1,0,3,true,4,1,false,1000,3,3,0,0,0,1
REGION,238,1,0,3,true,4,1,false,1000,3,3,3,1
LATE,238,1,0,3,true,4,1,true,10,0,0,0,0,0,0
REGION,238,1,0,3,true,4,1,true,10,0,0,0,0
LATE,238,1,0,3,true,4,1,true,1000,0,0,0,0,0,0
REGION,238,1,0,3,true,4,1,true,1000,0,0,0,0
LATE,238,1,1,1,false,1,1,false,10,2,0,0,1,1,0
REGION,238,1,1,1,false,1,1,false,10,2,0,2,0
LATE,238,1,1,1,false,1,1,false,1000,2,0,0,1,1,0
REGION,238,1,1,1,false,1,1,false,1000,2,0,2,0
LATE,238,1,1,1,false,1,1,true,10,2,2,0,2,0,0
REGION,238,1,1,1,false,1,1,true,10,2,2,2,0
LATE,238,1,1,1,false,1,1,true,1000,2,0,0,1,1,0
REGION,238,1,1,1,false,1,1,true,1000,2,0,2,0
LATE,238,1,1,1,false,3,3,false,10,7,7,3,7,0,2
REGION,238,1,1,1,false,3,3,false,10,7,7,7,2
LATE,238,1,1,1,false,3,3,false,1000,7,7,3,7,0,2
REGION,238,1,1,1,false,3,3,false,1000,7,7,7,2
LATE,238,1,1,1,false,3,3,true,10,2,2,0,2,0,0
REGION,238,1,1,1,false,3,3,true,10,2,2,2,0
LATE,238,1,1,1,false,3,3,true,1000,2,0,0,1,1,0
REGION,238,1,1,1,false,3,3,true,1000,2,0,2,0
LATE,238,1,1,1,false,7,7,false,10,16,16,8,16,0,6
REGION,238,1,1,1,false,7,7,false,10,16,16,16,6
LATE,238,1,1,1,false,7,7,false,1000,16,16,8,16,0,6
REGION,238,1,1,1,false,7,7,false,1000,16,16,16,6
LATE,238,1,1,1,false,7,7,true,10,2,2,0,2,0,0
REGION,238,1,1,1,false,7,7,true,10,2,2,2,0
LATE,238,1,1,1,false,7,7,true,1000,2,0,0,1,1,0
REGION,238,1,1,1,false,7,7,true,1000,2,0,2,0
LATE,238,1,1,1,false,1,4,false,10,3,3,0,3,0,1
REGION,238,1,1,1,false,1,4,false,10,3,3,3,1
LATE,238,1,1,1,false,1,4,false,1000,3,3,0,3,0,1
REGION,238,1,1,1,false,1,4,false,1000,3,3,3,1
LATE,238,1,1,1,false,1,4,true,10,0,0,0,0,0,0
REGION,238,1,1,1,false,1,4,true,10,0,0,0,0
LATE,238,1,1,1,false,1,4,true,1000,0,0,0,0,0,0
REGION,238,1,1,1,false,1,4,true,1000,0,0,0,0
LATE,238,1,1,1,false,4,1,false,10,3,3,0,3,0,1
REGION,238,1,1,1,false,4,1,false,10,3,3,3,1
LATE,238,1,1,1,false,4,1,false,1000,3,3,0,3,0,1
REGION,238,1,1,1,false,4,1,false,1000,3,3,3,1
LATE,238,1,1,1,false,4,1,true,10,0,0,0,0,0,0
REGION,238,1,1,1,false,4,1,true,10,0,0,0,0
LATE,238,1,1,1,false,4,1,true,1000,0,0,0,0,0,0
REGION,238,1,1,1,false,4,1,true,1000,0,0,0,0
LATE,238,1,1,1,true,1,1,false,10,2,2,0,2,0,0
REGION,238,1,1,1,true,1,1,false,10,2,2,2,0
LATE,238,1,1,1,true,1,1,false,1000,2,0,0,1,1,0
REGION,238,1,1,1,true,1,1,false,1000,2,0,2,0
LATE,238,1,1,1,true,1,1,true,10,2,2,0,2,0,0
REGION,238,1,1,1,true,1,1,true,10,2,2,2,0
LATE,238,1,1,1,true,1,1,true,1000,2,0,0,1,1,0
REGION,238,1,1,1,true,1,1,true,1000,2,0,2,0
LATE,238,1,1,1,true,3,3,false,10,7,7,3,7,0,2
REGION,238,1,1,1,true,3,3,false,10,7,7,7,2
LATE,238,1,1,1,true,3,3,false,1000,7,7,3,7,0,2
REGION,238,1,1,1,true,3,3,false,1000,7,7,7,2
LATE,238,1,1,1,true,3,3,true,10,2,2,0,2,0,0
REGION,238,1,1,1,true,3,3,true,10,2,2,2,0
LATE,238,1,1,1,true,3,3,true,1000,2,0,0,1,1,0
REGION,238,1,1,1,true,3,3,true,1000,2,0,2,0
LATE,238,1,1,1,true,7,7,false,10,16,16,8,16,0,6
REGION,238,1,1,1,true,7,7,false,10,16,16,16,6
LATE,238,1,1,1,true,7,7,false,1000,16,16,8,16,0,6
REGION,238,1,1,1,true,7,7,false,1000,16,16,16,6
LATE,238,1,1,1,true,7,7,true,10,2,2,0,2,0,0
REGION,238,1,1,1,true,7,7,true,10,2,2,2,0
LATE,238,1,1,1,true,7,7,true,1000,2,0,0,1,1,0
REGION,238,1,1,1,true,7,7,true,1000,2,0,2,0
LATE,238,1,1,1,true,1,4,false,10,3,3,0,3,0,1
REGION,238,1,1,1,true,1,4,false,10,3,3,3,1
LATE,238,1,1,1,true,1,4,false,1000,3,3,0,3,0,1
REGION,238,1,1,1,true,1,4,false,1000,3,3,3,1
LATE,238,1,1,1,true,1,4,true,10,0,0,0,0,0,0
REGION,238,1,1,1,true,1,4,true,10,0,0,0,0
LATE,238,1,1,1,true,1,4,true,1000,0,0,0,0,0,0
REGION,238,1,1,1,true,1,4,true,1000,0,0,0,0
LATE,238,1,1,1,true,4,1,false,10,3,3,0,3,0,1
REGION,238,1,1,1,true,4,1,false,10,3,3,3,1
LATE,238,1,1,1,true,4,1,false,1000,3,3,0,3,0,1
REGION,238,1,1,1,true,4,1,false,1000,3,3,3,1
LATE,238,1,1,1,true,4,1,true,10,0,0,0,0,0,0
REGION,238,1,1,1,true,4,1,true,10,0,0,0,0
LATE,238,1,1,1,true,4,1,true,1000,0,0,0,0,0,0
REGION,238,1,1,1,true,4,1,true,1000,0,0,0,0
LATE,238,1,1,3,false,1,1,false,10,2,2,0,0,0,0
REGION,238,1,1,3,false,1,1,false,10,2,2,2,0
LATE,238,1,1,3,false,1,1,false,1000,2,0,0,1,1,0
REGION,238,1,1,3,false,1,1,false,1000,2,0,2,0
LATE,238,1,1,3,false,1,1,true,10,2,2,0,2,0,0
REGION,238,1,1,3,false,1,1,true,10,2,2,2,0
LATE,238,1,1,3,false,1,1,true,1000,2,0,0,1,1,0
REGION,238,1,1,3,false,1,1,true,1000,2,0,2,0
LATE,238,1,1,3,false,3,3,false,10,7,7,3,7,0,2
REGION,238,1,1,3,false,3,3,false,10,7,7,7,2
LATE,238,1,1,3,false,3,3,false,1000,7,7,3,7,0,2
REGION,238,1,1,3,false,3,3,false,1000,7,7,7,2
LATE,238,1,1,3,false,3,3,true,10,2,2,0,2,0,0
REGION,238,1,1,3,false,3,3,true,10,2,2,2,0
LATE,238,1,1,3,false,3,3,true,1000,2,0,0,1,1,0
REGION,238,1,1,3,false,3,3,true,1000,2,0,2,0
LATE,238,1,1,3,false,7,7,false,10,16,16,8,16,0,6
REGION,238,1,1,3,false,7,7,false,10,16,16,16,6
LATE,238,1,1,3,false,7,7,false,1000,16,16,8,16,0,6
REGION,238,1,1,3,false,7,7,false,1000,16,16,16,6
LATE,238,1,1,3,false,7,7,true,10,2,2,0,2,0,0
REGION,238,1,1,3,false,7,7,true,10,2,2,2,0
LATE,238,1,1,3,false,7,7,true,1000,2,0,0,1,1,0
REGION,238,1,1,3,false,7,7,true,1000,2,0,2,0
LATE,238,1,1,3,false,1,4,false,10,3,3,0,3,0,1
REGION,238,1,1,3,false,1,4,false,10,3,3,3,1
LATE,238,1,1,3,false,1,4,false,1000,3,3,0,3,0,1
REGION,238,1,1,3,false,1,4,false,1000,3,3,3,1
LATE,238,1,1,3,false,1,4,true,10,0,0,0,0,0,0
REGION,238,1,1,3,false,1,4,true,10,0,0,0,0
LATE,238,1,1,3,false,1,4,true,1000,0,0,0,0,0,0
REGION,238,1,1,3,false,1,4,true,1000,0,0,0,0
LATE,238,1,1,3,false,4,1,false,10,3,3,0,3,0,1
REGION,238,1,1,3,false,4,1,false,10,3,3,3,1
LATE,238,1,1,3,false,4,1,false,1000,3,3,0,3,0,1
REGION,238,1,1,3,false,4,1,false,1000,3,3,3,1
LATE,238,1,1,3,false,4,1,true,10,0,0,0,0,0,0
REGION,238,1,1,3,false,4,1,true,10,0,0,0,0
LATE,238,1,1,3,false,4,1,true,1000,0,0,0,0,0,0
REGION,238,1,1,3,false,4,1,true,1000,0,0,0,0
LATE,238,1,1,3,true,1,1,false,10,2,2,0,2,0,0
REGION,238,1,1,3,true,1,1,false,10,2,2,2,0
LATE,238,1,1,3,true,1,1,false,1000,2,0,0,1,1,0
REGION,238,1,1,3,true,1,1,false,1000,2,0,2,0
LATE,238,1,1,3,true,1,1,true,10,2,2,0,2,0,0
REGION,238,1,1,3,true,1,1,true,10,2,2,2,0
LATE,238,1,1,3,true,1,1,true,1000,2,0,0,1,1,0
REGION,238,1,1,3,true,1,1,true,1000,2,0,2,0
LATE,238,1,1,3,true,3,3,false,10,7,7,3,7,0,2
REGION,238,1,1,3,true,3,3,false,10,7,7,7,2
LATE,238,1,1,3,true,3,3,false,1000,7,7,3,7,0,2
REGION,238,1,1,3,true,3,3,false,1000,7,7,7,2
LATE,238,1,1,3,true,3,3,true,10,2,2,0,2,0,0
REGION,238,1,1,3,true,3,3,true,10,2,2,2,0
LATE,238,1,1,3,true,3,3,true,1000,2,0,0,1,1,0
REGION,238,1,1,3,true,3,3,true,1000,2,0,2,0
LATE,238,1,1,3,true,7,7,false,10,16,16,8,16,0,6
REGION,238,1,1,3,true,7,7,false,10,16,16,16,6
LATE,238,1,1,3,true,7,7,false,1000,16,16,8,16,0,6
REGION,238,1,1,3,true,7,7,false,1000,16,16,16,6
LATE,238,1,1,3,true,7,7,true,10,2,2,0,2,0,0
REGION,238,1,1,3,true,7,7,true,10,2,2,2,0
LATE,238,1,1,3,true,7,7,true,1000,2,0,0,1,1,0
REGION,238,1,1,3,true,7,7,true,1000,2,0,2,0
LATE,238,1,1,3,true,1,4,false,10,3,3,0,3,0,1
REGION,238,1,1,3,true,1,4,false,10,3,3,3,1
LATE,238,1,1,3,true,1,4,false,1000,3,3,0,3,0,1
REGION,238,1,1,3,true,1,4,false,1000,3,3,3,1
LATE,238,1,1,3,true,1,4,true,10,0,0,0,0,0,0
REGION,238,1,1,3,true,1,4,true,10,0,0,0,0
LATE,238,1,1,3,true,1,4,true,1000,0,0,0,0,0,0
REGION,238,1,1,3,true,1,4,true,1000,0,0,0,0
LATE,238,1,1,3,true,4,1,false,10,3,3,0,3,0,1
REGION,238,1,1,3,true,4,1,false,10,3,3,3,1
LATE,238,1,1,3,true,4,1,false,1000,3,3,0,3,0,1
REGION,238,1,1,3,true,4,1,false,1000,3,3,3,1
LATE,238,1,1,3,true,4,1,true,10,0,0,0,0,0,0
REGION,238,1,1,3,true,4,1,true,10,0,0,0,0
LATE,238,1,1,3,true,4,1,true,1000,0,0,0,0,0,0
REGION,238,1,1,3,true,4,1,true,1000,0,0,0,0
LATE,238,1,4,1,false,1,1,false,10,2,0,0,1,1,0
REGION,238,1,4,1,false,1,1,false,10,2,0,2,0
LATE,238,1,4,1,false,1,1,false,1000,2,0,0,1,1,0
REGION,238,1,4,1,false,1,1,false,1000,2,0,2,0
LATE,238,1,4,1,false,1,1,true,10,2,2,0,2,0,0
REGION,238,1,4,1,false,1,1,true,10,2,2,2,0
LATE,238,1,4,1,false,1,1,true,1000,2,0,0,2,1,0
REGION,238,1,4,1,false,1,1,true,1000,2,0,2,0
LATE,238,1,4,1,false,3,3,false,10,7,6,3,13,1,2
REGION,238,1,4,1,false,3,3,false,10,7,7,7,2
LATE,238,1,4,1,false,3,3,false,1000,7,6,3,13,1,2
REGION,238,1,4,1,false,3,3,false,1000,7,7,7,2
LATE,238,1,4,1,false,3,3,true,10,2,2,0,4,0,0
REGION,238,1,4,1,false,3,3,true,10,2,2,2,0
LATE,238,1,4,1,false,3,3,true,1000,2,0,0,3,1,0
REGION,238,1,4,1,false,3,3,true,1000,2,0,2,0
LATE,238,1,4,1,false,7,7,false,10,16,15,8,46,1,6
REGION,238,1,4,1,false,7,7,false,10,16,16,16,6
LATE,238,1,4,1,false,7,7,false,1000,16,15,8,46,1,6
REGION,238,1,4,1,false,7,7,false,1000,16,16,16,6
LATE,238,1,4,1,false,7,7,true,10,2,2,0,6,0,0
REGION,238,1,4,1,false,7,7,true,10,2,2,2,0
LATE,238,1,4,1,false,7,7,true,1000,2,0,0,4,1,0
REGION,238,1,4,1,false,7,7,true,1000,2,0,2,0
LATE,238,1,4,1,false,1,4,false,10,3,3,0,12,0,1
REGION,238,1,4,1,false,1,4,false,10,3,3,3,1
LATE,238,1,4,1,false,1,4,false,1000,3,3,0,12,0,1
REGION,238,1,4,1,false,1,4,false,1000,3,3,3,1
LATE,238,1,4,1,false,1,4,true,10,0,0,0,0,0,0
REGION,238,1,4,1,false,1,4,true,10,0,0,0,0
LATE,238,1,4,1,false,1,4,true,1000,0,0,0,0,0,0
REGION,238,1,4,1,false,1,4,true,1000,0,0,0,0
LATE,238,1,4,1,false,4,1,false,10,3,3,0,12,0,1
REGION,238,1,4,1,false,4,1,false,10,3,3,3,1
LATE,238,1,4,1,false,4,1,false,1000,3,3,0,12,0,1
REGION,238,1,4,1,false,4,1,false,1000,3,3,3,1
LATE,238,1,4,1,false,4,1,true,10,0,0,0,0,0,0
REGION,238,1,4,1,false,4,1,true,10,0,0,0,0
LATE,238,1,4,1,false,4,1,true,1000,0,0,0,0,0,0
REGION,238,1,4,1,false,4,1,true,1000,0,0,0,0
LATE,238,1,4,1,true,1,1,false,10,2,2,0,2,0,0
REGION,238,1,4,1,true,1,1,false,10,2,2,2,0
LATE,238,1,4,1,true,1,1,false,1000,2,0,0,2,1,0
REGION,238,1,4,1,true,1,1,false,1000,2,0,2,0
LATE,238,1,4,1,true,1,1,true,10,2,0,0,1,1,0
REGION,238,1,4,1,true,1,1,true,10,2,0,2,0
LATE,238,1,4,1,true,1,1,true,1000,2,0,0,1,1,0
REGION,238,1,4,1,true,1,1,true,1000,2,0,2,0
LATE,238,1,4,1,true,3,3,false,10,7,6,3,14,1,2
REGION,238,1,4,1,true,3,3,false,10,7,7,7,2
LATE,238,1,4,1,true,3,3,false,1000,7,6,3,14,1,2
REGION,238,1,4,1,true,3,3,false,1000,7,7,7,2
LATE,238,1,4,1,true,3,3,true,10,2,2,0,4,0,0
REGION,238,1,4,1,true,3,3,true,10,2,2,2,0
LATE,238,1,4,1,true,3,3,true,1000,2,0,0,3,1,0
REGION,238,1,4,1,true,3,3,true,1000,2,0,2,0
LATE,238,1,4,1,true,7,7,false,10,16,15,8,47,1,6
REGION,238,1,4,1,true,7,7,false,10,16,16,16,6
LATE,238,1,4,1,true,7,7,false,1000,16,15,8,47,1,6
REGION,238,1,4,1,true,7,7,false,1000,16,16,16,6
LATE,238,1,4,1,true,7,7,true,10,2,2,0,6,0,0
REGION,238,1,4,1,true,7,7,true,10,2,2,2,0
LATE,238,1,4,1,true,7,7,true,1000,2,0,0,4,1,0
REGION,238,1,4,1,true,7,7,true,1000,2,0,2,0
LATE,238,1,4,1,true,1,4,false,10,3,3,0,12,0,1
REGION,238,1,4,1,true,1,4,false,10,3,3,3,1
LATE,238,1,4,1,true,1,4,false,1000,3,3,0,12,0,1
REGION,238,1,4,1,true,1,4,false,1000,3,3,3,1
LATE,238,1,4,1,true,1,4,true,10,0,0,0,0,0,0
REGION,238,1,4,1,true,1,4,true,10,0,0,0,0
LATE,238,1,4,1,true,1,4,true,1000,0,0,0,0,0,0
REGION,238,1,4,1,true,1,4,true,1000,0,0,0,0
LATE,238,1,4,1,true,4,1,false,10,3,3,0,12,0,1
REGION,238,1,4,1,true,4,1,false,10,3,3,3,1
LATE,238,1,4,1,true,4,1,false,1000,3,3,0,12,0,1
REGION,238,1,4,1,true,4,1,false,1000,3,3,3,1
LATE,238,1,4,1,true,4,1,true,10,0,0,0,0,0,0
REGION,238,1,4,1,true,4,1,true,10,0,0,0,0
LATE,238,1,4,1,true,4,1,true,1000,0,0,0,0,0,0
REGION,238,1,4,1,true,4,1,true,1000,0,0,0,0
LATE,238,1,4,3,false,1,1,false,10,2,2,0,0,0,0
REGION,238,1,4,3,false,1,1,false,10,2,2,2,0
LATE,238,1,4,3,false,1,1,false,1000,2,0,0,1,1,0
REGION,238,1,4,3,false,1,1,false,1000,2,0,2,0
LATE,238,1,4,3,false,1,1,true,10,2,2,0,2,0,0
REGION,238,1,4,3,false,1,1,true,10,2,2,2,0
LATE,238,1,4,3,false,1,1,true,1000,2,0,0,2,1,0
REGION,238,1,4,3,false,1,1,true,1000,2,0,2,0
LATE,238,1,4,3,false,3,3,false,10,7,6,3,13,1,2
REGION,238,1,4,3,false,3,3,false,10,7,7,7,2
LATE,238,1,4,3,false,3,3,false,1000,7,6,3,13,1,2
REGION,238,1,4,3,false,3,3,false,1000,7,7,7,2
LATE,238,1,4,3,false,3,3,true,10,2,2,0,4,0,0
REGION,238,1,4,3,false,3,3,true,10,2,2,2,0
LATE,238,1,4,3,false,3,3,true,1000,2,0,0,3,1,0
REGION,238,1,4,3,false,3,3,true,1000,2,0,2,0
LATE,238,1,4,3,false,7,7,false,10,16,15,8,46,1,6
REGION,238,1,4,3,false,7,7,false,10,16,16,16,6
LATE,238,1,4,3,false,7,7,false,1000,16,15,8,46,1,6
REGION,238,1,4,3,false,7,7,false,1000,16,16,16,6
LATE,238,1,4,3,false,7,7,true,10,2,2,0,6,0,0
REGION,238,1,4,3,false,7,7,true,10,2,2,2,0
LATE,238,1,4,3,false,7,7,true,1000,2,0,0,4,1,0
REGION,238,1,4,3,false,7,7,true,1000,2,0,2,0
LATE,238,1,4,3,false,1,4,false,10,3,3,0,12,0,1
REGION,238,1,4,3,false,1,4,false,10,3,3,3,1
LATE,238,1,4,3,false,1,4,false,1000,3,3,0,12,0,1
REGION,238,1,4,3,false,1,4,false,1000,3,3,3,1
LATE,238,1,4,3,false,1,4,true,10,0,0,0,0,0,0
REGION,238,1,4,3,false,1,4,true,10,0,0,0,0
LATE,238,1,4,3,false,1,4,true,1000,0,0,0,0,0,0
REGION,238,1,4,3,false,1,4,true,1000,0,0,0,0
LATE,238,1,4,3,false,4,1,false,10,3,3,0,12,0,1
REGION,238,1,4,3,false,4,1,false,10,3,3,3,1
LATE,238,1,4,3,false,4,1,false,1000,3,3,0,12,0,1
REGION,238,1,4,3,false,4,1,false,1000,3,3,3,1
LATE,238,1,4,3,false,4,1,true,10,0,0,0,0,0,0
REGION,238,1,4,3,false,4,1,true,10,0,0,0,0
LATE,238,1,4,3,false,4,1,true,1000,0,0,0,0,0,0
REGION,238,1,4,3,false,4,1,true,1000,0,0,0,0
LATE,238,1,4,3,true,1,1,false,10,2,2,0,2,0,0
REGION,238,1,4,3,true,1,1,false,10,2,2,2,0
LATE,238,1,4,3,true,1,1,false,1000,2,0,0,2,1,0
REGION,238,1,4,3,true,1,1,false,1000,2,0,2,0
LATE,238,1,4,3,true,1,1,true,10,2,0,0,1,1,0
REGION,238,1,4,3,true,1,1,true,10,2,0,2,0
LATE,238,1,4,3,true,1,1,true,1000,2,0,0,1,1,0
REGION,238,1,4,3,true,1,1,true,1000,2,0,2,0
LATE,238,1,4,3,true,3,3,false,10,7,6,3,20,1,2
REGION,238,1,4,3,true,3,3,false,10,7,7,7,2
LATE,238,1,4,3,true,3,3,false,1000,7,6,3,20,1,2
REGION,238,1,4,3,true,3,3,false,1000,7,7,7,2
LATE,238,1,4,3,true,3,3,true,10,2,0,0,1,1,0
REGION,238,1,4,3,true,3,3,true,10,2,0,2,0
LATE,238,1,4,3,true,3,3,true,1000,2,0,0,1,1,0
REGION,238,1,4,3,true,3,3,true,1000,2,0,2,0
LATE,238,1,4,3,true,7,7,false,10,16,15,8,47,1,6
REGION,238,1,4,3,true,7,7,false,10,16,16,16,6
LATE,238,1,4,3,true,7,7,false,1000,16,15,8,47,1,6
REGION,238,1,4,3,true,7,7,false,1000,16,16,16,6
LATE,238,1,4,3,true,7,7,true,10,2,2,0,6,0,0
REGION,238,1,4,3,true,7,7,true,10,2,2,2,0
LATE,238,1,4,3,true,7,7,true,1000,2,0,0,4,1,0
REGION,238,1,4,3,true,7,7,true,1000,2,0,2,0
LATE,238,1,4,3,true,1,4,false,10,3,3,0,12,0,1
REGION,238,1,4,3,true,1,4,false,10,3,3,3,1
LATE,238,1,4,3,true,1,4,false,1000,3,3,0,12,0,1
REGION,238,1,4,3,true,1,4,false,1000,3,3,3,1
LATE,238,1,4,3,true,1,4,true,10,0,0,0,0,0,0
REGION,238,1,4,3,true,1,4,true,10,0,0,0,0
LATE,238,1,4,3,true,1,4,true,1000,0,0,0,0,0,0
REGION,238,1,4,3,true,1,4,true,1000,0,0,0,0
LATE,238,1,4,3,true,4,1,false,10,3,3,0,12,0,1
REGION,238,1,4,3,true,4,1,false,10,3,3,3,1
LATE,238,1,4,3,true,4,1,false,1000,3,3,0,12,0,1
REGION,238,1,4,3,true,4,1,false,1000,3,3,3,1
LATE,238,1,4,3,true,4,1,true,10,0,0,0,0,0,0
REGION,238,1,4,3,true,4,1,true,10,0,0,0,0
LATE,238,1,4,3,true,4,1,true,1000,0,0,0,0,0,0
REGION,238,1,4,3,true,4,1,true,1000,0,0,0,0
LATE,238,2,0,1,false,1,1,false,10,2,2,0,0,0,0
REGION,238,2,0,1,false,1,1,false,10,2,2,2,0
LATE,238,2,0,1,false,1,1,false,1000,2,2,0,0,0,0
REGION,238,2,0,1,false,1,1,false,1000,2,2,2,0
LATE,238,2,0,1,false,1,1,true,10,2,2,0,0,0,0
REGION,238,2,0,1,false,1,1,true,10,2,2,2,0
LATE,238,2,0,1,false,1,1,true,1000,2,2,0,0,0,0
REGION,238,2,0,1,false,1,1,true,1000,2,2,2,0
LATE,238,2,0,1,false,3,3,false,10,7,7,3,0,0,8
REGION,238,2,0,1,false,3,3,false,10,7,7,7,8
LATE,238,2,0,1,false,3,3,false,1000,7,7,3,0,0,8
REGION,238,2,0,1,false,3,3,false,1000,7,7,7,8
LATE,238,2,0,1,false,3,3,true,10,2,2,0,0,0,0
REGION,238,2,0,1,false,3,3,true,10,2,2,2,0
LATE,238,2,0,1,false,3,3,true,1000,2,2,0,0,0,0
REGION,238,2,0,1,false,3,3,true,1000,2,2,2,0
LATE,238,2,0,1,false,7,7,false,10,16,16,8,0,0,24
REGION,238,2,0,1,false,7,7,false,10,16,16,16,24
LATE,238,2,0,1,false,7,7,false,1000,16,16,8,0,0,24
REGION,238,2,0,1,false,7,7,false,1000,16,16,16,24
LATE,238,2,0,1,false,7,7,true,10,2,2,0,0,0,0
REGION,238,2,0,1,false,7,7,true,10,2,2,2,0
LATE,238,2,0,1,false,7,7,true,1000,2,2,0,0,0,0
REGION,238,2,0,1,false,7,7,true,1000,2,2,2,0
LATE,238,2,0,1,false,1,4,false,10,3,3,0,0,0,4
REGION,238,2,0,1,false,1,4,false,10,3,3,3,4
LATE,238,2,0,1,false,1,4,false,1000,3,3,0,0,0,4
REGION,238,2,0,1,false,1,4,false,1000,3,3,3,4
LATE,238,2,0,1,false,1,4,true,10,0,0,0,0,0,0
REGION,238,2,0,1,false,1,4,true,10,0,0,0,0
LATE,238,2,0,1,false,1,4,true,1000,0,0,0,0,0,0
REGION,238,2,0,1,false,1,4,true,1000,0,0,0,0
LATE,238,2,0,1,false,4,1,false,10,3,3,0,0,0,4
REGION,238,2,0,1,false,4,1,false,10,3,3,3,4
LATE,238,2,0,1,false,4,1,false,1000,3,3,0,0,0,4
REGION,238,2,0,1,false,4,1,false,1000,3,3,3,4
LATE,238,2,0,1,false,4,1,true,10,0,0,0,0,0,0
REGION,238,2,0,1,false,4,1,true,10,0,0,0,0
LATE,238,2,0,1,false,4,1,true,1000,0,0,0,0,0,0
REGION,238,2,0,1,false,4,1,true,1000,0,0,0,0
LATE,238,2,0,1,true,1,1,false,10,2,2,0,0,0,0
REGION,238,2,0,1,true,1,1,false,10,2,2,2,0
LATE,238,2,0,1,true,1,1,false,1000,2,2,0,0,0,0
REGION,238,2,0,1,true,1,1,false,1000,2,2,2,0
LATE,238,2,0,1,true,1,1,true,10,2,2,0,0,0,0
REGION,238,2,0,1,true,1,1,true,10,2,2,2,0
LATE,238,2,0,1,true,1,1,true,1000,2,2,0,0,0,0
REGION,238,2,0,1,true,1,1,true,1000,2,2,2,0
LATE,238,2,0,1,true,3,3,false,10,7,7,3,0,0,8
REGION,238,2,0,1,true,3,3,false,10,7,7,7,8
LATE,238,2,0,1,true,3,3,false,1000,7,7,3,0,0,8
REGION,238,2,0,1,true,3,3,false,1000,7,7,7,8
LATE,238,2,0,1,true,3,3,true,10,2,2,0,0,0,0
REGION,238,2,0,1,true,3,3,true,10,2,2,2,0
LATE,238,2,0,1,true,3,3,true,1000,2,2,0,0,0,0
REGION,238,2,0,1,true,3,3,true,1000,2,2,2,0
LATE,238,2,0,1,true,7,7,false,10,16,16,8,0,0,24
REGION,238,2,0,1,true,7,7,false,10,16,16,16,24
LATE,238,2,0,1,true,7,7,false,1000,16,16,8,0,0,24
REGION,238,2,0,1,true,7,7,false,1000,16,16,16,24
LATE,238,2,0,1,true,7,7,true,10,2,2,0,0,0,0
REGION,238,2,0,1,true,7,7,true,10,2,2,2,0
LATE,238,2,0,1,true,7,7,true,1000,2,2,0,0,0,0
REGION,238,2,0,1,true,7,7,true,1000,2,2,2,0
LATE,238,2,0,1,true,1,4,false,10,3,3,0,0,0,4
REGION,238,2,0,1,true,1,4,false,10,3,3,3,4
LATE,238,2,0,1,true,1,4,false,1000,3,3,0,0,0,4
REGION,238,2,0,1,true,1,4,false,1000,3,3,3,4
LATE,238,2,0,1,true,1,4,true,10,0,0,0,0,0,0
REGION,238,2,0,1,true,1,4,true,10,0,0,0,0
LATE,238,2,0,1,true,1,4,true,1000,0,0,0,0,0,0
REGION,238,2,0,1,true,1,4,true,1000,0,0,0,0
LATE,238,2,0,1,true,4,1,false,10,3,3,0,0,0,4
REGION,238,2,0,1,true,4,1,false,10,3,3,3,4
LATE,238,2,0,1,true,4,1,false,1000,3,3,0,0,0,4
REGION,238,2,0,1,true,4,1,false,1000,3,3,3,4
LATE,238,2,0,1,true,4,1,true,10,0,0,0,0,0,0
REGION,238,2,0,1,true,4,1,true,10,0,0,0,0
LATE,238,2,0,1,true,4,1,true,1000,0,0,0,0,0,0
REGION,238,2,0,1,true,4,1,true,1000,0,0,0,0
LATE,238,2,0,3,false,1,1,false,10,2,2,0,0,0,0
REGION,238,2,0,3,false,1,1,false,10,2,2,2,0
LATE,238,2,0,3,false,1,1,false,1000,2,2,0,0,0,0
REGION,238,2,0,3,false,1,1,false,1000,2,2,2,0
LATE,238,2,0,3,false,1,1,true,10,2,2,0,0,0,0
REGION,238,2,0,3,false,1,1,true,10,2,2,2,0
LATE,238,2,0,3,false,1,1,true,1000,2,2,0,0,0,0
REGION,238,2,0,3,false,1,1,true,1000,2,2,2,0
LATE,238,2,0,3,false,3,3,false,10,7,7,3,0,0,8
REGION,238,2,0,3,false,3,3,false,10,7,7,7,8
LATE,238,2,0,3,false,3,3,false,1000,7,7,3,0,0,8
REGION,238,2,0,3,false,3,3,false,1000,7,7,7,8
LATE,238,2,0,3,false,3,3,true,10,2,2,0,0,0,0
REGION,238,2,0,3,false,3,3,true,10,2,2,2,0
LATE,238,2,0,3,false,3,3,true,1000,2,2,0,0,0,0
REGION,238,2,0,3,false,3,3,true,1000,2,2,2,0
LATE,238,2,0,3,false,7,7,false,10,16,16,8,0,0,24
REGION,238,2,0,3,false,7,7,false,10,16,16,16,24
LATE,238,2,0,3,false,7,7,false,1000,16,16,8,0,0,24
REGION,238,2,0,3,false,7,7,false,1000,16,16,16,24
LATE,238,2,0,3,false,7,7,true,10,2,2,0,0,0,0
REGION,238,2,0,3,false,7,7,true,10,2,2,2,0
LATE,238,2,0,3,false,7,7,true,1000,2,2,0,0,0,0
REGION,238,2,0,3,false,7,7,true,1000,2,2,2,0
LATE,238,2,0,3,false,1,4,false,10,3,3,0,0,0,4
REGION,238,2,0,3,false,1,4,false,10,3,3,3,4
LATE,238,2,0,3,false,1,4,false,1000,3,3,0,0,0,4
REGION,238,2,0,3,false,1,4,false,1000,3,3,3,4
LATE,238,2,0,3,false,1,4,true,10,0,0,0,0,0,0
REGION,238,2,0,3,false,1,4,true,10,0,0,0,0
LATE,238,2,0,3,false,1,4,true,1000,0,0,0,0,0,0
REGION,238,2,0,3,false,1,4,true,1000,0,0,0,0
LATE,238,2,0,3,false,4,1,false,10,3,3,0,0,0,4
REGION,238,2,0,3,false,4,1,false,10,3,3,3,4
LATE,238,2,0,3,false,4,1,false,1000,3,3,0,0,0,4
REGION,238,2,0,3,false,4,1,false,1000,3,3,3,4
LATE,238,2,0,3,false,4,1,true,10,0,0,0,0,0,0
REGION,238,2,0,3,false,4,1,true,10,0,0,0,0
LATE,238,2,0,3,false,4,1,true,1000,0,0,0,0,0,0
REGION,238,2,0,3,false,4,1,true,1000,0,0,0,0
LATE,238,2,0,3,true,1,1,false,10,2,2,0,0,0,0
REGION,238,2,0,3,true,1,1,false,10,2,2,2,0
LATE,238,2,0,3,true,1,1,false,1000,2,2,0,0,0,0
REGION,238,2,0,3,true,1,1,false,1000,2,2,2,0
LATE,238,2,0,3,true,1,1,true,10,2,2,0,0,0,0
REGION,238,2,0,3,true,1,1,true,10,2,2,2,0
LATE,238,2,0,3,true,1,1,true,1000,2,2,0,0,0,0
REGION,238,2,0,3,true,1,1,true,1000,2,2,2,0
LATE,238,2,0,3,true,3,3,false,10,7,7,3,0,0,8
REGION,238,2,0,3,true,3,3,false,10,7,7,7,8
LATE,238,2,0,3,true,3,3,false,1000,7,7,3,0,0,8
REGION,238,2,0,3,true,3,3,false,1000,7,7,7,8
LATE,238,2,0,3,true,3,3,true,10,2,2,0,0,0,0
REGION,238,2,0,3,true,3,3,true,10,2,2,2,0
LATE,238,2,0,3,true,3,3,true,1000,2,2,0,0,0,0
REGION,238,2,0,3,true,3,3,true,1000,2,2,2,0
LATE,238,2,0,3,true,7,7,false,10,16,16,8,0,0,24
REGION,238,2,0,3,true,7,7,false,10,16,16,16,24
LATE,238,2,0,3,true,7,7,false,1000,16,16,8,0,0,24
REGION,238,2,0,3,true,7,7,false,1000,16,16,16,24
LATE,238,2,0,3,true,7,7,true,10,2,2,0,0,0,0
REGION,238,2,0,3,true,7,7,true,10,2,2,2,0
LATE,238,2,0,3,true,7,7,true,1000,2,2,0,0,0,0
REGION,238,2,0,3,true,7,7,true,1000,2,2,2,0
LATE,238,2,0,3,true,1,4,false,10,3,3,0,0,0,4
REGION,238,2,0,3,true,1,4,false,10,3,3,3,4
LATE,238,2,0,3,true,1,4,false,1000,3,3,0,0,0,4
REGION,238,2,0,3,true,1,4,false,1000,3,3,3,4
LATE,238,2,0,3,true,1,4,true,10,0,0,0,0,0,0
REGION,238,2,0,3,true,1,4,true,10,0,0,0,0
LATE,238,2,0,3,true,1,4,true,1000,0,0,0,0,0,0
REGION,238,2,0,3,true,1,4,true,1000,0,0,0,0
LATE,238,2,0,3,true,4,1,false,10,3,3,0,0,0,4
REGION,238,2,0,3,true,4,1,false,10,3,3,3,4
LATE,238,2,0,3,true,4,1,false,1000,3,3,0,0,0,4
REGION,238,2,0,3,true,4,1,false,1000,3,3,3,4
LATE,238,2,0,3,true,4,1,true,10,0,0,0,0,0,0
REGION,238,2,0,3,true,4,1,true,10,0,0,0,0
LATE,238,2,0,3,true,4,1,true,1000,0,0,0,0,0,0
REGION,238,2,0,3,true,4,1,true,1000,0,0,0,0
LATE,238,2,1,1,false,1,1,false,10,2,0,0,1,1,0
REGION,238,2,1,1,false,1,1,false,10,2,0,2,0
LATE,238,2,1,1,false,1,1,false,1000,2,0,0,1,1,0
REGION,238,2,1,1,false,1,1,false,1000,2,0,2,0
LATE,238,2,1,1,false,1,1,true,10,2,2,0,2,0,0
REGION,238,2,1,1,false,1,1,true,10,2,2,2,0
LATE,238,2,1,1,false,1,1,true,1000,2,0,0,1,1,0
REGION,238,2,1,1,false,1,1,true,1000,2,0,2,0
LATE,238,2,1,1,false,3,3,false,10,7,7,3,7,0,8
REGION,238,2,1,1,false,3,3,false,10,7,7,7,8
LATE,238,2,1,1,false,3,3,false,1000,7,7,3,7,0,8
REGION,238,2,1,1,false,3,3,false,1000,7,7,7,8
LATE,238,2,1,1,false,3,3,true,10,2,2,0,2,0,0
REGION,238,2,1,1,false,3,3,true,10,2,2,2,0
LATE,238,2,1,1,false,3,3,true,1000,2,0,0,1,1,0
REGION,238,2,1,1,false,3,3,true,1000,2,0,2,0
LATE,238,2,1,1,false,7,7,false,10,16,16,8,16,0,24
REGION,238,2,1,1,false,7,7,false,10,16,16,16,24
LATE,238,2,1,1,false,7,7,false,1000,16,16,8,16,0,24
REGION,238,2,1,1,false,7,7,false,1000,16,16,16,24
LATE,238,2,1,1,false,7,7,true,10,2,2,0,2,0,0
REGION,238,2,1,1,false,7,7,true,10,2,2,2,0
LATE,238,2,1,1,false,7,7,true,1000,2,0,0,1,1,0
REGION,238,2,1,1,false,7,7,true,1000,2,0,2,0
LATE,238,2,1,1,false,1,4,false,10,3,3,0,3,0,4
REGION,238,2,1,1,false,1,4,false,10,3,3,3,4
LATE,238,2,1,1,false,1,4,false,1000,3,3,0,3,0,4
REGION,238,2,1,1,false,1,4,false,1000,3,3,3,4
LATE,238,2,1,1,false,1,4,true,10,0,0,0,0,0,0
REGION,238,2,1,1,false,1,4,true,10,0,0,0,0
LATE,238,2,1,1,false,1,4,true,1000,0,0,0,0,0,0
REGION,238,2,1,1,false,1,4,true,1000,0,0,0,0
LATE,238,2,1,1,false,4,1,false,10,3,3,0,3,0,4
REGION,238,2,1,1,false,4,1,false,10,3,3,3,4
LATE,238,2,1,1,false,4,1,false,1000,3,3,0,3,0,4
REGION,238,2,1,1,false,4,1,false,1000,3,3,3,4
LATE,238,2,1,1,false,4,1,true,10,0,0,0,0,0,0
REGION,238,2,1,1,false,4,1,true,10,0,0,0,0
LATE,238,2,1,1,false,4,1,true,1000,0,0,0,0,0,0
REGION,238,2,1,1,false,4,1,true,1000,0,0,0,0
LATE,238,2,1,1,true,1,1,false,10,2,2,0,2,0,0
REGION,238,2,1,1,true,1,1,false,10,2,2,2,0
LATE,238,2,1,1,true,1,1,false,1000,2,0,0,1,1,0
REGION,238,2,1,1,true,1,1,false,1000,2,0,2,0
LATE,238,2,1,1,true,1,1,true,10,2,2,0,2,0,0
REGION,238,2,1,1,true,1,1,true,10,2,2,2,0
LATE,238,2,1,1,true,1,1,true,1000,2,0,0,1,1,0
REGION,238,2,1,1,true,1,1,true,1000,2,0,2,0
LATE,238,2,1,1,true,3,3,false,10,7,7,3,7,0,8
REGION,238,2,1,1,true,3,3,false,10,7,7,7,8
LATE,238,2,1,1,true,3,3,false,1000,7,7,3,7,0,8
REGION,238,2,1,1,true,3,3,false,1000,7,7,7,8
LATE,238,2,1,1,true,3,3,true,10,2,2,0,2,0,0
REGION,238,2,1,1,true,3,3,true,10,2,2,2,0
LATE,238,2,1,1,true,3,3,true,1000,2,0,0,1,1,0
REGION,238,2,1,1,true,3,3,true,1000,2,0,2,0
LATE,238,2,1,1,true,7,7,false,10,16,16,8,16,0,24
REGION,238,2,1,1,true,7,7,false,10,16,16,16,24
LATE,238,2,1,1,true,7,7,false,1000,16,16,8,16,0,24
REGION,238,2,1,1,true,7,7,false,1000,16,16,16,24
LATE,238,2,1,1,true,7,7,true,10,2,2,0,2,0,0
REGION,238,2,1,1,true,7,7,true,10,2,2,2,0
LATE,238,2,1,1,true,7,7,true,1000,2,0,0,1,1,0
REGION,238,2,1,1,true,7,7,true,1000,2,0,2,0
LATE,238,2,1,1,true,1,4,false,10,3,3,0,3,0,4
REGION,238,2,1,1,true,1,4,false,10,3,3,3,4
LATE,238,2,1,1,true,1,4,false,1000,3,3,0,3,0,4
REGION,238,2,1,1,true,1,4,false,1000,3,3,3,4
LATE,238,2,1,1,true,1,4,true,10,0,0,0,0,0,0
REGION,238,2,1,1,true,1,4,true,10,0,0,0,0
LATE,238,2,1,1,true,1,4,true,1000,0,0,0,0,0,0
REGION,238,2,1,1,true,1,4,true,1000,0,0,0,0
LATE,238,2,1,1,true,4,1,false,10,3,3,0,3,0,4
REGION,238,2,1,1,true,4,1,false,10,3,3,3,4
LATE,238,2,1,1,true,4,1,false,1000,3,3,0,3,0,4
REGION,238,2,1,1,true,4,1,false,1000,3,3,3,4
LATE,238,2,1,1,true,4,1,true,10,0,0,0,0,0,0
REGION,238,2,1,1,true,4,1,true,10,0,0,0,0
LATE,238,2,1,1,true,4,1,true,1000,0,0,0,0,0,0
REGION,238,2,1,1,true,4,1,true,1000,0,0,0,0
LATE,238,2,1,3,false,1,1,false,10,2,2,0,0,0,0
REGION,238,2,1,3,false,1,1,false,10,2,2,2,0
LATE,238,2,1,3,false,1,1,false,1000,2,0,0,1,1,0
REGION,238,2,1,3,false,1,1,false,1000,2,0,2,0
LATE,238,2,1,3,false,1,1,true,10,2,2,0,2,0,0
REGION,238,2,1,3,false,1,1,true,10,2,2,2,0
LATE,238,2,1,3,false,1,1,true,1000,2,0,0,1,1,0
REGION,238,2,1,3,false,1,1,true,1000,2,0,2,0
LATE,238,2,1,3,false,3,3,false,10,7,7,3,7,0,8
REGION,238,2,1,3,false,3,3,false,10,7,7,7,8
LATE,238,2,1,3,false,3,3,false,1000,7,7,3,7,0,8
REGION,238,2,1,3,false,3,3,false,1000,7,7,7,8
LATE,238,2,1,3,false,3,3,true,10,2,2,0,2,0,0
REGION,238,2,1,3,false,3,3,true,10,2,2,2,0
LATE,238,2,1,3,false,3,3,true,1000,2,0,0,1,1,0
REGION,238,2,1,3,false,3,3,true,1000,2,0,2,0
LATE,238,2,1,3,false,7,7,false,10,16,16,8,16,0,24
REGION,238,2,1,3,false,7,7,false,10,16,16,16,24
LATE,238,2,1,3,false,7,7,false,1000,16,16,8,16,0,24
REGION,238,2,1,3,false,7,7,false,1000,16,16,16,24
LATE,238,2,1,3,false,7,7,true,10,2,2,0,2,0,0
REGION,238,2,1,3,false,7,7,true,10,2,2,2,0
LATE,238,2,1,3,false,7,7,true,1000,2,0,0,1,1,0
REGION,238,2,1,3,false,7,7,true,1000,2,0,2,0
LATE,238,2,1,3,false,1,4,false,10,3,3,0,3,0,4
REGION,238,2,1,3,false,1,4,false,10,3,3,3,4
LATE,238,2,1,3,false,1,4,false,1000,3,3,0,3,0,4
REGION,238,2,1,3,false,1,4,false,1000,3,3,3,4
LATE,238,2,1,3,false,1,4,true,10,0,0,0,0,0,0
REGION,238,2,1,3,false,1,4,true,10,0,0,0,0
LATE,238,2,1,3,false,1,4,true,1000,0,0,0,0,0,0
REGION,238,2,1,3,false,1,4,true,1000,0,0,0,0
LATE,238,2,1,3,false,4,1,false,10,3,3,0,3,0,4
REGION,238,2,1,3,false,4,1,false,10,3,3,3,4
LATE,238,2,1,3,false,4,1,false,1000,3,3,0,3,0,4
REGION,238,2,1,3,false,4,1,false,1000,3,3,3,4
LATE,238,2,1,3,false,4,1,true,10,0,0,0,0,0,0
REGION,238,2,1,3,false,4,1,true,10,0,0,0,0
LATE,238,2,1,3,false,4,1,true,1000,0,0,0,0,0,0
REGION,238,2,1,3,false,4,1,true,1000,0,0,0,0
LATE,238,2,1,3,true,1,1,false,10,2,2,0,2,0,0
REGION,238,2,1,3,true,1,1,false,10,2,2,2,0
LATE,238,2,1,3,true,1,1,false,1000,2,0,0,1,1,0
REGION,238,2,1,3,true,1,1,false,1000,2,0,2,0
LATE,238,2,1,3,true,1,1,true,10,2,2,0,2,0,0
REGION,238,2,1,3,true,1,1,true,10,2,2,2,0
LATE,238,2,1,3,true,1,1,true,1000,2,0,0,1,1,0
REGION,238,2,1,3,true,1,1,true,1000,2,0,2,0
LATE,238,2,1,3,true,3,3,false,10,7,7,3,7,0,8
REGION,238,2,1,3,true,3,3,false,10,7,7,7,8
LATE,238,2,1,3,true,3,3,false,1000,7,7,3,7,0,8
REGION,238,2,1,3,true,3,3,false,1000,7,7,7,8
LATE,238,2,1,3,true,3,3,true,10,2,2,0,2,0,0
REGION,238,2,1,3,true,3,3,true,10,2,2,2,0
LATE,238,2,1,3,true,3,3,true,1000,2,0,0,1,1,0
REGION,238,2,1,3,true,3,3,true,1000,2,0,2,0
LATE,238,2,1,3,true,7,7,false,10,16,16,8,16,0,24
REGION,238,2,1,3,true,7,7,false,10,16,16,16,24
LATE,238,2,1,3,true,7,7,false,1000,16,16,8,16,0,24
REGION,238,2,1,3,true,7,7,false,1000,16,16,16,24
LATE,238,2,1,3,true,7,7,true,10,2,2,0,2,0,0
REGION,238,2,1,3,true,7,7,true,10,2,2,2,0
LATE,238,2,1,3,true,7,7,true,1000,2,0,0,1,1,0
REGION,238,2,1,3,true,7,7,true,1000,2,0,2,0
LATE,238,2,1,3,true,1,4,false,10,3,3,0,3,0,4
REGION,238,2,1,3,true,1,4,false,10,3,3,3,4
LATE,238,2,1,3,true,1,4,false,1000,3,3,0,3,0,4
REGION,238,2,1,3,true,1,4,false,1000,3,3,3,4
LATE,238,2,1,3,true,1,4,true,10,0,0,0,0,0,0
REGION,238,2,1,3,true,1,4,true,10,0,0,0,0
LATE,238,2,1,3,true,1,4,true,1000,0,0,0,0,0,0
REGION,238,2,1,3,true,1,4,true,1000,0,0,0,0
LATE,238,2,1,3,true,4,1,false,10,3,3,0,3,0,4
REGION,238,2,1,3,true,4,1,false,10,3,3,3,4
LATE,238,2,1,3,true,4,1,false,1000,3,3,0,3,0,4
REGION,238,2,1,3,true,4,1,false,1000,3,3,3,4
LATE,238,2,1,3,true,4,1,true,10,0,0,0,0,0,0
REGION,238,2,1,3,true,4,1,true,10,0,0,0,0
LATE,238,2,1,3,true,4,1,true,1000,0,0,0,0,0,0
REGION,238,2,1,3,true,4,1,true,1000,0,0,0,0
LATE,238,2,4,1,false,1,1,false,10,2,0,0,1,1,0
REGION,238,2,4,1,false,1,1,false,10,2,0,2,0
LATE,238,2,4,1,false,1,1,false,1000,2,0,0,1,1,0
REGION,238,2,4,1,false,1,1,false,1000,2,0,2,0
LATE,238,2,4,1,false,1,1,true,10,2,2,0,2,0,0
REGION,238,2,4,1,false,1,1,true,10,2,2,2,0
LATE,238,2,4,1,false,1,1,true,1000,2,0,0,2,1,0
REGION,238,2,4,1,false,1,1,true,1000,2,0,2,0
LATE,238,2,4,1,false,3,3,false,10,7,6,3,13,1,8
REGION,238,2,4,1,false,3,3,false,10,7,7,7,8
LATE,238,2,4,1,false,3,3,false,1000,7,6,3,13,1,8
REGION,238,2,4,1,false,3,3,false,1000,7,7,7,8
LATE,238,2,4,1,false,3,3,true,10,2,2,0,4,0,0
REGION,238,2,4,1,false,3,3,true,10,2,2,2,0
LATE,238,2,4,1,false,3,3,true,1000,2,0,0,3,1,0
REGION,238,2,4,1,false,3,3,true,1000,2,0,2,0
LATE,238,2,4,1,false,7,7,false,10,16,15,8,46,1,24
REGION,238,2,4,1,false,7,7,false,10,16,16,16,24
LATE,238,2,4,1,false,7,7,false,1000,16,15,8,46,1,24
REGION,238,2,4,1,false,7,7,false,1000,16,16,16,24
LATE,238,2,4,1,false,7,7,true,10,2,2,0,6,0,0
REGION,238,2,4,1,false,7,7,true,10,2,2,2,0
LATE,238,2,4,1,false,7,7,true,1000,2,0,0,4,1,0
REGION,238,2,4,1,false,7,7,true,1000,2,0,2,0
LATE,238,2,4,1,false,1,4,false,10,3,3,0,12,0,4
REGION,238,2,4,1,false,1,4,false,10,3,3,3,4
LATE,238,2,4,1,false,1,4,false,1000,3,3,0,12,0,4
REGION,238,2,4,1,false,1,4,false,1000,3,3,3,4
LATE,238,2,4,1,false,1,4,true,10,0,0,0,0,0,0
REGION,238,2,4,1,false,1,4,true,10,0,0,0,0
LATE,238,2,4,1,false,1,4,true,1000,0,0,0,0,0,0
REGION,238,2,4,1,false,1,4,true,1000,0,0,0,0
LATE,238,2,4,1,false,4,1,false,10,3,3,0,12,0,4
REGION,238,2,4,1,false,4,1,false,10,3,3,3,4
LATE,238,2,4,1,false,4,1,false,1000,3,3,0,12,0,4
REGION,238,2,4,1,false,4,1,false,1000,3,3,3,4
LATE,238,2,4,1,false,4,1,true,10,0,0,0,0,0,0
REGION,238,2,4,1,false,4,1,true,10,0,0,0,0
LATE,238,2,4,1,false,4,1,true,1000,0,0,0,0,0,0
REGION,238,2,4,1,false,4,1,true,1000,0,0,0,0
LATE,238,2,4,1,true,1,1,false,10,2,2,0,2,0,0
REGION,238,2,4,1,true,1,1,false,10,2,2,2,0
LATE,238,2,4,1,true,1,1,false,1000,2,0,0,2,1,0
REGION,238,2,4,1,true,1,1,false,1000,2,0,2,0
LATE,238,2,4,1,true,1,1,true,10,2,0,0,1,1,0
REGION,238,2,4,1,true,1,1,true,10,2,0,2,0
LATE,238,2,4,1,true,1,1,true,1000,2,0,0,1,1,0
REGION,238,2,4,1,true,1,1,true,1000,2,0,2,0
LATE,238,2,4,1,true,3,3,false,10,7,6,3,14,1,8
REGION,238,2,4,1,true,3,3,false,10,7,7,7,8
LATE,238,2,4,1,true,3,3,false,1000,7,6,3,14,1,8
REGION,238,2,4,1,true,3,3,false,1000,7,7,7,8
LATE,238,2,4,1,true,3,3,true,10,2,2,0,4,0,0
REGION,238,2,4,1,true,3,3,true,10,2,2,2,0
LATE,238,2,4,1,true,3,3,true,1000,2,0,0,3,1,0
REGION,238,2,4,1,true,3,3,true,1000,2,0,2,0
LATE,238,2,4,1,true,7,7,false,10,16,15,8,47,1,24
REGION,238,2,4,1,true,7,7,false,10,16,16,16,24
LATE,238,2,4,1,true,7,7,false,1000,16,15,8,47,1,24
REGION,238,2,4,1,true,7,7,false,1000,16,16,16,24
LATE,238,2,4,1,true,7,7,true,10,2,2,0,6,0,0
REGION,238,2,4,1,true,7,7,true,10,2,2,2,0
LATE,238,2,4,1,true,7,7,true,1000,2,0,0,4,1,0
REGION,238,2,4,1,true,7,7,true,1000,2,0,2,0
LATE,238,2,4,1,true,1,4,false,10,3,3,0,12,0,4
REGION,238,2,4,1,true,1,4,false,10,3,3,3,4
LATE,238,2,4,1,true,1,4,false,1000,3,3,0,12,0,4
REGION,238,2,4,1,true,1,4,false,1000,3,3,3,4
LATE,238,2,4,1,true,1,4,true,10,0,0,0,0,0,0
REGION,238,2,4,1,true,1,4,true,10,0,0,0,0
LATE,238,2,4,1,true,1,4,true,1000,0,0,0,0,0,0
REGION,238,2,4,1,true,1,4,true,1000,0,0,0,0
LATE,238,2,4,1,true,4,1,false,10,3,3,0,12,0,4
REGION,238,2,4,1,true,4,1,false,10,3,3,3,4
LATE,238,2,4,1,true,4,1,false,1000,3,3,0,12,0,4
REGION,238,2,4,1,true,4,1,false,1000,3,3,3,4
LATE,238,2,4,1,true,4,1,true,10,0,0,0,0,0,0
REGION,238,2,4,1,true,4,1,true,10,0,0,0,0
LATE,238,2,4,1,true,4,1,true,1000,0,0,0,0,0,0
REGION,238,2,4,1,true,4,1,true,1000,0,0,0,0
LATE,238,2,4,3,false,1,1,false,10,2,2,0,0,0,0
REGION,238,2,4,3,false,1,1,false,10,2,2,2,0
LATE,238,2,4,3,false,1,1,false,1000,2,0,0,1,1,0
REGION,238,2,4,3,false,1,1,false,1000,2,0,2,0
LATE,238,2,4,3,false,1,1,true,10,2,2,0,2,0,0
REGION,238,2,4,3,false,1,1,true,10,2,2,2,0
LATE,238,2,4,3,false,1,1,true,1000,2,0,0,2,1,0
REGION,238,2,4,3,false,1,1,true,1000,2,0,2,0
LATE,238,2,4,3,false,3,3,false,10,7,6,3,13,1,8
REGION,238,2,4,3,false,3,3,false,10,7,7,7,8
LATE,238,2,4,3,false,3,3,false,1000,7,6,3,13,1,8
REGION,238,2,4,3,false,3,3,false,1000,7,7,7,8
LATE,238,2,4,3,false,3,3,true,10,2,2,0,4,0,0
REGION,238,2,4,3,false,3,3,true,10,2,2,2,0
LATE,238,2,4,3,false,3,3,true,1000,2,0,0,3,1,0
REGION,238,2,4,3,false,3,3,true,1000,2,0,2,0
LATE,238,2,4,3,false,7,7,false,10,16,15,8,46,1,24
REGION,238,2,4,3,false,7,7,false,10,16,16,16,24
LATE,238,2,4,3,false,7,7,false,1000,16,15,8,46,1,24
REGION,238,2,4,3,false,7,7,false,1000,16,16,16,24
LATE,238,2,4,3,false,7,7,true,10,2,2,0,6,0,0
REGION,238,2,4,3,false,7,7,true,10,2,2,2,0
LATE,238,2,4,3,false,7,7,true,1000,2,0,0,4,1,0
REGION,238,2,4,3,false,7,7,true,1000,2,0,2,0
LATE,238,2,4,3,false,1,4,false,10,3,3,0,12,0,4
REGION,238,2,4,3,false,1,4,false,10,3,3,3,4
LATE,238,2,4,3,false,1,4,false,1000,3,3,0,12,0,4
REGION,238,2,4,3,false,1,4,false,1000,3,3,3,4
LATE,238,2,4,3,false,1,4,true,10,0,0,0,0,0,0
REGION,238,2,4,3,false,1,4,true,10,0,0,0,0
LATE,238,2,4,3,false,1,4,true,1000,0,0,0,0,0,0
REGION,238,2,4,3,false,1,4,true,1000,0,0,0,0
LATE,238,2,4,3,false,4,1,false,10,3,3,0,12,0,4
REGION,238,2,4,3,false,4,1,false,10,3,3,3,4
LATE,238,2,4,3,false,4,1,false,1000,3,3,0,12,0,4
REGION,238,2,4,3,false,4,1,false,1000,3,3,3,4
LATE,238,2,4,3,false,4,1,true,10,0,0,0,0,0,0
REGION,238,2,4,3,false,4,1,true,10,0,0,0,0
LATE,238,2,4,3,false,4,1,true,1000,0,0,0,0,0,0
REGION,238,2,4,3,false,4,1,true,1000,0,0,0,0
LATE,238,2,4,3,true,1,1,false,10,2,2,0,2,0,0
REGION,238,2,4,3,true,1,1,false,10,2,2,2,0
LATE,238,2,4,3,true,1,1,false,1000,2,0,0,2,1,0
REGION,238,2,4,3,true,1,1,false,1000,2,0,2,0
LATE,238,2,4,3,true,1,1,true,10,2,0,0,1,1,0
REGION,238,2,4,3,true,1,1,true,10,2,0,2,0
LATE,238,2,4,3,true,1,1,true,1000,2,0,0,1,1,0
REGION,238,2,4,3,true,1,1,true,1000,2,0,2,0
LATE,238,2,4,3,true,3,3,false,10,7,6,3,20,1,8
REGION,238,2,4,3,true,3,3,false,10,7,7,7,8
LATE,238,2,4,3,true,3,3,false,1000,7,6,3,20,1,8
REGION,238,2,4,3,true,3,3,false,1000,7,7,7,8
LATE,238,2,4,3,true,3,3,true,10,2,0,0,1,1,0
REGION,238,2,4,3,true,3,3,true,10,2,0,2,0
LATE,238,2,4,3,true,3,3,true,1000,2,0,0,1,1,0
REGION,238,2,4,3,true,3,3,true,1000,2,0,2,0
LATE,238,2,4,3,true,7,7,false,10,16,15,8,47,1,24
REGION,238,2,4,3,true,7,7,false,10,16,16,16,24
LATE,238,2,4,3,true,7,7,false,1000,16,15,8,47,1,24
REGION,238,2,4,3,true,7,7,false,1000,16,16,16,24
LATE,238,2,4,3,true,7,7,true,10,2,2,0,6,0,0
REGION,238,2,4,3,true,7,7,true,10,2,2,2,0
LATE,238,2,4,3,true,7,7,true,1000,2,0,0,4,1,0
REGION,238,2,4,3,true,7,7,true,1000,2,0,2,0
LATE,238,2,4,3,true,1,4,false,10,3,3,0,12,0,4
REGION,238,2,4,3,true,1,4,false,10,3,3,3,4
LATE,238,2,4,3,true,1,4,false,1000,3,3,0,12,0,4
REGION,238,2,4,3,true,1,4,false,1000,3,3,3,4
LATE,238,2,4,3,true,1,4,true,10,0,0,0,0,0,0
REGION,238,2,4,3,true,1,4,true,10,0,0,0,0
LATE,238,2,4,3,true,1,4,true,1000,0,0,0,0,0,0
REGION,238,2,4,3,true,1,4,true,1000,0,0,0,0
LATE,238,2,4,3,true,4,1,false,10,3,3,0,12,0,4
REGION,238,2,4,3,true,4,1,false,10,3,3,3,4
LATE,238,2,4,3,true,4,1,false,1000,3,3,0,12,0,4
REGION,238,2,4,3,true,4,1,false,1000,3,3,3,4
LATE,238,2,4,3,true,4,1,true,10,0,0,0,0,0,0
REGION,238,2,4,3,true,4,1,true,10,0,0,0,0
LATE,238,2,4,3,true,4,1,true,1000,0,0,0,0,0,0
REGION,238,2,4,3,true,4,1,true,1000,0,0,0,0
LATE,511,1,0,1,false,1,1,false,10,3,3,0,0,0,1
REGION,511,1,0,1,false,1,1,false,10,3,3,3,1
LATE,511,1,0,1,false,1,1,false,1000,3,3,0,0,0,1
REGION,511,1,0,1,false,1,1,false,1000,3,3,3,1
LATE,511,1,0,1,false,1,1,true,10,3,3,0,0,0,1
REGION,511,1,0,1,false,1,1,true,10,3,3,3,1
LATE,511,1,0,1,false,1,1,true,1000,3,3,0,0,0,1
REGION,511,1,0,1,false,1,1,true,1000,3,3,3,1
LATE,511,1,0,1,false,3,3,false,10,9,9,3,0,0,4
REGION,511,1,0,1,false,3,3,false,10,9,9,9,4
LATE,511,1,0,1,false,3,3,false,1000,9,9,3,0,0,4
REGION,511,1,0,1,false,3,3,false,1000,9,9,9,4
LATE,511,1,0,1,false,3,3,true,10,5,5,1,0,0,2
REGION,511,1,0,1,false,3,3,true,10,5,5,5,2
LATE,511,1,0,1,false,3,3,true,1000,5,5,1,0,0,2
REGION,511,1,0,1,false,3,3,true,1000,5,5,5,2
LATE,511,1,0,1,false,7,7,false,10,19,19,8,0,0,9
REGION,511,1,0,1,false,7,7,false,10,19,19,19,9
LATE,511,1,0,1,false,7,7,false,1000,19,19,8,0,0,9
REGION,511,1,0,1,false,7,7,false,1000,19,19,19,9
LATE,511,1,0,1,false,7,7,true,10,7,7,2,0,0,3
REGION,511,1,0,1,false,7,7,true,10,7,7,7,3
LATE,511,1,0,1,false,7,7,true,1000,7,7,2,0,0,3
REGION,511,1,0,1,false,7,7,true,1000,7,7,7,3
LATE,511,1,0,1,false,1,4,false,10,3,3,0,0,0,1
REGION,511,1,0,1,false,1,4,false,10,3,3,3,1
LATE,511,1,0,1,false,1,4,false,1000,3,3,0,0,0,1
REGION,511,1,0,1,false,1,4,false,1000,3,3,3,1
LATE,511,1,0,1,false,1,4,true,10,0,0,0,0,0,0
REGION,511,1,0,1,false,1,4,true,10,0,0,0,0
LATE,511,1,0,1,false,1,4,true,1000,0,0,0,0,0,0
REGION,511,1,0,1,false,1,4,true,1000,0,0,0,0
LATE,511,1,0,1,false,4,1,false,10,3,3,0,0,0,1
REGION,511,1,0,1,false,4,1,false,10,3,3,3,1
LATE,511,1,0,1,false,4,1,false,1000,3,3,0,0,0,1
REGION,511,1,0,1,false,4,1,false,1000,3,3,3,1
LATE,511,1,0,1,false,4,1,true,10,0,0,0,0,0,0
REGION,511,1,0,1,false,4,1,true,10,0,0,0,0
LATE,511,1,0,1,false,4,1,true,1000,0,0,0,0,0,0
REGION,511,1,0,1,false,4,1,true,1000,0,0,0,0
LATE,511,1,0,1,true,1,1,false,10,3,3,0,0,0,1
REGION,511,1,0,1,true,1,1,false,10,3,3,3,1
LATE,511,1,0,1,true,1,1,false,1000,3,3,0,0,0,1
REGION,511,1,0,1,true,1,1,false,1000,3,3,3,1
LATE,511,1,0,1,true,1,1,true,10,3,3,0,0,0,1
REGION,511,1,0,1,true,1,1,true,10,3,3,3,1
LATE,511,1,0,1,true,1,1,true,1000,3,3,0,0,0,1
REGION,511,1,0,1,true,1,1,true,1000,3,3,3,1
LATE,511,1,0,1,true,3,3,false,10,9,9,3,0,0,4
REGION,511,1,0,1,true,3,3,false,10,9,9,9,4
LATE,511,1,0,1,true,3,3,false,1000,9,9,3,0,0,4
REGION,511,1,0,1,true,3,3,false,1000,9,9,9,4
LATE,511,1,0,1,true,3,3,true,10,5,5,1,0,0,2
REGION,511,1,0,1,true,3,3,true,10,5,5,5,2
LATE,511,1,0,1,true,3,3,true,1000,5,5,1,0,0,2
REGION,511,1,0,1,true,3,3,true,1000,5,5,5,2
LATE,511,1,0,1,true,7,7,false,10,19,19,8,0,0,9
REGION,511,1,0,1,true,7,7,false,10,19,19,19,9
LATE,511,1,0,1,true,7,7,false,1000,19,19,8,0,0,9
REGION,511,1,0,1,true,7,7,false,1000,19,19,19,9
LATE,511,1,0,1,true,7,7,true,10,7,7,2,0,0,3
REGION,511,1,0,1,true,7,7,true,10,7,7,7,3
LATE,511,1,0,1,true,7,7,true,1000,7,7,2,0,0,3
REGION,511,1,0,1,true,7,7,true,1000,7,7,7,3
LATE,511,1,0,1,true,1,4,false,10,3,3,0,0,0,1
REGION,511,1,0,1,true,1,4,false,10,3,3,3,1
LATE,511,1,0,1,true,1,4,false,1000,3,3,0,0,0,1
REGION,511,1,0,1,true,1,4,false,1000,3,3,3,1
LATE,511,1,0,1,true,1,4,true,10,0,0,0,0,0,0
REGION,511,1,0,1,true,1,4,true,10,0,0,0,0
LATE,511,1,0,1,true,1,4,true,1000,0,0,0,0,0,0
REGION,511,1,0,1,true,1,4,true,1000,0,0,0,0
LATE,511,1,0,1,true,4,1,false,10,3,3,0,0,0,1
REGION,511,1,0,1,true,4,1,false,10,3,3,3,1
LATE,511,1,0,1,true,4,1,false,1000,3,3,0,0,0,1
REGION,511,1,0,1,true,4,1,false,1000,3,3,3,1
LATE,511,1,0,1,true,4,1,true,10,0,0,0,0,0,0
REGION,511,1,0,1,true,4,1,true,10,0,0,0,0
LATE,511,1,0,1,true,4,1,true,1000,0,0,0,0,0,0
REGION,511,1,0,1,true,4,1,true,1000,0,0,0,0
LATE,511,1,0,3,false,1,1,false,10,3,3,0,0,0,1
REGION,511,1,0,3,false,1,1,false,10,3,3,3,1
LATE,511,1,0,3,false,1,1,false,1000,3,3,0,0,0,1
REGION,511,1,0,3,false,1,1,false,1000,3,3,3,1
LATE,511,1,0,3,false,1,1,true,10,3,3,0,0,0,1
REGION,511,1,0,3,false,1,1,true,10,3,3,3,1
LATE,511,1,0,3,false,1,1,true,1000,3,3,0,0,0,1
REGION,511,1,0,3,false,1,1,true,1000,3,3,3,1
LATE,511,1,0,3,false,3,3,false,10,9,9,3,0,0,4
REGION,511,1,0,3,false,3,3,false,10,9,9,9,4
LATE,511,1,0,3,false,3,3,false,1000,9,9,3,0,0,4
REGION,511,1,0,3,false,3,3,false,1000,9,9,9,4
LATE,511,1,0,3,false,3,3,true,10,5,5,1,0,0,2
REGION,511,1,0,3,false,3,3,true,10,5,5,5,2
LATE,511,1,0,3,false,3,3,true,1000,5,5,1,0,0,2
REGION,511,1,0,3,false,3,3,true,1000,5,5,5,2
LATE,511,1,0,3,false,7,7,false,10,19,19,8,0,0,9
REGION,511,1,0,3,false,7,7,false,10,19,19,19,9
LATE,511,1,0,3,false,7,7,false,1000,19,19,8,0,0,9
REGION,511,1,0,3,false,7,7,false,1000,19,19,19,9
LATE,511,1,0,3,false,7,7,true,10,7,7,2,0,0,3
REGION,511,1,0,3,false,7,7,true,10,7,7,7,3
LATE,511,1,0,3,false,7,7,true,1000,7,7,2,0,0,3
REGION,511,1,0,3,false,7,7,true,1000,7,7,7,3
LATE,511,1,0,3,false,1,4,false,10,3,3,0,0,0,1
REGION,511,1,0,3,false,1,4,false,10,3,3,3,1
LATE,511,1,0,3,false,1,4,false,1000,3,3,0,0,0,1
REGION,511,1,0,3,false,1,4,false,1000,3,3,3,1
LATE,511,1,0,3,false,1,4,true,10,0,0,0,0,0,0
REGION,511,1,0,3,false,1,4,true,10,0,0,0,0
LATE,511,1,0,3,false,1,4,true,1000,0,0,0,0,0,0
REGION,511,1,0,3,false,1,4,true,1000,0,0,0,0
LATE,511,1,0,3,false,4,1,false,10,3,3,0,0,0,1
REGION,511,1,0,3,false,4,1,false,10,3,3,3,1
LATE,511,1,0,3,false,4,1,false,1000,3,3,0,0,0,1
REGION,511,1,0,3,false,4,1,false,1000,3,3,3,1
LATE,511,1,0,3,false,4,1,true,10,0,0,0,0,0,0
REGION,511,1,0,3,false,4,1,true,10,0,0,0,0
LATE,511,1,0,3,false,4,1,true,1000,0,0,0,0,0,0
REGION,511,1,0,3,false,4,1,true,1000,0,0,0,0
LATE,511,1,0,3,true,1,1,false,10,3,3,0,0,0,1
REGION,511,1,0,3,true,1,1,false,10,3,3,3,1
LATE,511,1,0,3,true,1,1,false,1000,3,3,0,0,0,1
REGION,511,1,0,3,true,1,1,false,1000,3,3,3,1
LATE,511,1,0,3,true,1,1,true,10,3,3,0,0,0,1
REGION,511,1,0,3,true,1,1,true,10,3,3,3,1
LATE,511,1,0,3,true,1,1,true,1000,3,3,0,0,0,1
REGION,511,1,0,3,true,1,1,true,1000,3,3,3,1
LATE,511,1,0,3,true,3,3,false,10,9,9,3,0,0,4
REGION,511,1,0,3,true,3,3,false,10,9,9,9,4
LATE,511,1,0,3,true,3,3,false,1000,9,9,3,0,0,4
REGION,511,1,0,3,true,3,3,false,1000,9,9,9,4
LATE,511,1,0,3,true,3,3,true,10,5,5,1,0,0,2
REGION,511,1,0,3,true,3,3,true,10,5,5,5,2
LATE,511,1,0,3,true,3,3,true,1000,5,5,1,0,0,2
REGION,511,1,0,3,true,3,3,true,1000,5,5,5,2
LATE,511,1,0,3,true,7,7,false,10,19,19,8,0,0,9
REGION,511,1,0,3,true,7,7,false,10,19,19,19,9
LATE,511,1,0,3,true,7,7,false,1000,19,19,8,0,0,9
REGION,511,1,0,3,true,7,7,false,1000,19,19,19,9
LATE,511,1,0,3,true,7,7,true,10,7,7,2,0,0,3
REGION,511,1,0,3,true,7,7,true,10,7,7,7,3
LATE,511,1,0,3,true,7,7,true,1000,7,7,2,0,0,3
REGION,511,1,0,3,true,7,7,true,1000,7,7,7,3
LATE,511,1,0,3,true,1,4,false,10,3,3,0,0,0,1
REGION,511,1,0,3,true,1,4,false,10,3,3,3,1
LATE,511,1,0,3,true,1,4,false,1000,3,3,0,0,0,1
REGION,511,1,0,3,true,1,4,false,1000,3,3,3,1
LATE,511,1,0,3,true,1,4,true,10,0,0,0,0,0,0
REGION,511,1,0,3,true,1,4,true,10,0,0,0,0
LATE,511,1,0,3,true,1,4,true,1000,0,0,0,0,0,0
REGION,511,1,0,3,true,1,4,true,1000,0,0,0,0
LATE,511,1,0,3,true,4,1,false,10,3,3,0,0,0,1
REGION,511,1,0,3,true,4,1,false,10,3,3,3,1
LATE,511,1,0,3,true,4,1,false,1000,3,3,0,0,0,1
REGION,511,1,0,3,true,4,1,false,1000,3,3,3,1
LATE,511,1,0,3,true,4,1,true,10,0,0,0,0,0,0
REGION,511,1,0,3,true,4,1,true,10,0,0,0,0
LATE,511,1,0,3,true,4,1,true,1000,0,0,0,0,0,0
REGION,511,1,0,3,true,4,1,true,1000,0,0,0,0
LATE,511,1,1,1,false,1,1,false,10,3,3,0,0,0,1
REGION,511,1,1,1,false,1,1,false,10,3,3,3,1
LATE,511,1,1,1,false,1,1,false,1000,3,3,0,0,0,1
REGION,511,1,1,1,false,1,1,false,1000,3,3,3,1
LATE,511,1,1,1,false,1,1,true,10,3,3,0,0,0,1
REGION,511,1,1,1,false,1,1,true,10,3,3,3,1
LATE,511,1,1,1,false,1,1,true,1000,3,3,0,0,0,1
REGION,511,1,1,1,false,1,1,true,1000,3,3,3,1
LATE,511,1,1,1,false,3,3,false,10,9,9,3,0,0,4
REGION,511,1,1,1,false,3,3,false,10,9,9,9,4
LATE,511,1,1,1,false,3,3,false,1000,9,9,3,0,0,4
REGION,511,1,1,1,false,3,3,false,1000,9,9,9,4
LATE,511,1,1,1,false,3,3,true,10,5,5,1,0,0,2
REGION,511,1,1,1,false,3,3,true,10,5,5,5,2
LATE,511,1,1,1,false,3,3,true,1000,5,5,1,0,0,2
REGION,511,1,1,1,false,3,3,true,1000,5,5,5,2
LATE,511,1,1,1,false,7,7,false,10,19,19,8,0,0,9
REGION,511,1,1,1,false,7,7,false,10,19,19,19,9
LATE,511,1,1,1,false,7,7,false,1000,19,19,8,0,0,9
REGION,511,1,1,1,false,7,7,false,1000,19,19,19,9
LATE,511,1,1,1,false,7,7,true,10,7,7,2,0,0,3
REGION,511,1,1,1,false,7,7,true,10,7,7,7,3
LATE,511,1,1,1,false,7,7,true,1000,7,7,2,0,0,3
REGION,511,1,1,1,false,7,7,true,1000,7,7,7,3
LATE,511,1,1,1,false,1,4,false,10,3,3,0,0,0,1
REGION,511,1,1,1,false,1,4,false,10,3,3,3,1
LATE,511,1,1,1,false,1,4,false,1000,3,3,0,0,0,1
REGION,511,1,1,1,false,1,4,false,1000,3,3,3,1
LATE,511,1,1,1,false,1,4,true,10,0,0,0,0,0,0
REGION,511,1,1,1,false,1,4,true,10,0,0,0,0
LATE,511,1,1,1,false,1,4,true,1000,0,0,0,0,0,0
REGION,511,1,1,1,false,1,4,true,1000,0,0,0,0
LATE,511,1,1,1,false,4,1,false,10,3,3,0,0,0,1
REGION,511,1,1,1,false,4,1,false,10,3,3,3,1
LATE,511,1,1,1,false,4,1,false,1000,3,3,0,0,0,1
REGION,511,1,1,1,false,4,1,false,1000,3,3,3,1
LATE,511,1,1,1,false,4,1,true,10,0,0,0,0,0,0
REGION,511,1,1,1,false,4,1,true,10,0,0,0,0
LATE,511,1,1,1,false,4,1,true,1000,0,0,0,0,0,0
REGION,511,1,1,1,false,4,1,true,1000,0,0,0,0
LATE,511,1,1,1,true,1,1,false,10,3,3,0,0,0,1
REGION,511,1,1,1,true,1,1,false,10,3,3,3,1
LATE,511,1,1,1,true,1,1,false,1000,3,3,0,0,0,1
REGION,511,1,1,1,true,1,1,false,1000,3,3,3,1
LATE,511,1,1,1,true,1,1,true,10,3,3,0,0,0,1
REGION,511,1,1,1,true,1,1,true,10,3,3,3,1
LATE,511,1,1,1,true,1,1,true,1000,3,3,0,0,0,1
REGION,511,1,1,1,true,1,1,true,1000,3,3,3,1
LATE,511,1,1,1,true,3,3,false,10,9,9,3,0,0,4
REGION,511,1,1,1,true,3,3,false,10,9,9,9,4
LATE,511,1,1,1,true,3,3,false,1000,9,9,3,0,0,4
REGION,511,1,1,1,true,3,3,false,1000,9,9,9,4
LATE,511,1,1,1,true,3,3,true,10,5,5,1,0,0,2
REGION,511,1,1,1,true,3,3,true,10,5,5,5,2
LATE,511,1,1,1,true,3,3,true,1000,5,5,1,0,0,2
REGION,511,1,1,1,true,3,3,true,1000,5,5,5,2
LATE,511,1,1,1,true,7,7,false,10,19,19,8,0,0,9
REGION,511,1,1,1,true,7,7,false,10,19,19,19,9
LATE,511,1,1,1,true,7,7,false,1000,19,19,8,0,0,9
REGION,511,1,1,1,true,7,7,false,1000,19,19,19,9
LATE,511,1,1,1,true,7,7,true,10,7,7,2,0,0,3
REGION,511,1,1,1,true,7,7,true,10,7,7,7,3
LATE,511,1,1,1,true,7,7,true,1000,7,7,2,0,0,3
REGION,511,1,1,1,true,7,7,true,1000,7,7,7,3
LATE,511,1,1,1,true,1,4,false,10,3,3,0,0,0,1
REGION,511,1,1,1,true,1,4,false,10,3,3,3,1
LATE,511,1,1,1,true,1,4,false,1000,3,3,0,0,0,1
REGION,511,1,1,1,true,1,4,false,1000,3,3,3,1
LATE,511,1,1,1,true,1,4,true,10,0,0,0,0,0,0
REGION,511,1,1,1,true,1,4,true,10,0,0,0,0
LATE,511,1,1,1,true,1,4,true,1000,0,0,0,0,0,0
REGION,511,1,1,1,true,1,4,true,1000,0,0,0,0
LATE,511,1,1,1,true,4,1,false,10,3,3,0,0,0,1
REGION,511,1,1,1,true,4,1,false,10,3,3,3,1
LATE,511,1,1,1,true,4,1,false,1000,3,3,0,0,0,1
REGION,511,1,1,1,true,4,1,false,1000,3,3,3,1
LATE,511,1,1,1,true,4,1,true,10,0,0,0,0,0,0
REGION,511,1,1,1,true,4,1,true,10,0,0,0,0
LATE,511,1,1,1,true,4,1,true,1000,0,0,0,0,0,0
REGION,511,1,1,1,true,4,1,true,1000,0,0,0,0
LATE,511,1,1,3,false,1,1,false,10,3,3,0,0,0,1
REGION,511,1,1,3,false,1,1,false,10,3,3,3,1
LATE,511,1,1,3,false,1,1,false,1000,3,3,0,0,0,1
REGION,511,1,1,3,false,1,1,false,1000,3,3,3,1
LATE,511,1,1,3,false,1,1,true,10,3,3,0,0,0,1
REGION,511,1,1,3,false,1,1,true,10,3,3,3,1
LATE,511,1,1,3,false,1,1,true,1000,3,3,0,0,0,1
REGION,511,1,1,3,false,1,1,true,1000,3,3,3,1
LATE,511,1,1,3,false,3,3,false,10,9,9,3,0,0,4
REGION,511,1,1,3,false,3,3,false,10,9,9,9,4
LATE,511,1,1,3,false,3,3,false,1000,9,9,3,0,0,4
REGION,511,1,1,3,false,3,3,false,1000,9,9,9,4
LATE,511,1,1,3,false,3,3,true,10,5,5,1,0,0,2
REGION,511,1,1,3,false,3,3,true,10,5,5,5,2
LATE,511,1,1,3,false,3,3,true,1000,5,5,1,0,0,2
REGION,511,1,1,3,false,3,3,true,1000,5,5,5,2
LATE,511,1,1,3,false,7,7,false,10,19,19,8,0,0,9
REGION,511,1,1,3,false,7,7,false,10,19,19,19,9
LATE,511,1,1,3,false,7,7,false,1000,19,19,8,0,0,9
REGION,511,1,1,3,false,7,7,false,1000,19,19,19,9
LATE,511,1,1,3,false,7,7,true,10,7,7,2,0,0,3
REGION,511,1,1,3,false,7,7,true,10,7,7,7,3
LATE,511,1,1,3,false,7,7,true,1000,7,7,2,0,0,3
REGION,511,1,1,3,false,7,7,true,1000,7,7,7,3
LATE,511,1,1,3,false,1,4,false,10,3,3,0,0,0,1
REGION,511,1,1,3,false,1,4,false,10,3,3,3,1
LATE,511,1,1,3,false,1,4,false,1000,3,3,0,0,0,1
REGION,511,1,1,3,false,1,4,false,1000,3,3,3,1
LATE,511,1,1,3,false,1,4,true,10,0,0,0,0,0,0
REGION,511,1,1,3,false,1,4,true,10,0,0,0,0
LATE,511,1,1,3,false,1,4,true,1000,0,0,0,0,0,0
REGION,511,1,1,3,false,1,4,true,1000,0,0,0,0
LATE,511,1,1,3,false,4,1,false,10,3,3,0,0,0,1
REGION,511,1,1,3,false,4,1,false,10,3,3,3,1
LATE,511,1,1,3,false,4,1,false,1000,3,3,0,0,0,1
REGION,511,1,1,3,false,4,1,false,1000,3,3,3,1
LATE,511,1,1,3,false,4,1,true,10,0,0,0,0,0,0
REGION,511,1,1,3,false,4,1,true,10,0,0,0,0
LATE,511,1,1,3,false,4,1,true,1000,0,0,0,0,0,0
REGION,511,1,1,3,false,4,1,true,1000,0,0,0,0
LATE,511,1,1,3,true,1,1,false,10,3,3,0,0,0,1
REGION,511,1,1,3,true,1,1,false,10,3,3,3,1
LATE,511,1,1,3,true,1,1,false,1000,3,3,0,0,0,1
REGION,511,1,1,3,true,1,1,false,1000,3,3,3,1
LATE,511,1,1,3,true,1,1,true,10,3,3,0,0,0,1
REGION,511,1,1,3,true,1,1,true,10,3,3,3,1
LATE,511,1,1,3,true,1,1,true,1000,3,3,0,0,0,1
REGION,511,1,1,3,true,1,1,true,1000,3,3,3,1
LATE,511,1,1,3,true,3,3,false,10,9,9,3,0,0,4
REGION,511,1,1,3,true,3,3,false,10,9,9,9,4
LATE,511,1,1,3,true,3,3,false,1000,9,9,3,0,0,4
REGION,511,1,1,3,true,3,3,false,1000,9,9,9,4
LATE,511,1,1,3,true,3,3,true,10,5,5,1,0,0,2
REGION,511,1,1,3,true,3,3,true,10,5,5,5,2
LATE,511,1,1,3,true,3,3,true,1000,5,5,1,0,0,2
REGION,511,1,1,3,true,3,3,true,1000,5,5,5,2
LATE,511,1,1,3,true,7,7,false,10,19,19,8,0,0,9
REGION,511,1,1,3,true,7,7,false,10,19,19,19,9
LATE,511,1,1,3,true,7,7,false,1000,19,19,8,0,0,9
REGION,511,1,1,3,true,7,7,false,1000,19,19,19,9
LATE,511,1,1,3,true,7,7,true,10,7,7,2,0,0,3
REGION,511,1,1,3,true,7,7,true,10,7,7,7,3
LATE,511,1,1,3,true,7,7,true,1000,7,7,2,0,0,3
REGION,511,1,1,3,true,7,7,true,1000,7,7,7,3
LATE,511,1,1,3,true,1,4,false,10,3,3,0,0,0,1
REGION,511,1,1,3,true,1,4,false,10,3,3,3,1
LATE,511,1,1,3,true,1,4,false,1000,3,3,0,0,0,1
REGION,511,1,1,3,true,1,4,false,1000,3,3,3,1
LATE,511,1,1,3,true,1,4,true,10,0,0,0,0,0,0
REGION,511,1,1,3,true,1,4,true,10,0,0,0,0
LATE,511,1,1,3,true,1,4,true,1000,0,0,0,0,0,0
REGION,511,1,1,3,true,1,4,true,1000,0,0,0,0
LATE,511,1,1,3,true,4,1,false,10,3,3,0,0,0,1
REGION,511,1,1,3,true,4,1,false,10,3,3,3,1
LATE,511,1,1,3,true,4,1,false,1000,3,3,0,0,0,1
REGION,511,1,1,3,true,4,1,false,1000,3,3,3,1
LATE,511,1,1,3,true,4,1,true,10,0,0,0,0,0,0
REGION,511,1,1,3,true,4,1,true,10,0,0,0,0
LATE,511,1,1,3,true,4,1,true,1000,0,0,0,0,0,0
REGION,511,1,1,3,true,4,1,true,1000,0,0,0,0
LATE,511,1,4,1,false,1,1,false,10,3,3,0,0,0,1
REGION,511,1,4,1,false,1,1,false,10,3,3,3,1
LATE,511,1,4,1,false,1,1,false,1000,3,3,0,0,0,1
REGION,511,1,4,1,false,1,1,false,1000,3,3,3,1
LATE,511,1,4,1,false,1,1,true,10,3,3,0,0,0,1
REGION,511,1,4,1,false,1,1,true,10,3,3,3,1
LATE,511,1,4,1,false,1,1,true,1000,3,3,0,0,0,1
REGION,511,1,4,1,false,1,1,true,1000,3,3,3,1
LATE,511,1,4,1,false,3,3,false,10,9,9,3,0,0,4
REGION,511,1,4,1,false,3,3,false,10,9,9,9,4
LATE,511,1,4,1,false,3,3,false,1000,9,9,3,0,0,4
REGION,511,1,4,1,false,3,3,false,1000,9,9,9,4
LATE,511,1,4,1,false,3,3,true,10,5,5,1,0,0,2
REGION,511,1,4,1,false,3,3,true,10,5,5,5,2
LATE,511,1,4,1,false,3,3,true,1000,5,5,1,0,0,2
REGION,511,1,4,1,false,3,3,true,1000,5,5,5,2
LATE,511,1,4,1,false,7,7,false,10,19,19,8,0,0,9
REGION,511,1,4,1,false,7,7,false,10,19,19,19,9
LATE,511,1,4,1,false,7,7,false,1000,19,19,8,0,0,9
REGION,511,1,4,1,false,7,7,false,1000,19,19,19,9
LATE,511,1,4,1,false,7,7,true,10,7,7,2,0,0,3
REGION,511,1,4,1,false,7,7,true,10,7,7,7,3
LATE,511,1,4,1,false,7,7,true,1000,7,7,2,0,0,3
REGION,511,1,4,1,false,7,7,true,1000,7,7,7,3
LATE,511,1,4,1,false,1,4,false,10,3,3,0,0,0,1
REGION,511,1,4,1,false,1,4,false,10,3,3,3,1
LATE,511,1,4,1,false,1,4,false,1000,3,3,0,0,0,1
REGION,511,1,4,1,false,1,4,false,1000,3,3,3,1
LATE,511,1,4,1,false,1,4,true,10,0,0,0,0,0,0
REGION,511,1,4,1,false,1,4,true,10,0,0,0,0
LATE,511,1,4,1,false,1,4,true,1000,0,0,0,0,0,0
REGION,511,1,4,1,false,1,4,true,1000,0,0,0,0
LATE,511,1,4,1,false,4,1,false,10,3,3,0,0,0,1
REGION,511,1,4,1,false,4,1,false,10,3,3,3,1
LATE,511,1,4,1,false,4,1,false,1000,3,3,0,0,0,1
REGION,511,1,4,1,false,4,1,false,1000,3,3,3,1
LATE,511,1,4,1,false,4,1,true,10,0,0,0,0,0,0
REGION,511,1,4,1,false,4,1,true,10,0,0,0,0
LATE,511,1,4,1,false,4,1,true,1000,0,0,0,0,0,0
REGION,511,1,4,1,false,4,1,true,1000,0,0,0,0
LATE,511,1,4,1,true,1,1,false,10,3,3,0,0,0,1
REGION,511,1,4,1,true,1,1,false,10,3,3,3,1
LATE,511,1,4,1,true,1,1,false,1000,3,3,0,0,0,1
REGION,511,1,4,1,true,1,1,false,1000,3,3,3,1
LATE,511,1,4,1,true,1,1,true,10,3,3,0,0,0,1
REGION,511,1,4,1,true,1,1,true,10,3,3,3,1
LATE,511,1,4,1,true,1,1,true,1000,3,3,0,0,0,1
REGION,511,1,4,1,true,1,1,true,1000,3,3,3,1
LATE,511,1,4,1,true,3,3,false,10,9,9,3,0,0,4
REGION,511,1,4,1,true,3,3,false,10,9,9,9,4
LATE,511,1,4,1,true,3,3,false,1000,9,9,3,0,0,4
REGION,511,1,4,1,true,3,3,false,1000,9,9,9,4
LATE,511,1,4,1,true,3,3,true,10,5,5,1,0,0,2
REGION,511,1,4,1,true,3,3,true,10,5,5,5,2
LATE,511,1,4,1,true,3,3,true,1000,5,5,1,0,0,2
REGION,511,1,4,1,true,3,3,true,1000,5,5,5,2
LATE,511,1,4,1,true,7,7,false,10,19,19,8,0,0,9
REGION,511,1,4,1,true,7,7,false,10,19,19,19,9
LATE,511,1,4,1,true,7,7,false,1000,19,19,8,0,0,9
REGION,511,1,4,1,true,7,7,false,1000,19,19,19,9
LATE,511,1,4,1,true,7,7,true,10,7,7,2,0,0,3
REGION,511,1,4,1,true,7,7,true,10,7,7,7,3
LATE,511,1,4,1,true,7,7,true,1000,7,7,2,0,0,3
REGION,511,1,4,1,true,7,7,true,1000,7,7,7,3
LATE,511,1,4,1,true,1,4,false,10,3,3,0,0,0,1
REGION,511,1,4,1,true,1,4,false,10,3,3,3,1
LATE,511,1,4,1,true,1,4,false,1000,3,3,0,0,0,1
REGION,511,1,4,1,true,1,4,false,1000,3,3,3,1
LATE,511,1,4,1,true,1,4,true,10,0,0,0,0,0,0
REGION,511,1,4,1,true,1,4,true,10,0,0,0,0
LATE,511,1,4,1,true,1,4,true,1000,0,0,0,0,0,0
REGION,511,1,4,1,true,1,4,true,1000,0,0,0,0
LATE,511,1,4,1,true,4,1,false,10,3,3,0,0,0,1
REGION,511,1,4,1,true,4,1,false,10,3,3,3,1
LATE,511,1,4,1,true,4,1,false,1000,3,3,0,0,0,1
REGION,511,1,4,1,true,4,1,false,1000,3,3,3,1
LATE,511,1,4,1,true,4,1,true,10,0,0,0,0,0,0
REGION,511,1,4,1,true,4,1,true,10,0,0,0,0
LATE,511,1,4,1,true,4,1,true,1000,0,0,0,0,0,0
REGION,511,1,4,1,true,4,1,true,1000,0,0,0,0
LATE,511,1,4,3,false,1,1,false,10,3,3,0,0,0,1
REGION,511,1,4,3,false,1,1,false,10,3,3,3,1
LATE,511,1,4,3,false,1,1,false,1000,3,3,0,0,0,1
REGION,511,1,4,3,false,1,1,false,1000,3,3,3,1
LATE,511,1,4,3,false,1,1,true,10,3,3,0,0,0,1
REGION,511,1,4,3,false,1,1,true,10,3,3,3,1
LATE,511,1,4,3,false,1,1,true,1000,3,3,0,0,0,1
REGION,511,1,4,3,false,1,1,true,1000,3,3,3,1
LATE,511,1,4,3,false,3,3,false,10,9,9,3,0,0,4
REGION,511,1,4,3,false,3,3,false,10,9,9,9,4
LATE,511,1,4,3,false,3,3,false,1000,9,9,3,0,0,4
REGION,511,1,4,3,false,3,3,false,1000,9,9,9,4
LATE,511,1,4,3,false,3,3,true,10,5,5,1,0,0,2
REGION,511,1,4,3,false,3,3,true,10,5,5,5,2
LATE,511,1,4,3,false,3,3,true,1000,5,5,1,0,0,2
REGION,511,1,4,3,false,3,3,true,1000,5,5,5,2
LATE,511,1,4,3,false,7,7,false,10,19,19,8,0,0,9
REGION,511,1,4,3,false,7,7,false,10,19,19,19,9
LATE,511,1,4,3,false,7,7,false,1000,19,19,8,0,0,9
REGION,511,1,4,3,false,7,7,false,1000,19,19,19,9
LATE,511,1,4,3,false,7,7,true,10,7,7,2,0,0,3
REGION,511,1,4,3,false,7,7,true,10,7,7,7,3
LATE,511,1,4,3,false,7,7,true,1000,7,7,2,0,0,3
REGION,511,1,4,3,false,7,7,true,1000,7,7,7,3
LATE,511,1,4,3,false,1,4,false,10,3,3,0,0,0,1
REGION,511,1,4,3,false,1,4,false,10,3,3,3,1
LATE,511,1,4,3,false,1,4,false,1000,3,3,0,0,0,1
REGION,511,1,4,3,false,1,4,false,1000,3,3,3,1
LATE,511,1,4,3,false,1,4,true,10,0,0,0,0,0,0
REGION,511,1,4,3,false,1,4,true,10,0,0,0,0
LATE,511,1,4,3,false,1,4,true,1000,0,0,0,0,0,0
REGION,511,1,4,3,false,1,4,true,1000,0,0,0,0
LATE,511,1,4,3,false,4,1,false,10,3,3,0,0,0,1
REGION,511,1,4,3,false,4,1,false,10,3,3,3,1
LATE,511,1,4,3,false,4,1,false,1000,3,3,0,0,0,1
REGION,511,1,4,3,false,4,1,false,1000,3,3,3,1
LATE,511,1,4,3,false,4,1,true,10,0,0,0,0,0,0
REGION,511,1,4,3,false,4,1,true,10,0,0,0,0
LATE,511,1,4,3,false,4,1,true,1000,0,0,0,0,0,0
REGION,511,1,4,3,false,4,1,true,1000,0,0,0,0
LATE,511,1,4,3,true,1,1,false,10,3,3,0,0,0,1
REGION,511,1,4,3,true,1,1,false,10,3,3,3,1
LATE,511,1,4,3,true,1,1,false,1000,3,3,0,0,0,1
REGION,511,1,4,3,true,1,1,false,1000,3,3,3,1
LATE,511,1,4,3,true,1,1,true,10,3,3,0,0,0,1
REGION,511,1,4,3,true,1,1,true,10,3,3,3,1
LATE,511,1,4,3,true,1,1,true,1000,3,3,0,0,0,1
REGION,511,1,4,3,true,1,1,true,1000,3,3,3,1
LATE,511,1,4,3,true,3,3,false,10,9,9,3,0,0,4
REGION,511,1,4,3,true,3,3,false,10,9,9,9,4
LATE,511,1,4,3,true,3,3,false,1000,9,9,3,0,0,4
REGION,511,1,4,3,true,3,3,false,1000,9,9,9,4
LATE,511,1,4,3,true,3,3,true,10,5,5,1,0,0,2
REGION,511,1,4,3,true,3,3,true,10,5,5,5,2
LATE,511,1,4,3,true,3,3,true,1000,5,5,1,0,0,2
REGION,511,1,4,3,true,3,3,true,1000,5,5,5,2
LATE,511,1,4,3,true,7,7,false,10,19,19,8,0,0,9
REGION,511,1,4,3,true,7,7,false,10,19,19,19,9
LATE,511,1,4,3,true,7,7,false,1000,19,19,8,0,0,9
REGION,511,1,4,3,true,7,7,false,1000,19,19,19,9
LATE,511,1,4,3,true,7,7,true,10,7,7,2,0,0,3
REGION,511,1,4,3,true,7,7,true,10,7,7,7,3
LATE,511,1,4,3,true,7,7,true,1000,7,7,2,0,0,3
REGION,511,1,4,3,true,7,7,true,1000,7,7,7,3
LATE,511,1,4,3,true,1,4,false,10,3,3,0,0,0,1
REGION,511,1,4,3,true,1,4,false,10,3,3,3,1
LATE,511,1,4,3,true,1,4,false,1000,3,3,0,0,0,1
REGION,511,1,4,3,true,1,4,false,1000,3,3,3,1
LATE,511,1,4,3,true,1,4,true,10,0,0,0,0,0,0
REGION,511,1,4,3,true,1,4,true,10,0,0,0,0
LATE,511,1,4,3,true,1,4,true,1000,0,0,0,0,0,0
REGION,511,1,4,3,true,1,4,true,1000,0,0,0,0
LATE,511,1,4,3,true,4,1,false,10,3,3,0,0,0,1
REGION,511,1,4,3,true,4,1,false,10,3,3,3,1
LATE,511,1,4,3,true,4,1,false,1000,3,3,0,0,0,1
REGION,511,1,4,3,true,4,1,false,1000,3,3,3,1
LATE,511,1,4,3,true,4,1,true,10,0,0,0,0,0,0
REGION,511,1,4,3,true,4,1,true,10,0,0,0,0
LATE,511,1,4,3,true,4,1,true,1000,0,0,0,0,0,0
REGION,511,1,4,3,true,4,1,true,1000,0,0,0,0
LATE,511,2,0,1,false,1,1,false,10,3,3,0,0,0,4
REGION,511,2,0,1,false,1,1,false,10,3,3,3,4
LATE,511,2,0,1,false,1,1,false,1000,3,3,0,0,0,4
REGION,511,2,0,1,false,1,1,false,1000,3,3,3,4
LATE,511,2,0,1,false,1,1,true,10,3,3,0,0,0,4
REGION,511,2,0,1,false,1,1,true,10,3,3,3,4
LATE,511,2,0,1,false,1,1,true,1000,3,3,0,0,0,4
REGION,511,2,0,1,false,1,1,true,1000,3,3,3,4
LATE,511,2,0,1,false,3,3,false,10,9,9,3,0,0,16
REGION,511,2,0,1,false,3,3,false,10,9,9,9,16
LATE,511,2,0,1,false,3,3,false,1000,9,9,3,0,0,16
REGION,511,2,0,1,false,3,3,false,1000,9,9,9,16
LATE,511,2,0,1,false,3,3,true,10,5,5,1,0,0,8
REGION,511,2,0,1,false,3,3,true,10,5,5,5,8
LATE,511,2,0,1,false,3,3,true,1000,5,5,1,0,0,8
REGION,511,2,0,1,false,3,3,true,1000,5,5,5,8
LATE,511,2,0,1,false,7,7,false,10,19,19,8,0,0,36
REGION,511,2,0,1,false,7,7,false,10,19,19,19,36
LATE,511,2,0,1,false,7,7,false,1000,19,19,8,0,0,36
REGION,511,2,0,1,false,7,7,false,1000,19,19,19,36
LATE,511,2,0,1,false,7,7,true,10,7,7,2,0,0,12
REGION,511,2,0,1,false,7,7,true,10,7,7,7,12
LATE,511,2,0,1,false,7,7,true,1000,7,7,2,0,0,12
REGION,511,2,0,1,false,7,7,true,1000,7,7,7,12
LATE,511,2,0,1,false,1,4,false,10,3,3,0,0,0,4
REGION,511,2,0,1,false,1,4,false,10,3,3,3,4
LATE,511,2,0,1,false,1,4,false,1000,3,3,0,0,0,4
REGION,511,2,0,1,false,1,4,false,1000,3,3,3,4
LATE,511,2,0,1,false,1,4,true,10,0,0,0,0,0,0
REGION,511,2,0,1,false,1,4,true,10,0,0,0,0
LATE,511,2,0,1,false,1,4,true,1000,0,0,0,0,0,0
REGION,511,2,0,1,false,1,4,true,1000,0,0,0,0
LATE,511,2,0,1,false,4,1,false,10,3,3,0,0,0,4
REGION,511,2,0,1,false,4,1,false,10,3,3,3,4
LATE,511,2,0,1,false,4,1,false,1000,3,3,0,0,0,4
REGION,511,2,0,1,false,4,1,false,1000,3,3,3,4
LATE,511,2,0,1,false,4,1,true,10,0,0,0,0,0,0
REGION,511,2,0,1,false,4,1,true,10,0,0,0,0
LATE,511,2,0,1,false,4,1,true,1000,0,0,0,0,0,0
REGION,511,2,0,1,false,4,1,true,1000,0,0,0,0
LATE,511,2,0,1,true,1,1,false,10,3,3,0,0,0,4
REGION,511,2,0,1,true,1,1,false,10,3,3,3,4
LATE,511,2,0,1,true,1,1,false,1000,3,3,0,0,0,4
REGION,511,2,0,1,true,1,1,false,1000,3,3,3,4
LATE,511,2,0,1,true,1,1,true,10,3,3,0,0,0,4
REGION,511,2,0,1,true,1,1,true,10,3,3,3,4
LATE,511,2,0,1,true,1,1,true,1000,3,3,0,0,0,4
REGION,511,2,0,1,true,1,1,true,1000,3,3,3,4
LATE,511,2,0,1,true,3,3,false,10,9,9,3,0,0,16
REGION,511,2,0,1,true,3,3,false,10,9,9,9,16
LATE,511,2,0,1,true,3,3,false,1000,9,9,3,0,0,16
REGION,511,2,0,1,true,3,3,false,1000,9,9,9,16
LATE,511,2,0,1,true,3,3,true,10,5,5,1,0,0,8
REGION,511,2,0,1,true,3,3,true,10,5,5,5,8
LATE,511,2,0,1,true,3,3,true,1000,5,5,1,0,0,8
REGION,511,2,0,1,true,3,3,true,1000,5,5,5,8
LATE,511,2,0,1,true,7,7,false,10,19,19,8,0,0,36
REGION,511,2,0,1,true,7,7,false,10,19,19,19,36
LATE,511,2,0,1,true,7,7,false,1000,19,19,8,0,0,36
REGION,511,2,0,1,true,7,7,false,1000,19,19,19,36
LATE,511,2,0,1,true,7,7,true,10,7,7,2,0,0,12
REGION,511,2,0,1,true,7,7,true,10,7,7,7,12
LATE,511,2,0,1,true,7,7,true,1000,7,7,2,0,0,12
REGION,511,2,0,1,true,7,7,true,1000,7,7,7,12
LATE,511,2,0,1,true,1,4,false,10,3,3,0,0,0,4
REGION,511,2,0,1,true,1,4,false,10,3,3,3,4
LATE,511,2,0,1,true,1,4,false,1000,3,3,0,0,0,4
REGION,511,2,0,1,true,1,4,false,1000,3,3,3,4
LATE,511,2,0,1,true,1,4,true,10,0,0,0,0,0,0
REGION,511,2,0,1,true,1,4,true,10,0,0,0,0
LATE,511,2,0,1,true,1,4,true,1000,0,0,0,0,0,0
REGION,511,2,0,1,true,1,4,true,1000,0,0,0,0
LATE,511,2,0,1,true,4,1,false,10,3,3,0,0,0,4
REGION,511,2,0,1,true,4,1,false,10,3,3,3,4
LATE,511,2,0,1,true,4,1,false,1000,3,3,0,0,0,4
REGION,511,2,0,1,true,4,1,false,1000,3,3,3,4
LATE,511,2,0,1,true,4,1,true,10,0,0,0,0,0,0
REGION,511,2,0,1,true,4,1,true,10,0,0,0,0
LATE,511,2,0,1,true,4,1,true,1000,0,0,0,0,0,0
REGION,511,2,0,1,true,4,1,true,1000,0,0,0,0
LATE,511,2,0,3,false,1,1,false,10,3,3,0,0,0,4
REGION,511,2,0,3,false,1,1,false,10,3,3,3,4
LATE,511,2,0,3,false,1,1,false,1000,3,3,0,0,0,4
REGION,511,2,0,3,false,1,1,false,1000,3,3,3,4
LATE,511,2,0,3,false,1,1,true,10,3,3,0,0,0,4
REGION,511,2,0,3,false,1,1,true,10,3,3,3,4
LATE,511,2,0,3,false,1,1,true,1000,3,3,0,0,0,4
REGION,511,2,0,3,false,1,1,true,1000,3,3,3,4
LATE,511,2,0,3,false,3,3,false,10,9,9,3,0,0,16
REGION,511,2,0,3,false,3,3,false,10,9,9,9,16
LATE,511,2,0,3,false,3,3,false,1000,9,9,3,0,0,16
REGION,511,2,0,3,false,3,3,false,1000,9,9,9,16
LATE,511,2,0,3,false,3,3,true,10,5,5,1,0,0,8
REGION,511,2,0,3,false,3,3,true,10,5,5,5,8
LATE,511,2,0,3,false,3,3,true,1000,5,5,1,0,0,8
REGION,511,2,0,3,false,3,3,true,1000,5,5,5,8
LATE,511,2,0,3,false,7,7,false,10,19,19,8,0,0,36
REGION,511,2,0,3,false,7,7,false,10,19,19,19,36
LATE,511,2,0,3,false,7,7,false,1000,19,19,8,0,0,36
REGION,511,2,0,3,false,7,7,false,1000,19,19,19,36
LATE,511,2,0,3,false,7,7,true,10,7,7,2,0,0,12
REGION,511,2,0,3,false,7,7,true,10,7,7,7,12
LATE,511,2,0,3,false,7,7,true,1000,7,7,2,0,0,12
REGION,511,2,0,3,false,7,7,true,1000,7,7,7,12
LATE,511,2,0,3,false,1,4,false,10,3,3,0,0,0,4
REGION,511,2,0,3,false,1,4,false,10,3,3,3,4
LATE,511,2,0,3,false,1,4,false,1000,3,3,0,0,0,4
REGION,511,2,0,3,false,1,4,false,1000,3,3,3,4
LATE,511,2,0,3,false,1,4,true,10,0,0,0,0,0,0
REGION,511,2,0,3,false,1,4,true,10,0,0,0,0
LATE,511,2,0,3,false,1,4,true,1000,0,0,0,0,0,0
REGION,511,2,0,3,false,1,4,true,1000,0,0,0,0
LATE,511,2,0,3,false,4,1,false,10,3,3,0,0,0,4
REGION,511,2,0,3,false,4,1,false,10,3,3,3,4
LATE,511,2,0,3,false,4,1,false,1000,3,3,0,0,0,4
REGION,511,2,0,3,false,4,1,false,1000,3,3,3,4
LATE,511,2,0,3,false,4,1,true,10,0,0,0,0,0,0
REGION,511,2,0,3,false,4,1,true,10,0,0,0,0
LATE,511,2,0,3,false,4,1,true,1000,0,0,0,0,0,0
REGION,511,2,0,3,false,4,1,true,1000,0,0,0,0
LATE,511,2,0,3,true,1,1,false,10,3,3,0,0,0,4
REGION,511,2,0,3,true,1,1,false,10,3,3,3,4
LATE,511,2,0,3,true,1,1,false,1000,3,3,0,0,0,4
REGION,511,2,0,3,true,1,1,false,1000,3,3,3,4
LATE,511,2,0,3,true,1,1,true,10,3,3,0,0,0,4
REGION,511,2,0,3,true,1,1,true,10,3,3,3,4
LATE,511,2,0,3,true,1,1,true,1000,3,3,0,0,0,4
REGION,511,2,0,3,true,1,1,true,1000,3,3,3,4
LATE,511,2,0,3,true,3,3,false,10,9,9,3,0,0,16
REGION,511,2,0,3,true,3,3,false,10,9,9,9,16
LATE,511,2,0,3,true,3,3,false,1000,9,9,3,0,0,16
REGION,511,2,0,3,true,3,3,false,1000,9,9,9,16
LATE,511,2,0,3,true,3,3,true,10,5,5,1,0,0,8
REGION,511,2,0,3,true,3,3,true,10,5,5,5,8
LATE,511,2,0,3,true,3,3,true,1000,5,5,1,0,0,8
REGION,511,2,0,3,true,3,3,true,1000,5,5,5,8
LATE,511,2,0,3,true,7,7,false,10,19,19,8,0,0,36
REGION,511,2,0,3,true,7,7,false,10,19,19,19,36
LATE,511,2,0,3,true,7,7,false,1000,19,19,8,0,0,36
REGION,511,2,0,3,true,7,7,false,1000,19,19,19,36
LATE,511,2,0,3,true,7,7,true,10,7,7,2,0,0,12
REGION,511,2,0,3,true,7,7,true,10,7,7,7,12
LATE,511,2,0,3,true,7,7,true,1000,7,7,2,0,0,12
REGION,511,2,0,3,true,7,7,true,1000,7,7,7,12
LATE,511,2,0,3,true,1,4,false,10,3,3,0,0,0,4
REGION,511,2,0,3,true,1,4,false,10,3,3,3,4
LATE,511,2,0,3,true,1,4,false,1000,3,3,0,0,0,4
REGION,511,2,0,3,true,1,4,false,1000,3,3,3,4
LATE,511,2,0,3,true,1,4,true,10,0,0,0,0,0,0
REGION,511,2,0,3,true,1,4,true,10,0,0,0,0
LATE,511,2,0,3,true,1,4,true,1000,0,0,0,0,0,0
REGION,511,2,0,3,true,1,4,true,1000,0,0,0,0
LATE,511,2,0,3,true,4,1,false,10,3,3,0,0,0,4
REGION,511,2,0,3,true,4,1,false,10,3,3,3,4
LATE,511,2,0,3,true,4,1,false,1000,3,3,0,0,0,4
REGION,511,2,0,3,true,4,1,false,1000,3,3,3,4
LATE,511,2,0,3,true,4,1,true,10,0,0,0,0,0,0
REGION,511,2,0,3,true,4,1,true,10,0,0,0,0
LATE,511,2,0,3,true,4,1,true,1000,0,0,0,0,0,0
REGION,511,2,0,3,true,4,1,true,1000,0,0,0,0
LATE,511,2,1,1,false,1,1,false,10,3,3,0,0,0,4
REGION,511,2,1,1,false,1,1,false,10,3,3,3,4
LATE,511,2,1,1,false,1,1,false,1000,3,3,0,0,0,4
REGION,511,2,1,1,false,1,1,false,1000,3,3,3,4
LATE,511,2,1,1,false,1,1,true,10,3,3,0,0,0,4
REGION,511,2,1,1,false,1,1,true,10,3,3,3,4
LATE,511,2,1,1,false,1,1,true,1000,3,3,0,0,0,4
REGION,511,2,1,1,false,1,1,true,1000,3,3,3,4
LATE,511,2,1,1,false,3,3,false,10,9,9,3,0,0,16
REGION,511,2,1,1,false,3,3,false,10,9,9,9,16
LATE,511,2,1,1,false,3,3,false,1000,9,9,3,0,0,16
REGION,511,2,1,1,false,3,3,false,1000,9,9,9,16
LATE,511,2,1,1,false,3,3,true,10,5,5,1,0,0,8
REGION,511,2,1,1,false,3,3,true,10,5,5,5,8
LATE,511,2,1,1,false,3,3,true,1000,5,5,1,0,0,8
REGION,511,2,1,1,false,3,3,true,1000,5,5,5,8
LATE,511,2,1,1,false,7,7,false,10,19,19,8,0,0,36
REGION,511,2,1,1,false,7,7,false,10,19,19,19,36
LATE,511,2,1,1,false,7,7,false,1000,19,19,8,0,0,36
REGION,511,2,1,1,false,7,7,false,1000,19,19,19,36
LATE,511,2,1,1,false,7,7,true,10,7,7,2,0,0,12
REGION,511,2,1,1,false,7,7,true,10,7,7,7,12
LATE,511,2,1,1,false,7,7,true,1000,7,7,2,0,0,12
REGION,511,2,1,1,false,7,7,true,1000,7,7,7,12
LATE,511,2,1,1,false,1,4,false,10,3,3,0,0,0,4
REGION,511,2,1,1,false,1,4,false,10,3,3,3,4
LATE,511,2,1,1,false,1,4,false,1000,3,3,0,0,0,4
REGION,511,2,1,1,false,1,4,false,1000,3,3,3,4
LATE,511,2,1,1,false,1,4,true,10,0,0,0,0,0,0
REGION,511,2,1,1,false,1,4,true,10,0,0,0,0
LATE,511,2,1,1,false,1,4,true,1000,0,0,0,0,0,0
REGION,511,2,1,1,false,1,4,true,1000,0,0,0,0
LATE,511,2,1,1,false,4,1,false,10,3,3,0,0,0,4
REGION,511,2,1,1,false,4,1,false,10,3,3,3,4
LATE,511,2,1,1,false,4,1,false,1000,3,3,0,0,0,4
REGION,511,2,1,1,false,4,1,false,1000,3,3,3,4
LATE,511,2,1,1,false,4,1,true,10,0,0,0,0,0,0
REGION,511,2,1,1,false,4,1,true,10,0,0,0,0
LATE,511,2,1,1,false,4,1,true,1000,0,0,0,0,0,0
REGION,511,2,1,1,false,4,1,true,1000,0,0,0,0
LATE,511,2,1,1,true,1,1,false,10,3,3,0,0,0,4
REGION,511,2,1,1,true,1,1,false,10,3,3,3,4
LATE,511,2,1,1,true,1,1,false,1000,3,3,0,0,0,4
REGION,511,2,1,1,true,1,1,false,1000,3,3,3,4
LATE,511,2,1,1,true,1,1,true,10,3,3,0,0,0,4
REGION,511,2,1,1,true,1,1,true,10,3,3,3,4
LATE,511,2,1,1,true,1,1,true,1000,3,3,0,0,0,4
REGION,511,2,1,1,true,1,1,true,1000,3,3,3,4
LATE,511,2,1,1,true,3,3,false,10,9,9,3,0,0,16
REGION,511,2,1,1,true,3,3,false,10,9,9,9,16
LATE,511,2,1,1,true,3,3,false,1000,9,9,3,0,0,16
REGION,511,2,1,1,true,3,3,false,1000,9,9,9,16
LATE,511,2,1,1,true,3,3,true,10,5,5,1,0,0,8
REGION,511,2,1,1,true,3,3,true,10,5,5,5,8
LATE,511,2,1,1,true,3,3,true,1000,5,5,1,0,0,8
REGION,511,2,1,1,true,3,3,true,1000,5,5,5,8
LATE,511,2,1,1,true,7,7,false,10,19,19,8,0,0,36
REGION,511,2,1,1,true,7,7,false,10,19,19,19,36
LATE,511,2,1,1,true,7,7,false,1000,19,19,8,0,0,36
REGION,511,2,1,1,true,7,7,false,1000,19,19,19,36
LATE,511,2,1,1,true,7,7,true,10,7,7,2,0,0,12
REGION,511,2,1,1,true,7,7,true,10,7,7,7,12
LATE,511,2,1,1,true,7,7,true,1000,7,7,2,0,0,12
REGION,511,2,1,1,true,7,7,true,1000,7,7,7,12
LATE,511,2,1,1,true,1,4,false,10,3,3,0,0,0,4
REGION,511,2,1,1,true,1,4,false,10,3,3,3,4
LATE,511,2,1,1,true,1,4,false,1000,3,3,0,0,0,4
REGION,511,2,1,1,true,1,4,false,1000,3,3,3,4
LATE,511,2,1,1,true,1,4,true,10,0,0,0,0,0,0
REGION,511,2,1,1,true,1,4,true,10,0,0,0,0
LATE,511,2,1,1,true,1,4,true,1000,0,0,0,0,0,0
REGION,511,2,1,1,true,1,4,true,1000,0,0,0,0
LATE,511,2,1,1,true,4,1,false,10,3,3,0,0,0,4
REGION,511,2,1,1,true,4,1,false,10,3,3,3,4
LATE,511,2,1,1,true,4,1,false,1000,3,3,0,0,0,4
REGION,511,2,1,1,true,4,1,false,1000,3,3,3,4
LATE,511,2,1,1,true,4,1,true,10,0,0,0,0,0,0
REGION,511,2,1,1,true,4,1,true,10,0,0,0,0
LATE,511,2,1,1,true,4,1,true,1000,0,0,0,0,0,0
REGION,511,2,1,1,true,4,1,true,1000,0,0,0,0
LATE,511,2,1,3,false,1,1,false,10,3,3,0,0,0,4
REGION,511,2,1,3,false,1,1,false,10,3,3,3,4
LATE,511,2,1,3,false,1,1,false,1000,3,3,0,0,0,4
REGION,511,2,1,3,false,1,1,false,1000,3,3,3,4
LATE,511,2,1,3,false,1,1,true,10,3,3,0,0,0,4
REGION,511,2,1,3,false,1,1,true,10,3,3,3,4
LATE,511,2,1,3,false,1,1,true,1000,3,3,0,0,0,4
REGION,511,2,1,3,false,1,1,true,1000,3,3,3,4
LATE,511,2,1,3,false,3,3,false,10,9,9,3,0,0,16
REGION,511,2,1,3,false,3,3,false,10,9,9,9,16
LATE,511,2,1,3,false,3,3,false,1000,9,9,3,0,0,16
REGION,511,2,1,3,false,3,3,false,1000,9,9,9,16
LATE,511,2,1,3,false,3,3,true,10,5,5,1,0,0,8
REGION,511,2,1,3,false,3,3,true,10,5,5,5,8
LATE,511,2,1,3,false,3,3,true,1000,5,5,1,0,0,8
REGION,511,2,1,3,false,3,3,true,1000,5,5,5,8
LATE,511,2,1,3,false,7,7,false,10,19,19,8,0,0,36
REGION,511,2,1,3,false,7,7,false,10,19,19,19,36
LATE,511,2,1,3,false,7,7,false,1000,19,19,8,0,0,36
REGION,511,2,1,3,false,7,7,false,1000,19,19,19,36
LATE,511,2,1,3,false,7,7,true,10,7,7,2,0,0,12
REGION,511,2,1,3,false,7,7,true,10,7,7,7,12
LATE,511,2,1,3,false,7,7,true,1000,7,7,2,0,0,12
REGION,511,2,1,3,false,7,7,true,1000,7,7,7,12
LATE,511,2,1,3,false,1,4,false,10,3,3,0,0,0,4
REGION,511,2,1,3,false,1,4,false,10,3,3,3,4
LATE,511,2,1,3,false,1,4,false,1000,3,3,0,0,0,4
REGION,511,2,1,3,false,1,4,false,1000,3,3,3,4
LATE,511,2,1,3,false,1,4,true,10,0,0,0,0,0,0
REGION,511,2,1,3,false,1,4,true,10,0,0,0,0
LATE,511,2,1,3,false,1,4,true,1000,0,0,0,0,0,0
REGION,511,2,1,3,false,1,4,true,1000,0,0,0,0
LATE,511,2,1,3,false,4,1,false,10,3,3,0,0,0,4
REGION,511,2,1,3,false,4,1,false,10,3,3,3,4
LATE,511,2,1,3,false,4,1,false,1000,3,3,0,0,0,4
REGION,511,2,1,3,false,4,1,false,1000,3,3,3,4
LATE,511,2,1,3,false,4,1,true,10,0,0,0,0,0,0
REGION,511,2,1,3,false,4,1,true,10,0,0,0,0
LATE,511,2,1,3,false,4,1,true,1000,0,0,0,0,0,0
REGION,511,2,1,3,false,4,1,true,1000,0,0,0,0
LATE,511,2,1,3,true,1,1,false,10,3,3,0,0,0,4
REGION,511,2,1,3,true,1,1,false,10,3,3,3,4
LATE,511,2,1,3,true,1,1,false,1000,3,3,0,0,0,4
REGION,511,2,1,3,true,1,1,false,1000,3,3,3,4
LATE,511,2,1,3,true,1,1,true,10,3,3,0,0,0,4
REGION,511,2,1,3,true,1,1,true,10,3,3,3,4
LATE,511,2,1,3,true,1,1,true,1000,3,3,0,0,0,4
REGION,511,2,1,3,true,1,1,true,1000,3,3,3,4
LATE,511,2,1,3,true,3,3,false,10,9,9,3,0,0,16
REGION,511,2,1,3,true,3,3,false,10,9,9,9,16
LATE,511,2,1,3,true,3,3,false,1000,9,9,3,0,0,16
REGION,511,2,1,3,true,3,3,false,1000,9,9,9,16
LATE,511,2,1,3,true,3,3,true,10,5,5,1,0,0,8
REGION,511,2,1,3,true,3,3,true,10,5,5,5,8
LATE,511,2,1,3,true,3,3,true,1000,5,5,1,0,0,8
REGION,511,2,1,3,true,3,3,true,1000,5,5,5,8
LATE,511,2,1,3,true,7,7,false,10,19,19,8,0,0,36
REGION,511,2,1,3,true,7,7,false,10,19,19,19,36
LATE,511,2,1,3,true,7,7,false,1000,19,19,8,0,0,36
REGION,511,2,1,3,true,7,7,false,1000,19,19,19,36
LATE,511,2,1,3,true,7,7,true,10,7,7,2,0,0,12
REGION,511,2,1,3,true,7,7,true,10,7,7,7,12
LATE,511,2,1,3,true,7,7,true,1000,7,7,2,0,0,12
REGION,511,2,1,3,true,7,7,true,1000,7,7,7,12
LATE,511,2,1,3,true,1,4,false,10,3,3,0,0,0,4
REGION,511,2,1,3,true,1,4,false,10,3,3,3,4
LATE,511,2,1,3,true,1,4,false,1000,3,3,0,0,0,4
REGION,511,2,1,3,true,1,4,false,1000,3,3,3,4
LATE,511,2,1,3,true,1,4,true,10,0,0,0,0,0,0
REGION,511,2,1,3,true,1,4,true,10,0,0,0,0
LATE,511,2,1,3,true,1,4,true,1000,0,0,0,0,0,0
REGION,511,2,1,3,true,1,4,true,1000,0,0,0,0
LATE,511,2,1,3,true,4,1,false,10,3,3,0,0,0,4
REGION,511,2,1,3,true,4,1,false,10,3,3,3,4
LATE,511,2,1,3,true,4,1,false,1000,3,3,0,0,0,4
REGION,511,2,1,3,true,4,1,false,1000,3,3,3,4
LATE,511,2,1,3,true,4,1,true,10,0,0,0,0,0,0
REGION,511,2,1,3,true,4,1,true,10,0,0,0,0
LATE,511,2,1,3,true,4,1,true,1000,0,0,0,0,0,0
REGION,511,2,1,3,true,4,1,true,1000,0,0,0,0
LATE,511,2,4,1,false,1,1,false,10,3,3,0,0,0,4
REGION,511,2,4,1,false,1,1,false,10,3,3,3,4
LATE,511,2,4,1,false,1,1,false,1000,3,3,0,0,0,4
REGION,511,2,4,1,false,1,1,false,1000,3,3,3,4
LATE,511,2,4,1,false,1,1,true,10,3,3,0,0,0,4
REGION,511,2,4,1,false,1,1,true,10,3,3,3,4
LATE,511,2,4,1,false,1,1,true,1000,3,3,0,0,0,4
REGION,511,2,4,1,false,1,1,true,1000,3,3,3,4
LATE,511,2,4,1,false,3,3,false,10,9,9,3,0,0,16
REGION,511,2,4,1,false,3,3,false,10,9,9,9,16
LATE,511,2,4,1,false,3,3,false,1000,9,9,3,0,0,16
REGION,511,2,4,1,false,3,3,false,1000,9,9,9,16
LATE,511,2,4,1,false,3,3,true,10,5,5,1,0,0,8
REGION,511,2,4,1,false,3,3,true,10,5,5,5,8
LATE,511,2,4,1,false,3,3,true,1000,5,5,1,0,0,8
REGION,511,2,4,1,false,3,3,true,1000,5,5,5,8
LATE,511,2,4,1,false,7,7,false,10,19,19,8,0,0,36
REGION,511,2,4,1,false,7,7,false,10,19,19,19,36
LATE,511,2,4,1,false,7,7,false,1000,19,19,8,0,0,36
REGION,511,2,4,1,false,7,7,false,1000,19,19,19,36
LATE,511,2,4,1,false,7,7,true,10,7,7,2,0,0,12
REGION,511,2,4,1,false,7,7,true,10,7,7,7,12
LATE,511,2,4,1,false,7,7,true,1000,7,7,2,0,0,12
REGION,511,2,4,1,false,7,7,true,1000,7,7,7,12
LATE,511,2,4,1,false,1,4,false,10,3,3,0,0,0,4
REGION,511,2,4,1,false,1,4,false,10,3,3,3,4
LATE,511,2,4,1,false,1,4,false,1000,3,3,0,0,0,4
REGION,511,2,4,1,false,1,4,false,1000,3,3,3,4
LATE,511,2,4,1,false,1,4,true,10,0,0,0,0,0,0
REGION,511,2,4,1,false,1,4,true,10,0,0,0,0
LATE,511,2,4,1,false,1,4,true,1000,0,0,0,0,0,0
REGION,511,2,4,1,false,1,4,true,1000,0,0,0,0
LATE,511,2,4,1,false,4,1,false,10,3,3,0,0,0,4
REGION,511,2,4,1,false,4,1,false,10,3,3,3,4
LATE,511,2,4,1,false,4,1,false,1000,3,3,0,0,0,4
REGION,511,2,4,1,false,4,1,false,1000,3,3,3,4
LATE,511,2,4,1,false,4,1,true,10,0,0,0,0,0,0
REGION,511,2,4,1,false,4,1,true,10,0,0,0,0
LATE,511,2,4,1,false,4,1,true,1000,0,0,0,0,0,0
REGION,511,2,4,1,false,4,1,true,1000,0,0,0,0
LATE,511,2,4,1,true,1,1,false,10,3,3,0,0,0,4
REGION,511,2,4,1,true,1,1,false,10,3,3,3,4
LATE,511,2,4,1,true,1,1,false,1000,3,3,0,0,0,4
REGION,511,2,4,1,true,1,1,false,1000,3,3,3,4
LATE,511,2,4,1,true,1,1,true,10,3,3,0,0,0,4
REGION,511,2,4,1,true,1,1,true,10,3,3,3,4
LATE,511,2,4,1,true,1,1,true,1000,3,3,0,0,0,4
REGION,511,2,4,1,true,1,1,true,1000,3,3,3,4
LATE,511,2,4,1,true,3,3,false,10,9,9,3,0,0,16
REGION,511,2,4,1,true,3,3,false,10,9,9,9,16
LATE,511,2,4,1,true,3,3,false,1000,9,9,3,0,0,16
REGION,511,2,4,1,true,3,3,false,1000,9,9,9,16
LATE,511,2,4,1,true,3,3,true,10,5,5,1,0,0,8
REGION,511,2,4,1,true,3,3,true,10,5,5,5,8
LATE,511,2,4,1,true,3,3,true,1000,5,5,1,0,0,8
REGION,511,2,4,1,true,3,3,true,1000,5,5,5,8
LATE,511,2,4,1,true,7,7,false,10,19,19,8,0,0,36
REGION,511,2,4,1,true,7,7,false,10,19,19,19,36
LATE,511,2,4,1,true,7,7,false,1000,19,19,8,0,0,36
REGION,511,2,4,1,true,7,7,false,1000,19,19,19,36
LATE,511,2,4,1,true,7,7,true,10,7,7,2,0,0,12
REGION,511,2,4,1,true,7,7,true,10,7,7,7,12
LATE,511,2,4,1,true,7,7,true,1000,7,7,2,0,0,12
REGION,511,2,4,1,true,7,7,true,1000,7,7,7,12
LATE,511,2,4,1,true,1,4,false,10,3,3,0,0,0,4
REGION,511,2,4,1,true,1,4,false,10,3,3,3,4
LATE,511,2,4,1,true,1,4,false,1000,3,3,0,0,0,4
REGION,511,2,4,1,true,1,4,false,1000,3,3,3,4
LATE,511,2,4,1,true,1,4,true,10,0,0,0,0,0,0
REGION,511,2,4,1,true,1,4,true,10,0,0,0,0
LATE,511,2,4,1,true,1,4,true,1000,0,0,0,0,0,0
REGION,511,2,4,1,true,1,4,true,1000,0,0,0,0
LATE,511,2,4,1,true,4,1,false,10,3,3,0,0,0,4
REGION,511,2,4,1,true,4,1,false,10,3,3,3,4
LATE,511,2,4,1,true,4,1,false,1000,3,3,0,0,0,4
REGION,511,2,4,1,true,4,1,false,1000,3,3,3,4
LATE,511,2,4,1,true,4,1,true,10,0,0,0,0,0,0
REGION,511,2,4,1,true,4,1,true,10,0,0,0,0
LATE,511,2,4,1,true,4,1,true,1000,0,0,0,0,0,0
REGION,511,2,4,1,true,4,1,true,1000,0,0,0,0
LATE,511,2,4,3,false,1,1,false,10,3,3,0,0,0,4
REGION,511,2,4,3,false,1,1,false,10,3,3,3,4
LATE,511,2,4,3,false,1,1,false,1000,3,3,0,0,0,4
REGION,511,2,4,3,false,1,1,false,1000,3,3,3,4
LATE,511,2,4,3,false,1,1,true,10,3,3,0,0,0,4
REGION,511,2,4,3,false,1,1,true,10,3,3,3,4
LATE,511,2,4,3,false,1,1,true,1000,3,3,0,0,0,4
REGION,511,2,4,3,false,1,1,true,1000,3,3,3,4
LATE,511,2,4,3,false,3,3,false,10,9,9,3,0,0,16
REGION,511,2,4,3,false,3,3,false,10,9,9,9,16
LATE,511,2,4,3,false,3,3,false,1000,9,9,3,0,0,16
REGION,511,2,4,3,false,3,3,false,1000,9,9,9,16
LATE,511,2,4,3,false,3,3,true,10,5,5,1,0,0,8
REGION,511,2,4,3,false,3,3,true,10,5,5,5,8
LATE,511,2,4,3,false,3,3,true,1000,5,5,1,0,0,8
REGION,511,2,4,3,false,3,3,true,1000,5,5,5,8
LATE,511,2,4,3,false,7,7,false,10,19,19,8,0,0,36
REGION,511,2,4,3,false,7,7,false,10,19,19,19,36
LATE,511,2,4,3,false,7,7,false,1000,19,19,8,0,0,36
REGION,511,2,4,3,false,7,7,false,1000,19,19,19,36
LATE,511,2,4,3,false,7,7,true,10,7,7,2,0,0,12
REGION,511,2,4,3,false,7,7,true,10,7,7,7,12
LATE,511,2,4,3,false,7,7,true,1000,7,7,2,0,0,12
REGION,511,2,4,3,false,7,7,true,1000,7,7,7,12
LATE,511,2,4,3,false,1,4,false,10,3,3,0,0,0,4
REGION,511,2,4,3,false,1,4,false,10,3,3,3,4
LATE,511,2,4,3,false,1,4,false,1000,3,3,0,0,0,4
REGION,511,2,4,3,false,1,4,false,1000,3,3,3,4
LATE,511,2,4,3,false,1,4,true,10,0,0,0,0,0,0
REGION,511,2,4,3,false,1,4,true,10,0,0,0,0
LATE,511,2,4,3,false,1,4,true,1000,0,0,0,0,0,0
REGION,511,2,4,3,false,1,4,true,1000,0,0,0,0
LATE,511,2,4,3,false,4,1,false,10,3,3,0,0,0,4
REGION,511,2,4,3,false,4,1,false,10,3,3,3,4
LATE,511,2,4,3,false,4,1,false,1000,3,3,0,0,0,4
REGION,511,2,4,3,false,4,1,false,1000,3,3,3,4
LATE,511,2,4,3,false,4,1,true,10,0,0,0,0,0,0
REGION,511,2,4,3,false,4,1,true,10,0,0,0,0
LATE,511,2,4,3,false,4,1,true,1000,0,0,0,0,0,0
REGION,511,2,4,3,false,4,1,true,1000,0,0,0,0
LATE,511,2,4,3,true,1,1,false,10,3,3,0,0,0,4
REGION,511,2,4,3,true,1,1,false,10,3,3,3,4
LATE,511,2,4,3,true,1,1,false,1000,3,3,0,0,0,4
REGION,511,2,4,3,true,1,1,false,1000,3,3,3,4
LATE,511,2,4,3,true,1,1,true,10,3,3,0,0,0,4
REGION,511,2,4,3,true,1,1,true,10,3,3,3,4
LATE,511,2,4,3,true,1,1,true,1000,3,3,0,0,0,4
REGION,511,2,4,3,true,1,1,true,1000,3,3,3,4
LATE,511,2,4,3,true,3,3,false,10,9,9,3,0,0,16
REGION,511,2,4,3,true,3,3,false,10,9,9,9,16
LATE,511,2,4,3,true,3,3,false,1000,9,9,3,0,0,16
REGION,511,2,4,3,true,3,3,false,1000,9,9,9,16
LATE,511,2,4,3,true,3,3,true,10,5,5,1,0,0,8
REGION,511,2,4,3,true,3,3,true,10,5,5,5,8
LATE,511,2,4,3,true,3,3,true,1000,5,5,1,0,0,8
REGION,511,2,4,3,true,3,3,true,1000,5,5,5,8
LATE,511,2,4,3,true,7,7,false,10,19,19,8,0,0,36
REGION,511,2,4,3,true,7,7,false,10,19,19,19,36
LATE,511,2,4,3,true,7,7,false,1000,19,19,8,0,0,36
REGION,511,2,4,3,true,7,7,false,1000,19,19,19,36
LATE,511,2,4,3,true,7,7,true,10,7,7,2,0,0,12
REGION,511,2,4,3,true,7,7,true,10,7,7,7,12
LATE,511,2,4,3,true,7,7,true,1000,7,7,2,0,0,12
REGION,511,2,4,3,true,7,7,true,1000,7,7,7,12
LATE,511,2,4,3,true,1,4,false,10,3,3,0,0,0,4
REGION,511,2,4,3,true,1,4,false,10,3,3,3,4
LATE,511,2,4,3,true,1,4,false,1000,3,3,0,0,0,4
REGION,511,2,4,3,true,1,4,false,1000,3,3,3,4
LATE,511,2,4,3,true,1,4,true,10,0,0,0,0,0,0
REGION,511,2,4,3,true,1,4,true,10,0,0,0,0
LATE,511,2,4,3,true,1,4,true,1000,0,0,0,0,0,0
REGION,511,2,4,3,true,1,4,true,1000,0,0,0,0
LATE,511,2,4,3,true,4,1,false,10,3,3,0,0,0,4
REGION,511,2,4,3,true,4,1,false,10,3,3,3,4
LATE,511,2,4,3,true,4,1,false,1000,3,3,0,0,0,4
REGION,511,2,4,3,true,4,1,false,1000,3,3,3,4
LATE,511,2,4,3,true,4,1,true,10,0,0,0,0,0,0
REGION,511,2,4,3,true,4,1,true,10,0,0,0,0
LATE,511,2,4,3,true,4,1,true,1000,0,0,0,0,0,0
REGION,511,2,4,3,true,4,1,true,1000,0,0,0,0
SUMMARY,seeds=96,queries=1920,step_savings=266,unchanged_steps=1640
test independent_domain_alias_weight_and_caller_matrix ... ok

test result: ok. 11 passed; 0 failed; 0 ignored; 0 measured; 0 filtered out; finished in 4.48s

     Running tests/finite_phase_gate.rs (target/debug/deps/finite_phase_gate-bbd0d64a41c21131)

running 11 tests
test interference_and_unsupported_source_fail_admission ... ok
test source_names_and_unknown_recursive_boundaries_are_checked ... ok
test caller_can_observe_bindings_and_start_another_phase ... ok
test suspension_and_all_limits_are_explicit_without_partial_answers ... ok
test complement_partition_preserves_later_cases_and_unknown_outputs ... ok
test repeated_choice_factors_preserve_raw_multiplicity ... ok
test equality_can_merge_domains_and_constructor_outputs_without_capture ... ok
test finite_phase_service_can_cancel_without_publishing_partial_answers ... ok
selective_64_steps=322 partitions=64
test source_rules_drive_selective_solving_and_caller_resumption ... ok
relation_configurations=64
test source_derived_relations_handle_names_values_aliases_and_priority ... ok
arrival_configurations=224
test entire_arrival_matrix_has_independent_complete_answers ... ok

test result: ok. 11 passed; 0 failed; 0 ignored; 0 measured; 0 filtered out; finished in 0.41s

